[2026-04-29T03:49:09.140Z] {"timestamp":1777434548155,"kind":"scroll","url":"http://localhost:3000/","viewport":{"width":1440,"height":812},"payload":{"scrollX":0,"scrollY":1,"documentHeight":9667,"viewportHeight":812}}
[2026-04-29T03:49:09.140Z] {"timestamp":1777434548665,"kind":"scroll","url":"http://localhost:3000/","viewport":{"width":1440,"height":812},"payload":{"scrollX":0,"scrollY":1414,"documentHeight":9667,"viewportHeight":812}}
[2026-04-29T03:49:11.138Z] {"timestamp":1777434549165,"kind":"scroll","url":"http://localhost:3000/","viewport":{"width":1440,"height":812},"payload":{"scrollX":0,"scrollY":638,"documentHeight":9667,"viewportHeight":812}}
[2026-04-29T03:49:11.139Z] {"timestamp":1777434549721,"kind":"scroll","url":"http://localhost:3000/","viewport":{"width":1440,"height":812},"payload":{"scrollX":0,"scrollY":1920,"documentHeight":9667,"viewportHeight":812}}
[2026-04-29T03:49:11.139Z] {"timestamp":1777434550232,"kind":"scroll","url":"http://localhost:3000/","viewport":{"width":1440,"height":812},"payload":{"scrollX":0,"scrollY":2163,"documentHeight":9667,"viewportHeight":812}}
[2026-04-29T03:49:11.139Z] {"timestamp":1777434550732,"kind":"scroll","url":"http://localhost:3000/","viewport":{"width":1440,"height":812},"payload":{"scrollX":0,"scrollY":2188,"documentHeight":9667,"viewportHeight":812}}
[2026-04-29T03:49:13.140Z] {"timestamp":1777434551266,"kind":"scroll","url":"http://localhost:3000/","viewport":{"width":1440,"height":812},"payload":{"scrollX":0,"scrollY":1970,"documentHeight":9667,"viewportHeight":812}}
[2026-04-29T03:49:13.140Z] {"timestamp":1777434551768,"kind":"scroll","url":"http://localhost:3000/","viewport":{"width":1440,"height":812},"payload":{"scrollX":0,"scrollY":3156,"documentHeight":9667,"viewportHeight":812}}
[2026-04-29T03:49:13.140Z] {"timestamp":1777434552282,"kind":"scroll","url":"http://localhost:3000/","viewport":{"width":1440,"height":812},"payload":{"scrollX":0,"scrollY":3664,"documentHeight":9667,"viewportHeight":812}}
[2026-04-29T03:49:13.140Z] {"timestamp":1777434552782,"kind":"scroll","url":"http://localhost:3000/","viewport":{"width":1440,"height":812},"payload":{"scrollX":0,"scrollY":4894,"documentHeight":9667,"viewportHeight":812}}
[2026-04-29T03:49:15.140Z] {"timestamp":1777434553282,"kind":"scroll","url":"http://localhost:3000/","viewport":{"width":1440,"height":812},"payload":{"scrollX":0,"scrollY":5366,"documentHeight":9667,"viewportHeight":812}}
[2026-04-29T03:49:15.140Z] {"timestamp":1777434553782,"kind":"scroll","url":"http://localhost:3000/","viewport":{"width":1440,"height":812},"payload":{"scrollX":0,"scrollY":6360,"documentHeight":9667,"viewportHeight":812}}
[2026-04-29T03:49:15.140Z] {"timestamp":1777434554282,"kind":"scroll","url":"http://localhost:3000/","viewport":{"width":1440,"height":812},"payload":{"scrollX":0,"scrollY":7467,"documentHeight":9667,"viewportHeight":812}}
[2026-04-29T03:49:15.140Z] {"timestamp":1777434554798,"kind":"scroll","url":"http://localhost:3000/","viewport":{"width":1440,"height":812},"payload":{"scrollX":0,"scrollY":8788,"documentHeight":9667,"viewportHeight":812}}
[2026-04-29T03:49:17.138Z] {"timestamp":1777434555472,"kind":"scroll","url":"http://localhost:3000/","viewport":{"width":1440,"height":812},"payload":{"scrollX":0,"scrollY":8854,"documentHeight":9667,"viewportHeight":812}}
[2026-04-29T03:49:17.138Z] {"timestamp":1777434556038,"kind":"scroll","url":"http://localhost:3000/","viewport":{"width":1440,"height":812},"payload":{"scrollX":0,"scrollY":6141,"documentHeight":9667,"viewportHeight":812}}
[2026-04-29T03:49:17.138Z] {"timestamp":1777434556548,"kind":"scroll","url":"http://localhost:3000/","viewport":{"width":1440,"height":812},"payload":{"scrollX":0,"scrollY":4520,"documentHeight":9667,"viewportHeight":812}}
[2026-04-29T03:49:17.138Z] {"timestamp":1777434557048,"kind":"scroll","url":"http://localhost:3000/","viewport":{"width":1440,"height":812},"payload":{"scrollX":0,"scrollY":2818,"documentHeight":9667,"viewportHeight":812}}
[2026-04-29T03:49:19.139Z] {"timestamp":1777434557548,"kind":"scroll","url":"http://localhost:3000/","viewport":{"width":1440,"height":812},"payload":{"scrollX":0,"scrollY":3414,"documentHeight":9667,"viewportHeight":812}}
[2026-04-29T03:49:19.139Z] {"timestamp":1777434558048,"kind":"scroll","url":"http://localhost:3000/","viewport":{"width":1440,"height":812},"payload":{"scrollX":0,"scrollY":6654,"documentHeight":9667,"viewportHeight":812}}
[2026-04-29T03:49:21.897Z] {"timestamp":1777434559311,"kind":"focusin","url":"http://localhost:3000/","viewport":{"width":1440,"height":812},"payload":{"target":{"tag":"a","id":null,"name":null,"type":null,"role":null,"ariaLabel":"GitHub","testId":null,"dataLoc":"client/src/components/Footer.tsx:138","href":"https://github.com","text":"","selectorHint":"[data-loc=\"client/src/components/Footer.tsx:138\"]"}}}
[2026-04-29T03:49:21.898Z] {"timestamp":1777434559408,"kind":"click","url":"http://localhost:3000/","viewport":{"width":1440,"height":812},"payload":{"target":{"tag":"a","id":null,"name":null,"type":null,"role":null,"ariaLabel":"GitHub","testId":null,"dataLoc":"client/src/components/Footer.tsx:138","href":"https://github.com","text":"","selectorHint":"[data-loc=\"client/src/components/Footer.tsx:138\"]"},"x":1056,"y":483}}
[2026-04-29T03:49:21.898Z] {"timestamp":1777434559458,"kind":"focusout","url":"http://localhost:3000/","viewport":{"width":1440,"height":812},"payload":{"target":{"tag":"a","id":null,"name":null,"type":null,"role":null,"ariaLabel":"GitHub","testId":null,"dataLoc":"client/src/components/Footer.tsx:138","href":"https://github.com","text":"","selectorHint":"[data-loc=\"client/src/components/Footer.tsx:138\"]"},"value":null}}
[2026-04-29T03:49:23.140Z] {"timestamp":1777434562203,"kind":"focusin","url":"http://localhost:3000/","viewport":{"width":1440,"height":812},"payload":{"target":{"tag":"a","id":null,"name":null,"type":null,"role":null,"ariaLabel":"GitHub","testId":null,"dataLoc":"client/src/components/Footer.tsx:138","href":"https://github.com","text":"","selectorHint":"[data-loc=\"client/src/components/Footer.tsx:138\"]"}}}
[2026-04-29T03:49:23.140Z] {"timestamp":1777434562999,"kind":"scroll","url":"http://localhost:3000/","viewport":{"width":1440,"height":812},"payload":{"scrollX":0,"scrollY":8828.5,"documentHeight":9667,"viewportHeight":812}}
[2026-04-29T03:49:25.142Z] {"timestamp":1777434563498,"kind":"scroll","url":"http://localhost:3000/","viewport":{"width":1440,"height":812},"payload":{"scrollX":0,"scrollY":6332.5,"documentHeight":9667,"viewportHeight":812}}
[2026-04-29T03:49:25.142Z] {"timestamp":1777434563998,"kind":"scroll","url":"http://localhost:3000/","viewport":{"width":1440,"height":812},"payload":{"scrollX":0,"scrollY":4880.5,"documentHeight":9667,"viewportHeight":812}}
[2026-04-29T03:49:25.142Z] {"timestamp":1777434564498,"kind":"scroll","url":"http://localhost:3000/","viewport":{"width":1440,"height":812},"payload":{"scrollX":0,"scrollY":2553.5,"documentHeight":9667,"viewportHeight":812}}
[2026-04-29T03:49:25.142Z] {"timestamp":1777434564998,"kind":"scroll","url":"http://localhost:3000/","viewport":{"width":1440,"height":812},"payload":{"scrollX":0,"scrollY":0,"documentHeight":9667,"viewportHeight":812}}
[2026-04-29T03:49:27.140Z] {"timestamp":1777434566225,"kind":"focusout","url":"http://localhost:3000/","viewport":{"width":1440,"height":812},"payload":{"target":{"tag":"a","id":null,"name":null,"type":null,"role":null,"ariaLabel":"GitHub","testId":null,"dataLoc":"client/src/components/Footer.tsx:138","href":"https://github.com","text":"","selectorHint":"[data-loc=\"client/src/components/Footer.tsx:138\"]"},"value":null}}
[2026-04-29T03:49:27.140Z] {"timestamp":1777434566225,"kind":"focusin","url":"http://localhost:3000/","viewport":{"width":1440,"height":812},"payload":{"target":{"tag":"button","id":null,"name":null,"type":null,"role":null,"ariaLabel":"Toggle theme","testId":null,"dataLoc":"client/src/components/Header.tsx:44","href":null,"text":"","selectorHint":"[data-loc=\"client/src/components/Header.tsx:44\"]"}}}
[2026-04-29T03:49:27.140Z] {"timestamp":1777434566291,"kind":"click","url":"http://localhost:3000/","viewport":{"width":1440,"height":812},"payload":{"target":{"tag":"button","id":null,"name":null,"type":null,"role":null,"ariaLabel":"Toggle theme","testId":null,"dataLoc":"client/src/components/Header.tsx:44","href":null,"text":"","selectorHint":"[data-loc=\"client/src/components/Header.tsx:44\"]"},"x":1313,"y":39}}
[2026-04-29T03:49:27.140Z] {"timestamp":1777434566871,"kind":"scroll","url":"http://localhost:3000/","viewport":{"width":1440,"height":812},"payload":{"scrollX":0,"scrollY":5,"documentHeight":9667,"viewportHeight":812}}
[2026-04-29T03:49:29.139Z] {"timestamp":1777434567482,"kind":"scroll","url":"http://localhost:3000/","viewport":{"width":1440,"height":812},"payload":{"scrollX":0,"scrollY":1053,"documentHeight":9667,"viewportHeight":812}}
[2026-04-29T03:49:29.140Z] {"timestamp":1777434568955,"kind":"scroll","url":"http://localhost:3000/","viewport":{"width":1440,"height":812},"payload":{"scrollX":0,"scrollY":1,"documentHeight":9667,"viewportHeight":812}}
[2026-04-29T03:49:31.138Z] {"timestamp":1777434569467,"kind":"scroll","url":"http://localhost:3000/","viewport":{"width":1440,"height":812},"payload":{"scrollX":0,"scrollY":591,"documentHeight":9667,"viewportHeight":812}}
[2026-04-29T03:49:31.138Z] {"timestamp":1777434569982,"kind":"scroll","url":"http://localhost:3000/","viewport":{"width":1440,"height":812},"payload":{"scrollX":0,"scrollY":1820,"documentHeight":9667,"viewportHeight":812}}
[2026-04-29T03:49:31.138Z] {"timestamp":1777434570498,"kind":"scroll","url":"http://localhost:3000/","viewport":{"width":1440,"height":812},"payload":{"scrollX":0,"scrollY":3628,"documentHeight":9667,"viewportHeight":812}}
[2026-04-29T03:49:31.138Z] {"timestamp":1777434570998,"kind":"scroll","url":"http://localhost:3000/","viewport":{"width":1440,"height":812},"payload":{"scrollX":0,"scrollY":6004,"documentHeight":9667,"viewportHeight":812}}
[2026-04-29T03:49:33.139Z] {"timestamp":1777434571498,"kind":"scroll","url":"http://localhost:3000/","viewport":{"width":1440,"height":812},"payload":{"scrollX":0,"scrollY":5623,"documentHeight":9667,"viewportHeight":812}}
[2026-04-29T03:49:33.139Z] {"timestamp":1777434572005,"kind":"scroll","url":"http://localhost:3000/","viewport":{"width":1440,"height":812},"payload":{"scrollX":0,"scrollY":3798,"documentHeight":9667,"viewportHeight":812}}
[2026-04-29T03:49:33.139Z] {"timestamp":1777434572515,"kind":"scroll","url":"http://localhost:3000/","viewport":{"width":1440,"height":812},"payload":{"scrollX":0,"scrollY":2233,"documentHeight":9667,"viewportHeight":812}}
[2026-04-29T03:49:35.140Z] {"timestamp":1777434574484,"kind":"focusout","url":"http://localhost:3000/","viewport":{"width":1440,"height":812},"payload":{"target":{"tag":"button","id":null,"name":null,"type":null,"role":null,"ariaLabel":"Toggle theme","testId":null,"dataLoc":"client/src/components/Header.tsx:44","href":null,"text":"","selectorHint":"[data-loc=\"client/src/components/Header.tsx:44\"]"},"value":null}}
[2026-05-20T06:24:40.524Z] {"timestamp":1779258280436,"kind":"scroll","url":"http://localhost:3000/","viewport":{"width":1440,"height":778},"payload":{"scrollX":0,"scrollY":11.5,"documentHeight":9633,"viewportHeight":778}}
[2026-05-20T06:24:42.524Z] {"timestamp":1779258281209,"kind":"scroll","url":"http://localhost:3000/","viewport":{"width":1440,"height":778},"payload":{"scrollX":0,"scrollY":2164.5,"documentHeight":9633,"viewportHeight":778}}
[2026-05-20T06:24:42.524Z] {"timestamp":1779258281725,"kind":"scroll","url":"http://localhost:3000/","viewport":{"width":1440,"height":778},"payload":{"scrollX":0,"scrollY":3498.5,"documentHeight":9633,"viewportHeight":778}}
[2026-05-20T06:24:42.524Z] {"timestamp":1779258282274,"kind":"scroll","url":"http://localhost:3000/","viewport":{"width":1440,"height":778},"payload":{"scrollX":0,"scrollY":5266.5,"documentHeight":9633,"viewportHeight":778}}
[2026-05-20T06:24:44.521Z] {"timestamp":1779258282802,"kind":"scroll","url":"http://localhost:3000/","viewport":{"width":1440,"height":778},"payload":{"scrollX":0,"scrollY":1780.5,"documentHeight":9633,"viewportHeight":778}}
[2026-05-20T06:24:44.521Z] {"timestamp":1779258283319,"kind":"scroll","url":"http://localhost:3000/","viewport":{"width":1440,"height":778},"payload":{"scrollX":0,"scrollY":5.5,"documentHeight":9633,"viewportHeight":778}}
[2026-05-20T06:24:44.521Z] {"timestamp":1779258283819,"kind":"scroll","url":"http://localhost:3000/","viewport":{"width":1440,"height":778},"payload":{"scrollX":0,"scrollY":2295.5,"documentHeight":9633,"viewportHeight":778}}
[2026-05-20T06:24:44.521Z] {"timestamp":1779258284319,"kind":"scroll","url":"http://localhost:3000/","viewport":{"width":1440,"height":778},"payload":{"scrollX":0,"scrollY":4025.5,"documentHeight":9633,"viewportHeight":778}}
[2026-05-20T06:24:46.522Z] {"timestamp":1779258284825,"kind":"scroll","url":"http://localhost:3000/","viewport":{"width":1440,"height":778},"payload":{"scrollX":0,"scrollY":5568.5,"documentHeight":9633,"viewportHeight":778}}
[2026-05-20T06:24:46.522Z] {"timestamp":1779258285336,"kind":"scroll","url":"http://localhost:3000/","viewport":{"width":1440,"height":778},"payload":{"scrollX":0,"scrollY":2152.5,"documentHeight":9633,"viewportHeight":778}}
[2026-05-20T06:24:46.522Z] {"timestamp":1779258286369,"kind":"scroll","url":"http://localhost:3000/","viewport":{"width":1440,"height":778},"payload":{"scrollX":0,"scrollY":2.5,"documentHeight":9633,"viewportHeight":778}}
[2026-05-20T06:24:48.522Z] {"timestamp":1779258286886,"kind":"scroll","url":"http://localhost:3000/","viewport":{"width":1440,"height":778},"payload":{"scrollX":0,"scrollY":2241.5,"documentHeight":9633,"viewportHeight":778}}
[2026-05-20T06:24:48.522Z] {"timestamp":1779258287392,"kind":"scroll","url":"http://localhost:3000/","viewport":{"width":1440,"height":778},"payload":{"scrollX":0,"scrollY":4994.5,"documentHeight":9633,"viewportHeight":778}}
[2026-05-20T06:24:48.522Z] {"timestamp":1779258287942,"kind":"scroll","url":"http://localhost:3000/","viewport":{"width":1440,"height":778},"payload":{"scrollX":0,"scrollY":7595.5,"documentHeight":9633,"viewportHeight":778}}
[2026-05-20T06:24:50.522Z] {"timestamp":1779258288635,"kind":"scroll","url":"http://localhost:3000/","viewport":{"width":1440,"height":778},"payload":{"scrollX":0,"scrollY":8840,"documentHeight":9633,"viewportHeight":778}}
[2026-05-20T06:24:50.522Z] {"timestamp":1779258289141,"kind":"scroll","url":"http://localhost:3000/","viewport":{"width":1440,"height":778},"payload":{"scrollX":0,"scrollY":5658.5,"documentHeight":9633,"viewportHeight":778}}
[2026-05-20T06:24:50.522Z] {"timestamp":1779258289652,"kind":"scroll","url":"http://localhost:3000/","viewport":{"width":1440,"height":778},"payload":{"scrollX":0,"scrollY":1339,"documentHeight":9633,"viewportHeight":778}}
[2026-05-20T06:25:00.524Z] {"timestamp":1779258299885,"kind":"scroll","url":"http://localhost:3000/","viewport":{"width":1440,"height":778},"payload":{"scrollX":0,"scrollY":12,"documentHeight":9633,"viewportHeight":778}}
[2026-05-20T06:25:00.524Z] {"timestamp":1779258300385,"kind":"scroll","url":"http://localhost:3000/","viewport":{"width":1440,"height":778},"payload":{"scrollX":0,"scrollY":2013,"documentHeight":9633,"viewportHeight":778}}
[2026-05-20T06:25:02.522Z] {"timestamp":1779258301569,"kind":"scroll","url":"http://localhost:3000/","viewport":{"width":1440,"height":778},"payload":{"scrollX":0,"scrollY":3,"documentHeight":9633,"viewportHeight":778}}
[2026-05-20T06:25:02.522Z] {"timestamp":1779258302092,"kind":"scroll","url":"http://localhost:3000/","viewport":{"width":1440,"height":778},"payload":{"scrollX":0,"scrollY":1652,"documentHeight":9633,"viewportHeight":778}}
[2026-05-20T06:29:45.945Z] {"timestamp":1779258585557,"kind":"scroll","url":"http://localhost:3000/","viewport":{"width":1576,"height":739},"payload":{"scrollX":0,"scrollY":1,"documentHeight":9509,"viewportHeight":739}}
[2026-07-19T09:09:40.642Z] {"timestamp":1784452180051,"kind":"scroll","url":"http://localhost:3000/","viewport":{"width":1440,"height":778},"payload":{"scrollX":0,"scrollY":48,"documentHeight":9633,"viewportHeight":778}}
[2026-07-19T09:09:42.637Z] {"timestamp":1784452181321,"kind":"scroll","url":"http://localhost:3000/","viewport":{"width":1440,"height":778},"payload":{"scrollX":0,"scrollY":1176,"documentHeight":9633,"viewportHeight":778}}
[2026-07-19T09:09:42.637Z] {"timestamp":1784452182148,"kind":"scroll","url":"http://localhost:3000/","viewport":{"width":1440,"height":778},"payload":{"scrollX":0,"scrollY":423,"documentHeight":9633,"viewportHeight":778}}
[2026-07-19T09:09:44.992Z] {"timestamp":1784452182664,"kind":"scroll","url":"http://localhost:3000/","viewport":{"width":1440,"height":778},"payload":{"scrollX":0,"scrollY":37,"documentHeight":9633,"viewportHeight":778}}
[2026-07-19T09:19:30.662Z] {"timestamp":1784452769720,"kind":"focusin","url":"http://localhost:3000/","viewport":{"width":1440,"height":778},"payload":{"target":{"tag":"button","id":null,"name":null,"type":null,"role":null,"ariaLabel":"Toggle theme","testId":null,"dataLoc":"client/src/components/Header.tsx:44","href":null,"text":"","selectorHint":"[data-loc=\"client/src/components/Header.tsx:44\"]"}}}
[2026-07-19T09:19:30.664Z] {"timestamp":1784452769831,"kind":"click","url":"http://localhost:3000/","viewport":{"width":1440,"height":778},"payload":{"target":{"tag":"svg","id":null,"name":null,"type":null,"role":null,"ariaLabel":null,"testId":null,"dataLoc":"client/src/components/Header.tsx:52","href":null,"text":"","selectorHint":"[data-loc=\"client/src/components/Header.tsx:52\"]"},"x":1312,"y":31}}
[2026-07-19T09:19:32.990Z] {"timestamp":1784452771159,"kind":"focusout","url":"http://localhost:3000/","viewport":{"width":1440,"height":778},"payload":{"target":{"tag":"button","id":null,"name":null,"type":null,"role":null,"ariaLabel":"Toggle theme","testId":null,"dataLoc":"client/src/components/Header.tsx:44","href":null,"text":"","selectorHint":"[data-loc=\"client/src/components/Header.tsx:44\"]"},"value":null}}
[2026-07-19T09:57:40.345Z] {"timestamp":1784455060049,"kind":"scroll","url":"http://localhost:3000/","viewport":{"width":1440,"height":778},"payload":{"scrollX":0,"scrollY":4,"documentHeight":9633,"viewportHeight":778}}
[2026-07-19T09:57:42.347Z] {"timestamp":1784455060566,"kind":"scroll","url":"http://localhost:3000/","viewport":{"width":1440,"height":778},"payload":{"scrollX":0,"scrollY":2617,"documentHeight":9633,"viewportHeight":778}}
[2026-07-19T09:57:46.346Z] {"timestamp":1784455065222,"kind":"scroll","url":"http://localhost:3000/","viewport":{"width":1440,"height":778},"payload":{"scrollX":0,"scrollY":5986,"documentHeight":9633,"viewportHeight":778}}
[2026-07-19T09:57:46.346Z] {"timestamp":1784455065732,"kind":"scroll","url":"http://localhost:3000/","viewport":{"width":1440,"height":778},"payload":{"scrollX":0,"scrollY":4401,"documentHeight":9633,"viewportHeight":778}}
[2026-07-19T09:57:46.346Z] {"timestamp":1784455066232,"kind":"scroll","url":"http://localhost:3000/","viewport":{"width":1440,"height":778},"payload":{"scrollX":0,"scrollY":3965,"documentHeight":9633,"viewportHeight":778}}
[2026-07-19T09:57:48.342Z] {"timestamp":1784455067249,"kind":"scroll","url":"http://localhost:3000/","viewport":{"width":1440,"height":778},"payload":{"scrollX":0,"scrollY":3641,"documentHeight":9633,"viewportHeight":778}}
[2026-07-19T09:57:48.342Z] {"timestamp":1784455067749,"kind":"scroll","url":"http://localhost:3000/","viewport":{"width":1440,"height":778},"payload":{"scrollX":0,"scrollY":2168,"documentHeight":9633,"viewportHeight":778}}
[2026-07-19T09:57:48.342Z] {"timestamp":1784455068250,"kind":"scroll","url":"http://localhost:3000/","viewport":{"width":1440,"height":778},"payload":{"scrollX":0,"scrollY":0,"documentHeight":9633,"viewportHeight":778}}
[2026-07-19T09:57:50.341Z] {"timestamp":1784455069839,"kind":"scroll","url":"http://localhost:3000/","viewport":{"width":1440,"height":778},"payload":{"scrollX":0,"scrollY":4,"documentHeight":9633,"viewportHeight":778}}
[2026-07-19T09:57:52.348Z] {"timestamp":1784455070349,"kind":"scroll","url":"http://localhost:3000/","viewport":{"width":1440,"height":778},"payload":{"scrollX":0,"scrollY":3226,"documentHeight":9633,"viewportHeight":778}}
[2026-07-19T09:57:52.348Z] {"timestamp":1784455070849,"kind":"scroll","url":"http://localhost:3000/","viewport":{"width":1440,"height":778},"payload":{"scrollX":0,"scrollY":5732,"documentHeight":9633,"viewportHeight":778}}
[2026-07-20T00:55:46.210Z] {"timestamp":1784508944957,"kind":"scroll","url":"http://localhost:3000/","viewport":{"width":1920,"height":958},"payload":{"scrollX":0,"scrollY":6115,"documentHeight":9728,"viewportHeight":958}}
[2026-07-20T01:06:18.204Z] {"timestamp":1784509576976,"kind":"scroll","url":"http://localhost:3000/","viewport":{"width":1920,"height":958},"payload":{"scrollX":0,"scrollY":17,"documentHeight":9728,"viewportHeight":958}}
[2026-07-22T07:47:50.497Z] {"timestamp":1784706469631,"kind":"click","url":"http://localhost:3000/","viewport":{"width":1920,"height":958},"payload":{"target":{"tag":"div","id":null,"name":null,"type":null,"role":null,"ariaLabel":null,"testId":null,"dataLoc":"client/src/components/Hero.tsx:37","href":null,"text":"Welcome to my portfolio Hi, I'm Pisey Suon Full-Stack Developer from Cambodia I …","selectorHint":"[data-loc=\"client/src/components/Hero.tsx:37\"]"},"x":611,"y":517}}
[2026-07-22T07:49:34.587Z] {"timestamp":1784706574130,"kind":"click","url":"http://localhost:3000/","viewport":{"width":1920,"height":958},"payload":{"target":{"tag":"div","id":null,"name":null,"type":null,"role":null,"ariaLabel":null,"testId":null,"dataLoc":"client/src/components/Hero.tsx:23","href":null,"text":"","selectorHint":"[data-loc=\"client/src/components/Hero.tsx:23\"]"},"x":791,"y":266}}
[2026-07-22T07:50:23.356Z] {"timestamp":1784706621699,"kind":"click","url":"http://localhost:3000/","viewport":{"width":1920,"height":958},"payload":{"target":{"tag":"img","id":null,"name":null,"type":null,"role":null,"ariaLabel":null,"testId":null,"dataLoc":"client/src/components/Hero.tsx:176","href":null,"text":"","selectorHint":"[data-loc=\"client/src/components/Hero.tsx:176\"]"},"x":1028,"y":370}}
[2026-07-22T07:50:23.356Z] {"timestamp":1784706621846,"kind":"click","url":"http://localhost:3000/","viewport":{"width":1920,"height":958},"payload":{"target":{"tag":"img","id":null,"name":null,"type":null,"role":null,"ariaLabel":null,"testId":null,"dataLoc":"client/src/components/Hero.tsx:176","href":null,"text":"","selectorHint":"[data-loc=\"client/src/components/Hero.tsx:176\"]"},"x":1028,"y":370}}
[2026-07-22T07:50:23.356Z] {"timestamp":1784706621996,"kind":"click","url":"http://localhost:3000/","viewport":{"width":1920,"height":958},"payload":{"target":{"tag":"img","id":null,"name":null,"type":null,"role":null,"ariaLabel":null,"testId":null,"dataLoc":"client/src/components/Hero.tsx:176","href":null,"text":"","selectorHint":"[data-loc=\"client/src/components/Hero.tsx:176\"]"},"x":1028,"y":370}}
[2026-07-22T07:51:07.819Z] {"timestamp":1784706665966,"kind":"scroll","url":"http://localhost:3000/","viewport":{"width":1920,"height":958},"payload":{"scrollX":0,"scrollY":17,"documentHeight":9728,"viewportHeight":958}}
[2026-07-22T07:51:07.819Z] {"timestamp":1784706666478,"kind":"scroll","url":"http://localhost:3000/","viewport":{"width":1920,"height":958},"payload":{"scrollX":0,"scrollY":1300,"documentHeight":9728,"viewportHeight":958}}
[2026-07-22T07:51:07.819Z] {"timestamp":1784706667068,"kind":"scroll","url":"http://localhost:3000/","viewport":{"width":1920,"height":958},"payload":{"scrollX":0,"scrollY":152,"documentHeight":9728,"viewportHeight":958}}
[2026-07-22T07:51:09.813Z] {"timestamp":1784706668065,"kind":"scroll","url":"http://localhost:3000/","viewport":{"width":1920,"height":958},"payload":{"scrollX":0,"scrollY":345,"documentHeight":9728,"viewportHeight":958}}
[2026-07-22T07:51:09.813Z] {"timestamp":1784706669302,"kind":"focusin","url":"http://localhost:3000/","viewport":{"width":1920,"height":958},"payload":{"target":{"tag":"button","id":null,"name":null,"type":null,"role":null,"ariaLabel":"Toggle theme","testId":null,"dataLoc":"client/src/components/Header.tsx:44","href":null,"text":"","selectorHint":"[data-loc=\"client/src/components/Header.tsx:44\"]"}}}
[2026-07-22T07:51:09.813Z] {"timestamp":1784706669397,"kind":"click","url":"http://localhost:3000/","viewport":{"width":1920,"height":958},"payload":{"target":{"tag":"svg","id":null,"name":null,"type":null,"role":null,"ariaLabel":null,"testId":null,"dataLoc":"client/src/components/Header.tsx:50","href":null,"text":"","selectorHint":"[data-loc=\"client/src/components/Header.tsx:50\"]"},"x":1670,"y":43}}
[2026-07-22T07:51:11.817Z] {"timestamp":1784706670812,"kind":"scroll","url":"http://localhost:3000/","viewport":{"width":1920,"height":958},"payload":{"scrollX":0,"scrollY":222,"documentHeight":9728,"viewportHeight":958}}
[2026-07-22T07:51:11.817Z] {"timestamp":1784706671713,"kind":"scroll","url":"http://localhost:3000/","viewport":{"width":1920,"height":958},"payload":{"scrollX":0,"scrollY":517,"documentHeight":9728,"viewportHeight":958}}
[2026-07-22T07:51:13.816Z] {"timestamp":1784706672213,"kind":"scroll","url":"http://localhost:3000/","viewport":{"width":1920,"height":958},"payload":{"scrollX":0,"scrollY":0,"documentHeight":9728,"viewportHeight":958}}
[2026-07-22T07:51:13.816Z] {"timestamp":1784706672713,"kind":"scroll","url":"http://localhost:3000/","viewport":{"width":1920,"height":958},"payload":{"scrollX":0,"scrollY":17,"documentHeight":9728,"viewportHeight":958}}
[2026-07-22T07:51:13.816Z] {"timestamp":1784706673398,"kind":"scroll","url":"http://localhost:3000/","viewport":{"width":1920,"height":958},"payload":{"scrollX":0,"scrollY":195,"documentHeight":9728,"viewportHeight":958}}
[2026-07-22T07:51:15.819Z] {"timestamp":1784706673913,"kind":"scroll","url":"http://localhost:3000/","viewport":{"width":1920,"height":958},"payload":{"scrollX":0,"scrollY":368,"documentHeight":9728,"viewportHeight":958}}
[2026-07-22T07:51:15.819Z] {"timestamp":1784706674448,"kind":"scroll","url":"http://localhost:3000/","viewport":{"width":1920,"height":958},"payload":{"scrollX":0,"scrollY":1922,"documentHeight":9728,"viewportHeight":958}}
[2026-07-22T07:51:15.819Z] {"timestamp":1784706674963,"kind":"scroll","url":"http://localhost:3000/","viewport":{"width":1920,"height":958},"payload":{"scrollX":0,"scrollY":4526,"documentHeight":9728,"viewportHeight":958}}
[2026-07-22T07:51:15.819Z] {"timestamp":1784706675480,"kind":"scroll","url":"http://localhost:3000/","viewport":{"width":1920,"height":958},"payload":{"scrollX":0,"scrollY":4881,"documentHeight":9728,"viewportHeight":958}}
[2026-07-22T07:51:17.815Z] {"timestamp":1784706675996,"kind":"scroll","url":"http://localhost:3000/","viewport":{"width":1920,"height":958},"payload":{"scrollX":0,"scrollY":6420,"documentHeight":9728,"viewportHeight":958}}
[2026-07-22T07:51:17.815Z] {"timestamp":1784706676495,"kind":"scroll","url":"http://localhost:3000/","viewport":{"width":1920,"height":958},"payload":{"scrollX":0,"scrollY":6650,"documentHeight":9728,"viewportHeight":958}}
[2026-07-22T07:51:29.825Z] {"timestamp":1784706688479,"kind":"scroll","url":"http://localhost:3000/","viewport":{"width":1920,"height":958},"payload":{"scrollX":0,"scrollY":6656,"documentHeight":9728,"viewportHeight":958}}
[2026-07-22T07:51:29.825Z] {"timestamp":1784706688995,"kind":"scroll","url":"http://localhost:3000/","viewport":{"width":1920,"height":958},"payload":{"scrollX":0,"scrollY":5297,"documentHeight":9728,"viewportHeight":958}}
[2026-07-22T07:51:29.826Z] {"timestamp":1784706689496,"kind":"scroll","url":"http://localhost:3000/","viewport":{"width":1920,"height":958},"payload":{"scrollX":0,"scrollY":2986,"documentHeight":9728,"viewportHeight":958}}
[2026-07-22T07:51:31.815Z] {"timestamp":1784706689998,"kind":"scroll","url":"http://localhost:3000/","viewport":{"width":1920,"height":958},"payload":{"scrollX":0,"scrollY":2091,"documentHeight":9728,"viewportHeight":958}}
[2026-07-22T07:51:37.865Z] {"timestamp":1784706696797,"kind":"focusout","url":"http://localhost:3000/","viewport":{"width":1920,"height":958},"payload":{"target":{"tag":"button","id":null,"name":null,"type":null,"role":null,"ariaLabel":"Toggle theme","testId":null,"dataLoc":"client/src/components/Header.tsx:44","href":null,"text":"","selectorHint":"[data-loc=\"client/src/components/Header.tsx:44\"]"},"value":null}}
[2026-07-22T07:51:37.865Z] {"timestamp":1784706696866,"kind":"click","url":"http://localhost:3000/","viewport":{"width":1920,"height":958},"payload":{"target":{"tag":"div","id":null,"name":null,"type":null,"role":null,"ariaLabel":null,"testId":null,"dataLoc":"client/src/components/Skills.tsx:40","href":null,"text":"Skills & Expertise A comprehensive toolkit of technologies and methodologies tha…","selectorHint":"[data-loc=\"client/src/components/Skills.tsx:40\"]"},"x":1454,"y":239}}
[2026-07-22T07:51:39.820Z] {"timestamp":1784706698365,"kind":"scroll","url":"http://localhost:3000/","viewport":{"width":989,"height":655},"payload":{"scrollX":0,"scrollY":1790,"documentHeight":11682,"viewportHeight":655}}
[2026-07-22T07:51:47.825Z] {"timestamp":1784706707464,"kind":"scroll","url":"http://localhost:3000/","viewport":{"width":989,"height":655},"payload":{"scrollX":0,"scrollY":1790,"documentHeight":11682,"viewportHeight":655}}
[2026-07-22T07:51:55.817Z] {"timestamp":1784706714838,"kind":"scroll","url":"http://localhost:3000/","viewport":{"width":1440,"height":778},"payload":{"scrollX":0,"scrollY":1753,"documentHeight":9633,"viewportHeight":778}}
[2026-07-22T07:51:55.817Z] {"timestamp":1784706715337,"kind":"scroll","url":"http://localhost:3000/","viewport":{"width":1440,"height":778},"payload":{"scrollX":0,"scrollY":145,"documentHeight":9633,"viewportHeight":778}}
[2026-07-22T07:51:57.814Z] {"timestamp":1784706716861,"kind":"scroll","url":"http://localhost:3000/","viewport":{"width":1440,"height":778},"payload":{"scrollX":0,"scrollY":3,"documentHeight":9633,"viewportHeight":778}}
[2026-07-22T07:51:57.814Z] {"timestamp":1784706717372,"kind":"scroll","url":"http://localhost:3000/","viewport":{"width":1440,"height":778},"payload":{"scrollX":0,"scrollY":239,"documentHeight":9633,"viewportHeight":778}}
[2026-07-22T07:55:11.297Z] {"timestamp":1784706910358,"kind":"scroll","url":"http://localhost:3000/","viewport":{"width":1440,"height":778},"payload":{"scrollX":0,"scrollY":7,"documentHeight":9633,"viewportHeight":778}}
[2026-07-22T07:55:11.297Z] {"timestamp":1784706911023,"kind":"scroll","url":"http://localhost:3000/","viewport":{"width":1440,"height":778},"payload":{"scrollX":0,"scrollY":369,"documentHeight":9633,"viewportHeight":778}}
[2026-07-22T07:55:13.295Z] {"timestamp":1784706911523,"kind":"scroll","url":"http://localhost:3000/","viewport":{"width":1440,"height":778},"payload":{"scrollX":0,"scrollY":254,"documentHeight":9633,"viewportHeight":778}}
[2026-07-22T07:57:17.317Z] {"timestamp":1784707036698,"kind":"scroll","url":"http://localhost:3000/","viewport":{"width":1440,"height":778},"payload":{"scrollX":0,"scrollY":109,"documentHeight":9633,"viewportHeight":778}}
[2026-07-22T07:57:19.296Z] {"timestamp":1784707037414,"kind":"scroll","url":"http://localhost:3000/","viewport":{"width":1440,"height":778},"payload":{"scrollX":0,"scrollY":527,"documentHeight":9633,"viewportHeight":778}}
[2026-07-22T07:57:19.296Z] {"timestamp":1784707037924,"kind":"scroll","url":"http://localhost:3000/","viewport":{"width":1440,"height":778},"payload":{"scrollX":0,"scrollY":2656,"documentHeight":9633,"viewportHeight":778}}
[2026-07-22T07:57:19.296Z] {"timestamp":1784707038424,"kind":"scroll","url":"http://localhost:3000/","viewport":{"width":1440,"height":778},"payload":{"scrollX":0,"scrollY":4992,"documentHeight":9633,"viewportHeight":778}}
[2026-07-22T07:57:21.303Z] {"timestamp":1784707040191,"kind":"focusin","url":"http://localhost:3000/","viewport":{"width":1440,"height":778},"payload":{"target":{"tag":"button","id":null,"name":null,"type":null,"role":null,"ariaLabel":"Toggle theme","testId":null,"dataLoc":"client/src/components/Header.tsx:44","href":null,"text":"","selectorHint":"[data-loc=\"client/src/components/Header.tsx:44\"]"}}}
[2026-07-22T07:57:21.303Z] {"timestamp":1784707040251,"kind":"click","url":"http://localhost:3000/","viewport":{"width":1440,"height":778},"payload":{"target":{"tag":"svg","id":null,"name":null,"type":null,"role":null,"ariaLabel":null,"testId":null,"dataLoc":"client/src/components/Header.tsx:52","href":null,"text":"","selectorHint":"[data-loc=\"client/src/components/Header.tsx:52\"]"},"x":1307,"y":48}}
[2026-07-22T07:57:27.298Z] {"timestamp":1784707046308,"kind":"scroll","url":"http://localhost:3000/","viewport":{"width":1440,"height":778},"payload":{"scrollX":0,"scrollY":6249,"documentHeight":9633,"viewportHeight":778}}
[2026-07-22T07:57:27.298Z] {"timestamp":1784707046857,"kind":"scroll","url":"http://localhost:3000/","viewport":{"width":1440,"height":778},"payload":{"scrollX":0,"scrollY":6361,"documentHeight":9633,"viewportHeight":778}}
[2026-07-22T07:57:29.298Z] {"timestamp":1784707047357,"kind":"scroll","url":"http://localhost:3000/","viewport":{"width":1440,"height":778},"payload":{"scrollX":0,"scrollY":6414,"documentHeight":9633,"viewportHeight":778}}
[2026-07-22T07:57:29.298Z] {"timestamp":1784707047881,"kind":"scroll","url":"http://localhost:3000/","viewport":{"width":1440,"height":778},"payload":{"scrollX":0,"scrollY":6468,"documentHeight":9633,"viewportHeight":778}}
[2026-07-22T07:57:29.298Z] {"timestamp":1784707048424,"kind":"scroll","url":"http://localhost:3000/","viewport":{"width":1440,"height":778},"payload":{"scrollX":0,"scrollY":6750,"documentHeight":9633,"viewportHeight":778}}
[2026-07-22T07:57:29.298Z] {"timestamp":1784707048941,"kind":"scroll","url":"http://localhost:3000/","viewport":{"width":1440,"height":778},"payload":{"scrollX":0,"scrollY":6758,"documentHeight":9633,"viewportHeight":778}}
[2026-07-22T07:57:33.302Z] {"timestamp":1784707051897,"kind":"scroll","url":"http://localhost:3000/","viewport":{"width":1440,"height":778},"payload":{"scrollX":0,"scrollY":6761,"documentHeight":9633,"viewportHeight":778}}
[2026-07-22T07:57:33.302Z] {"timestamp":1784707052424,"kind":"scroll","url":"http://localhost:3000/","viewport":{"width":1440,"height":778},"payload":{"scrollX":0,"scrollY":7462,"documentHeight":9633,"viewportHeight":778}}
[2026-07-22T07:57:33.302Z] {"timestamp":1784707053158,"kind":"scroll","url":"http://localhost:3000/","viewport":{"width":1440,"height":778},"payload":{"scrollX":0,"scrollY":7478,"documentHeight":9633,"viewportHeight":778}}
[2026-07-22T07:57:47.954Z] {"timestamp":1784707067008,"kind":"scroll","url":"http://localhost:3000/","viewport":{"width":1440,"height":778},"payload":{"scrollX":0,"scrollY":18,"documentHeight":9633,"viewportHeight":778}}
[2026-07-22T07:57:47.954Z] {"timestamp":1784707067524,"kind":"scroll","url":"http://localhost:3000/","viewport":{"width":1440,"height":778},"payload":{"scrollX":0,"scrollY":433,"documentHeight":9633,"viewportHeight":778}}
[2026-07-22T07:57:49.936Z] {"timestamp":1784707068024,"kind":"scroll","url":"http://localhost:3000/","viewport":{"width":1440,"height":778},"payload":{"scrollX":0,"scrollY":382,"documentHeight":9633,"viewportHeight":778}}
[2026-07-22T07:57:49.936Z] {"timestamp":1784707068524,"kind":"scroll","url":"http://localhost:3000/","viewport":{"width":1440,"height":778},"payload":{"scrollX":0,"scrollY":1241,"documentHeight":9633,"viewportHeight":778}}
[2026-07-22T07:57:49.936Z] {"timestamp":1784707069450,"kind":"click","url":"http://localhost:3000/","viewport":{"width":1440,"height":778},"payload":{"target":{"tag":"div","id":null,"name":null,"type":null,"role":null,"ariaLabel":null,"testId":null,"dataLoc":"client/src/components/Header.tsx:19","href":null,"text":"PS Pisey Suon About Skills Projects Experience Contact","selectorHint":"[data-loc=\"client/src/components/Header.tsx:19\"]"},"x":573,"y":54}}
[2026-07-22T07:57:49.936Z] {"timestamp":1784707069802,"kind":"focusin","url":"http://localhost:3000/","viewport":{"width":1440,"height":778},"payload":{"target":{"tag":"a","id":null,"name":null,"type":null,"role":null,"ariaLabel":null,"testId":null,"dataLoc":"client/src/components/Header.tsx:31","href":"#about","text":"About","selectorHint":"[data-loc=\"client/src/components/Header.tsx:31\"]"}}}
[2026-07-22T07:57:49.936Z] {"timestamp":1784707069867,"kind":"click","url":"http://localhost:3000/","viewport":{"width":1440,"height":778},"payload":{"target":{"tag":"a","id":null,"name":null,"type":null,"role":null,"ariaLabel":null,"testId":null,"dataLoc":"client/src/components/Header.tsx:31","href":"#about","text":"About","selectorHint":"[data-loc=\"client/src/components/Header.tsx:31\"]"},"x":588,"y":44}}
[2026-07-22T07:57:49.936Z] {"timestamp":1784707069869,"kind":"navigate","url":"http://localhost:3000/#about","viewport":{"width":1440,"height":778},"payload":{"reason":"popstate"}}
[2026-07-22T07:57:49.936Z] {"timestamp":1784707069869,"kind":"focusout","url":"http://localhost:3000/#about","viewport":{"width":1440,"height":778},"payload":{"target":{"tag":"a","id":null,"name":null,"type":null,"role":null,"ariaLabel":null,"testId":null,"dataLoc":"client/src/components/Header.tsx:31","href":"#about","text":"About","selectorHint":"[data-loc=\"client/src/components/Header.tsx:31\"]"},"value":null}}
[2026-07-22T07:57:49.936Z] {"timestamp":1784707069874,"kind":"scroll","url":"http://localhost:3000/#about","viewport":{"width":1440,"height":778},"payload":{"scrollX":0,"scrollY":859,"documentHeight":9633,"viewportHeight":778}}
[2026-07-22T07:57:49.936Z] {"timestamp":1784707069878,"kind":"navigate","url":"http://localhost:3000/#about","viewport":{"width":1440,"height":778},"payload":{"reason":"hashchange"}}
[2026-07-22T07:57:51.935Z] {"timestamp":1784707071214,"kind":"scroll","url":"http://localhost:3000/#about","viewport":{"width":1440,"height":778},"payload":{"scrollX":0,"scrollY":860,"documentHeight":9633,"viewportHeight":778}}
[2026-07-22T07:57:53.932Z] {"timestamp":1784707072391,"kind":"scroll","url":"http://localhost:3000/#about","viewport":{"width":1440,"height":778},"payload":{"scrollX":0,"scrollY":898,"documentHeight":9633,"viewportHeight":778}}
[2026-07-22T07:57:55.931Z] {"timestamp":1784707073980,"kind":"scroll","url":"http://localhost:3000/#about","viewport":{"width":1440,"height":778},"payload":{"scrollX":0,"scrollY":1067,"documentHeight":9633,"viewportHeight":778}}
[2026-07-22T07:57:55.931Z] {"timestamp":1784707075114,"kind":"scroll","url":"http://localhost:3000/#about","viewport":{"width":1440,"height":778},"payload":{"scrollX":0,"scrollY":1074,"documentHeight":9633,"viewportHeight":778}}
[2026-07-22T07:57:55.931Z] {"timestamp":1784707075774,"kind":"scroll","url":"http://localhost:3000/#about","viewport":{"width":1440,"height":778},"payload":{"scrollX":0,"scrollY":1110,"documentHeight":9633,"viewportHeight":778}}
[2026-07-22T07:57:57.932Z] {"timestamp":1784707076791,"kind":"scroll","url":"http://localhost:3000/#about","viewport":{"width":1440,"height":778},"payload":{"scrollX":0,"scrollY":1905,"documentHeight":9633,"viewportHeight":778}}
[2026-07-22T07:57:57.932Z] {"timestamp":1784707077292,"kind":"scroll","url":"http://localhost:3000/#about","viewport":{"width":1440,"height":778},"payload":{"scrollX":0,"scrollY":2601,"documentHeight":9633,"viewportHeight":778}}
[2026-07-22T07:57:59.939Z] {"timestamp":1784707078316,"kind":"click","url":"http://localhost:3000/#about","viewport":{"width":1440,"height":778},"payload":{"target":{"tag":"div","id":null,"name":null,"type":null,"role":null,"ariaLabel":null,"testId":null,"dataLoc":"client/src/components/Header.tsx:19","href":null,"text":"PS Pisey Suon About Skills Projects Experience Contact","selectorHint":"[data-loc=\"client/src/components/Header.tsx:19\"]"},"x":662,"y":22}}
[2026-07-22T07:57:59.940Z] {"timestamp":1784707078568,"kind":"focusin","url":"http://localhost:3000/#about","viewport":{"width":1440,"height":778},"payload":{"target":{"tag":"a","id":null,"name":null,"type":null,"role":null,"ariaLabel":null,"testId":null,"dataLoc":"client/src/components/Header.tsx:31","href":"#skills","text":"Skills","selectorHint":"[data-loc=\"client/src/components/Header.tsx:31\"]"}}}
[2026-07-22T07:57:59.940Z] {"timestamp":1784707078650,"kind":"click","url":"http://localhost:3000/#about","viewport":{"width":1440,"height":778},"payload":{"target":{"tag":"a","id":null,"name":null,"type":null,"role":null,"ariaLabel":null,"testId":null,"dataLoc":"client/src/components/Header.tsx:31","href":"#skills","text":"Skills","selectorHint":"[data-loc=\"client/src/components/Header.tsx:31\"]"},"x":662,"y":33}}
[2026-07-22T07:57:59.940Z] {"timestamp":1784707078650,"kind":"navigate","url":"http://localhost:3000/#skills","viewport":{"width":1440,"height":778},"payload":{"reason":"popstate"}}
[2026-07-22T07:57:59.940Z] {"timestamp":1784707078651,"kind":"focusout","url":"http://localhost:3000/#skills","viewport":{"width":1440,"height":778},"payload":{"target":{"tag":"a","id":null,"name":null,"type":null,"role":null,"ariaLabel":null,"testId":null,"dataLoc":"client/src/components/Header.tsx:31","href":"#skills","text":"Skills","selectorHint":"[data-loc=\"client/src/components/Header.tsx:31\"]"},"value":null}}
[2026-07-22T07:57:59.940Z] {"timestamp":1784707078659,"kind":"scroll","url":"http://localhost:3000/#skills","viewport":{"width":1440,"height":778},"payload":{"scrollX":0,"scrollY":1775.5,"documentHeight":9633,"viewportHeight":778}}
[2026-07-22T07:57:59.940Z] {"timestamp":1784707078661,"kind":"navigate","url":"http://localhost:3000/#skills","viewport":{"width":1440,"height":778},"payload":{"reason":"hashchange"}}
[2026-07-22T07:57:59.940Z] {"timestamp":1784707079314,"kind":"scroll","url":"http://localhost:3000/#skills","viewport":{"width":1440,"height":778},"payload":{"scrollX":0,"scrollY":1776.5,"documentHeight":9633,"viewportHeight":778}}
[2026-07-22T07:57:59.940Z] {"timestamp":1784707079824,"kind":"scroll","url":"http://localhost:3000/#skills","viewport":{"width":1440,"height":778},"payload":{"scrollX":0,"scrollY":2717.5,"documentHeight":9633,"viewportHeight":778}}
[2026-07-22T07:58:01.931Z] {"timestamp":1784707080341,"kind":"scroll","url":"http://localhost:3000/#skills","viewport":{"width":1440,"height":778},"payload":{"scrollX":0,"scrollY":3195.5,"documentHeight":9633,"viewportHeight":778}}
[2026-07-22T07:58:01.931Z] {"timestamp":1784707080841,"kind":"scroll","url":"http://localhost:3000/#skills","viewport":{"width":1440,"height":778},"payload":{"scrollX":0,"scrollY":4503.5,"documentHeight":9633,"viewportHeight":778}}
[2026-07-22T07:58:01.931Z] {"timestamp":1784707081341,"kind":"scroll","url":"http://localhost:3000/#skills","viewport":{"width":1440,"height":778},"payload":{"scrollX":0,"scrollY":6156.5,"documentHeight":9633,"viewportHeight":778}}
[2026-07-22T07:58:01.931Z] {"timestamp":1784707081841,"kind":"scroll","url":"http://localhost:3000/#skills","viewport":{"width":1440,"height":778},"payload":{"scrollX":0,"scrollY":8533.5,"documentHeight":9633,"viewportHeight":778}}
[2026-07-22T07:58:05.933Z] {"timestamp":1784707084167,"kind":"click","url":"http://localhost:3000/#skills","viewport":{"width":1440,"height":778},"payload":{"target":{"tag":"ul","id":null,"name":null,"type":null,"role":null,"ariaLabel":null,"testId":null,"dataLoc":"client/src/components/Footer.tsx:101","href":null,"text":"Blog Resume Portfolio Case Studies","selectorHint":"[data-loc=\"client/src/components/Footer.tsx:101\"]"},"x":754,"y":460}}
[2026-07-22T07:58:05.933Z] {"timestamp":1784707084403,"kind":"focusin","url":"http://localhost:3000/#skills","viewport":{"width":1440,"height":778},"payload":{"target":{"tag":"a","id":null,"name":null,"type":null,"role":null,"ariaLabel":null,"testId":null,"dataLoc":"client/src/components/Footer.tsx:109","href":"#","text":"Blog","selectorHint":"[data-loc=\"client/src/components/Footer.tsx:109\"]"}}}
[2026-07-22T07:58:05.933Z] {"timestamp":1784707084517,"kind":"click","url":"http://localhost:3000/#skills","viewport":{"width":1440,"height":778},"payload":{"target":{"tag":"a","id":null,"name":null,"type":null,"role":null,"ariaLabel":null,"testId":null,"dataLoc":"client/src/components/Footer.tsx:109","href":"#","text":"Blog","selectorHint":"[data-loc=\"client/src/components/Footer.tsx:109\"]"},"x":754,"y":437}}
[2026-07-22T07:58:05.933Z] {"timestamp":1784707084517,"kind":"navigate","url":"http://localhost:3000/#","viewport":{"width":1440,"height":778},"payload":{"reason":"popstate"}}
[2026-07-22T07:58:05.933Z] {"timestamp":1784707084525,"kind":"scroll","url":"http://localhost:3000/#","viewport":{"width":1440,"height":778},"payload":{"scrollX":0,"scrollY":0,"documentHeight":9633,"viewportHeight":778}}
[2026-07-22T07:58:05.933Z] {"timestamp":1784707084533,"kind":"navigate","url":"http://localhost:3000/#","viewport":{"width":1440,"height":778},"payload":{"reason":"hashchange"}}
[2026-07-22T07:58:05.933Z] {"timestamp":1784707085264,"kind":"scroll","url":"http://localhost:3000/#","viewport":{"width":1440,"height":778},"payload":{"scrollX":0,"scrollY":3,"documentHeight":9633,"viewportHeight":778}}
[2026-07-22T07:58:05.933Z] {"timestamp":1784707085774,"kind":"scroll","url":"http://localhost:3000/#","viewport":{"width":1440,"height":778},"payload":{"scrollX":0,"scrollY":3860,"documentHeight":9633,"viewportHeight":778}}
[2026-07-22T07:58:07.931Z] {"timestamp":1784707086281,"kind":"scroll","url":"http://localhost:3000/#","viewport":{"width":1440,"height":778},"payload":{"scrollX":0,"scrollY":4733,"documentHeight":9633,"viewportHeight":778}}
[2026-07-22T07:58:07.931Z] {"timestamp":1784707086797,"kind":"scroll","url":"http://localhost:3000/#","viewport":{"width":1440,"height":778},"payload":{"scrollX":0,"scrollY":7456,"documentHeight":9633,"viewportHeight":778}}
[2026-07-22T07:58:07.931Z] {"timestamp":1784707087621,"kind":"focusout","url":"http://localhost:3000/#","viewport":{"width":1440,"height":778},"payload":{"target":{"tag":"a","id":null,"name":null,"type":null,"role":null,"ariaLabel":null,"testId":null,"dataLoc":"client/src/components/Footer.tsx:109","href":"#","text":"Blog","selectorHint":"[data-loc=\"client/src/components/Footer.tsx:109\"]"},"value":null}}
[2026-07-22T07:58:07.931Z] {"timestamp":1784707087700,"kind":"click","url":"http://localhost:3000/#","viewport":{"width":1440,"height":778},"payload":{"target":{"tag":"ul","id":null,"name":null,"type":null,"role":null,"ariaLabel":null,"testId":null,"dataLoc":"client/src/components/Footer.tsx:101","href":null,"text":"Blog Resume Portfolio Case Studies","selectorHint":"[data-loc=\"client/src/components/Footer.tsx:101\"]"},"x":751,"y":463}}
[2026-07-22T07:58:09.933Z] {"timestamp":1784707087967,"kind":"click","url":"http://localhost:3000/#","viewport":{"width":1440,"height":778},"payload":{"target":{"tag":"li","id":null,"name":null,"type":null,"role":null,"ariaLabel":null,"testId":null,"dataLoc":"client/src/components/Footer.tsx:108","href":null,"text":"Resume","selectorHint":"[data-loc=\"client/src/components/Footer.tsx:108\"]"},"x":751,"y":467}}
[2026-07-22T07:58:09.933Z] {"timestamp":1784707088184,"kind":"click","url":"http://localhost:3000/#","viewport":{"width":1440,"height":778},"payload":{"target":{"tag":"li","id":null,"name":null,"type":null,"role":null,"ariaLabel":null,"testId":null,"dataLoc":"client/src/components/Footer.tsx:108","href":null,"text":"Resume","selectorHint":"[data-loc=\"client/src/components/Footer.tsx:108\"]"},"x":751,"y":467}}
[2026-07-22T07:58:09.933Z] {"timestamp":1784707088355,"kind":"focusin","url":"http://localhost:3000/#","viewport":{"width":1440,"height":778},"payload":{"target":{"tag":"a","id":null,"name":null,"type":null,"role":null,"ariaLabel":null,"testId":null,"dataLoc":"client/src/components/Footer.tsx:109","href":"#","text":"Resume","selectorHint":"[data-loc=\"client/src/components/Footer.tsx:109\"]"}}}
[2026-07-22T07:58:09.933Z] {"timestamp":1784707088451,"kind":"click","url":"http://localhost:3000/#","viewport":{"width":1440,"height":778},"payload":{"target":{"tag":"a","id":null,"name":null,"type":null,"role":null,"ariaLabel":null,"testId":null,"dataLoc":"client/src/components/Footer.tsx:109","href":"#","text":"Resume","selectorHint":"[data-loc=\"client/src/components/Footer.tsx:109\"]"},"x":751,"y":477}}
[2026-07-22T07:58:09.933Z] {"timestamp":1784707088451,"kind":"navigate","url":"http://localhost:3000/#","viewport":{"width":1440,"height":778},"payload":{"reason":"popstate"}}
[2026-07-22T07:58:09.933Z] {"timestamp":1784707088458,"kind":"scroll","url":"http://localhost:3000/#","viewport":{"width":1440,"height":778},"payload":{"scrollX":0,"scrollY":0,"documentHeight":9633,"viewportHeight":778}}
[2026-07-22T07:58:09.933Z] {"timestamp":1784707089064,"kind":"scroll","url":"http://localhost:3000/#","viewport":{"width":1440,"height":778},"payload":{"scrollX":0,"scrollY":64,"documentHeight":9633,"viewportHeight":778}}
[2026-07-22T07:58:09.933Z] {"timestamp":1784707089575,"kind":"scroll","url":"http://localhost:3000/#","viewport":{"width":1440,"height":778},"payload":{"scrollX":0,"scrollY":4472,"documentHeight":9633,"viewportHeight":778}}
[2026-07-22T07:58:11.932Z] {"timestamp":1784707090074,"kind":"scroll","url":"http://localhost:3000/#","viewport":{"width":1440,"height":778},"payload":{"scrollX":0,"scrollY":8459,"documentHeight":9633,"viewportHeight":778}}
[2026-07-22T07:58:13.932Z] {"timestamp":1784707092006,"kind":"focusout","url":"http://localhost:3000/#","viewport":{"width":1440,"height":778},"payload":{"target":{"tag":"a","id":null,"name":null,"type":null,"role":null,"ariaLabel":null,"testId":null,"dataLoc":"client/src/components/Footer.tsx:109","href":"#","text":"Resume","selectorHint":"[data-loc=\"client/src/components/Footer.tsx:109\"]"},"value":null}}
[2026-07-22T07:58:13.932Z] {"timestamp":1784707092083,"kind":"click","url":"http://localhost:3000/#","viewport":{"width":1440,"height":778},"payload":{"target":{"tag":"ul","id":null,"name":null,"type":null,"role":null,"ariaLabel":null,"testId":null,"dataLoc":"client/src/components/Footer.tsx:101","href":null,"text":"Blog Resume Portfolio Case Studies","selectorHint":"[data-loc=\"client/src/components/Footer.tsx:101\"]"},"x":777,"y":527}}
[2026-07-22T07:58:13.932Z] {"timestamp":1784707092305,"kind":"focusin","url":"http://localhost:3000/#","viewport":{"width":1440,"height":778},"payload":{"target":{"tag":"a","id":null,"name":null,"type":null,"role":null,"ariaLabel":null,"testId":null,"dataLoc":"client/src/components/Footer.tsx:109","href":"#","text":"Portfolio","selectorHint":"[data-loc=\"client/src/components/Footer.tsx:109\"]"}}}
[2026-07-22T07:58:13.932Z] {"timestamp":1784707092401,"kind":"click","url":"http://localhost:3000/#","viewport":{"width":1440,"height":778},"payload":{"target":{"tag":"a","id":null,"name":null,"type":null,"role":null,"ariaLabel":null,"testId":null,"dataLoc":"client/src/components/Footer.tsx:109","href":"#","text":"Portfolio","selectorHint":"[data-loc=\"client/src/components/Footer.tsx:109\"]"},"x":777,"y":519}}
[2026-07-22T07:58:13.932Z] {"timestamp":1784707092401,"kind":"navigate","url":"http://localhost:3000/#","viewport":{"width":1440,"height":778},"payload":{"reason":"popstate"}}
[2026-07-22T07:58:13.932Z] {"timestamp":1784707092408,"kind":"scroll","url":"http://localhost:3000/#","viewport":{"width":1440,"height":778},"payload":{"scrollX":0,"scrollY":0,"documentHeight":9633,"viewportHeight":778}}
[2026-07-22T07:58:13.932Z] {"timestamp":1784707092998,"kind":"scroll","url":"http://localhost:3000/#","viewport":{"width":1440,"height":778},"payload":{"scrollX":0,"scrollY":1,"documentHeight":9633,"viewportHeight":778}}
[2026-07-22T07:58:13.932Z] {"timestamp":1784707093508,"kind":"scroll","url":"http://localhost:3000/#","viewport":{"width":1440,"height":778},"payload":{"scrollX":0,"scrollY":4589,"documentHeight":9633,"viewportHeight":778}}
[2026-07-22T07:58:15.931Z] {"timestamp":1784707094024,"kind":"scroll","url":"http://localhost:3000/#","viewport":{"width":1440,"height":778},"payload":{"scrollX":0,"scrollY":8274,"documentHeight":9633,"viewportHeight":778}}
[2026-07-22T07:58:15.931Z] {"timestamp":1784707094548,"kind":"scroll","url":"http://localhost:3000/#","viewport":{"width":1440,"height":778},"payload":{"scrollX":0,"scrollY":8477,"documentHeight":9633,"viewportHeight":778}}
[2026-07-22T07:58:15.931Z] {"timestamp":1784707095669,"kind":"focusout","url":"http://localhost:3000/#","viewport":{"width":1440,"height":778},"payload":{"target":{"tag":"a","id":null,"name":null,"type":null,"role":null,"ariaLabel":null,"testId":null,"dataLoc":"client/src/components/Footer.tsx:109","href":"#","text":"Portfolio","selectorHint":"[data-loc=\"client/src/components/Footer.tsx:109\"]"},"value":null}}
[2026-07-22T07:58:15.931Z] {"timestamp":1784707095670,"kind":"focusin","url":"http://localhost:3000/#","viewport":{"width":1440,"height":778},"payload":{"target":{"tag":"a","id":null,"name":null,"type":null,"role":null,"ariaLabel":null,"testId":null,"dataLoc":"client/src/components/Footer.tsx:109","href":"#","text":"Case Studies","selectorHint":"[data-loc=\"client/src/components/Footer.tsx:109\"]"}}}
[2026-07-22T07:58:15.931Z] {"timestamp":1784707095750,"kind":"click","url":"http://localhost:3000/#","viewport":{"width":1440,"height":778},"payload":{"target":{"tag":"a","id":null,"name":null,"type":null,"role":null,"ariaLabel":null,"testId":null,"dataLoc":"client/src/components/Footer.tsx:109","href":"#","text":"Case Studies","selectorHint":"[data-loc=\"client/src/components/Footer.tsx:109\"]"},"x":785,"y":551}}
[2026-07-22T07:58:15.931Z] {"timestamp":1784707095750,"kind":"navigate","url":"http://localhost:3000/#","viewport":{"width":1440,"height":778},"payload":{"reason":"popstate"}}
[2026-07-22T07:58:15.931Z] {"timestamp":1784707095758,"kind":"scroll","url":"http://localhost:3000/#","viewport":{"width":1440,"height":778},"payload":{"scrollX":0,"scrollY":0,"documentHeight":9633,"viewportHeight":778}}
[2026-07-22T07:58:17.934Z] {"timestamp":1784707096348,"kind":"scroll","url":"http://localhost:3000/#","viewport":{"width":1440,"height":778},"payload":{"scrollX":0,"scrollY":1,"documentHeight":9633,"viewportHeight":778}}
[2026-07-22T07:58:17.934Z] {"timestamp":1784707096858,"kind":"scroll","url":"http://localhost:3000/#","viewport":{"width":1440,"height":778},"payload":{"scrollX":0,"scrollY":4214,"documentHeight":9633,"viewportHeight":778}}
[2026-07-22T07:58:17.934Z] {"timestamp":1784707097358,"kind":"scroll","url":"http://localhost:3000/#","viewport":{"width":1440,"height":778},"payload":{"scrollX":0,"scrollY":7954,"documentHeight":9633,"viewportHeight":778}}
[2026-07-22T07:58:20.044Z] {"timestamp":1784707099139,"kind":"focusout","url":"http://localhost:3000/#","viewport":{"width":1440,"height":778},"payload":{"target":{"tag":"a","id":null,"name":null,"type":null,"role":null,"ariaLabel":null,"testId":null,"dataLoc":"client/src/components/Footer.tsx:109","href":"#","text":"Case Studies","selectorHint":"[data-loc=\"client/src/components/Footer.tsx:109\"]"},"value":null}}
[2026-07-22T07:58:20.044Z] {"timestamp":1784707099139,"kind":"focusin","url":"http://localhost:3000/#","viewport":{"width":1440,"height":778},"payload":{"target":{"tag":"a","id":null,"name":null,"type":null,"role":null,"ariaLabel":"GitHub","testId":null,"dataLoc":"client/src/components/Footer.tsx:138","href":"https://github.com","text":"","selectorHint":"[data-loc=\"client/src/components/Footer.tsx:138\"]"}}}
[2026-07-22T07:58:20.044Z] {"timestamp":1784707099218,"kind":"click","url":"http://localhost:3000/#","viewport":{"width":1440,"height":778},"payload":{"target":{"tag":"a","id":null,"name":null,"type":null,"role":null,"ariaLabel":"GitHub","testId":null,"dataLoc":"client/src/components/Footer.tsx:138","href":"https://github.com","text":"","selectorHint":"[data-loc=\"client/src/components/Footer.tsx:138\"]"},"x":1093,"y":440}}
[2026-07-22T07:58:20.044Z] {"timestamp":1784707099272,"kind":"focusout","url":"http://localhost:3000/#","viewport":{"width":1440,"height":778},"payload":{"target":{"tag":"a","id":null,"name":null,"type":null,"role":null,"ariaLabel":"GitHub","testId":null,"dataLoc":"client/src/components/Footer.tsx:138","href":"https://github.com","text":"","selectorHint":"[data-loc=\"client/src/components/Footer.tsx:138\"]"},"value":null}}
[2026-07-22T07:58:23.937Z] {"timestamp":1784707102032,"kind":"focusin","url":"http://localhost:3000/#","viewport":{"width":1440,"height":778},"payload":{"target":{"tag":"a","id":null,"name":null,"type":null,"role":null,"ariaLabel":"GitHub","testId":null,"dataLoc":"client/src/components/Footer.tsx:138","href":"https://github.com","text":"","selectorHint":"[data-loc=\"client/src/components/Footer.tsx:138\"]"}}}
[2026-07-22T07:58:28.047Z] {"timestamp":1784707106209,"kind":"focusout","url":"http://localhost:3000/#","viewport":{"width":1440,"height":778},"payload":{"target":{"tag":"a","id":null,"name":null,"type":null,"role":null,"ariaLabel":"GitHub","testId":null,"dataLoc":"client/src/components/Footer.tsx:138","href":"https://github.com","text":"","selectorHint":"[data-loc=\"client/src/components/Footer.tsx:138\"]"},"value":null}}
[2026-07-22T07:58:28.047Z] {"timestamp":1784707106209,"kind":"focusin","url":"http://localhost:3000/#","viewport":{"width":1440,"height":778},"payload":{"target":{"tag":"a","id":null,"name":null,"type":null,"role":null,"ariaLabel":"LinkedIn","testId":null,"dataLoc":"client/src/components/Footer.tsx:138","href":"https://linkedin.com","text":"","selectorHint":"[data-loc=\"client/src/components/Footer.tsx:138\"]"}}}
[2026-07-22T07:58:28.047Z] {"timestamp":1784707106267,"kind":"click","url":"http://localhost:3000/#","viewport":{"width":1440,"height":778},"payload":{"target":{"tag":"svg","id":null,"name":null,"type":null,"role":null,"ariaLabel":null,"testId":null,"dataLoc":"client/src/components/Footer.tsx:153","href":null,"text":"","selectorHint":"[data-loc=\"client/src/components/Footer.tsx:153\"]"},"x":1136,"y":461}}
[2026-07-22T07:58:28.047Z] {"timestamp":1784707106320,"kind":"focusout","url":"http://localhost:3000/#","viewport":{"width":1440,"height":778},"payload":{"target":{"tag":"a","id":null,"name":null,"type":null,"role":null,"ariaLabel":"LinkedIn","testId":null,"dataLoc":"client/src/components/Footer.tsx:138","href":"https://linkedin.com","text":"","selectorHint":"[data-loc=\"client/src/components/Footer.tsx:138\"]"},"value":null}}
[2026-07-22T07:58:33.935Z] {"timestamp":1784707113686,"kind":"focusin","url":"http://localhost:3000/#","viewport":{"width":1440,"height":778},"payload":{"target":{"tag":"a","id":null,"name":null,"type":null,"role":null,"ariaLabel":"LinkedIn","testId":null,"dataLoc":"client/src/components/Footer.tsx:138","href":"https://linkedin.com","text":"","selectorHint":"[data-loc=\"client/src/components/Footer.tsx:138\"]"}}}
[2026-07-22T07:58:37.932Z] {"timestamp":1784707116253,"kind":"focusout","url":"http://localhost:3000/#","viewport":{"width":1440,"height":778},"payload":{"target":{"tag":"a","id":null,"name":null,"type":null,"role":null,"ariaLabel":"LinkedIn","testId":null,"dataLoc":"client/src/components/Footer.tsx:138","href":"https://linkedin.com","text":"","selectorHint":"[data-loc=\"client/src/components/Footer.tsx:138\"]"},"value":null}}
[2026-07-22T07:58:37.932Z] {"timestamp":1784707116317,"kind":"click","url":"http://localhost:3000/#","viewport":{"width":1440,"height":778},"payload":{"target":{"tag":"p","id":null,"name":null,"type":null,"role":null,"ariaLabel":null,"testId":null,"dataLoc":"client/src/components/Footer.tsx:57","href":null,"text":"Full-Stack Developer crafting beautiful and functional web applications.","selectorHint":"[data-loc=\"client/src/components/Footer.tsx:57\"]"},"x":201,"y":433}}
[2026-07-22T07:58:37.932Z] {"timestamp":1784707116467,"kind":"click","url":"http://localhost:3000/#","viewport":{"width":1440,"height":778},"payload":{"target":{"tag":"p","id":null,"name":null,"type":null,"role":null,"ariaLabel":null,"testId":null,"dataLoc":"client/src/components/Footer.tsx:57","href":null,"text":"Full-Stack Developer crafting beautiful and functional web applications.","selectorHint":"[data-loc=\"client/src/components/Footer.tsx:57\"]"},"x":201,"y":433}}
[2026-07-22T07:58:37.932Z] {"timestamp":1784707116584,"kind":"click","url":"http://localhost:3000/#","viewport":{"width":1440,"height":778},"payload":{"target":{"tag":"p","id":null,"name":null,"type":null,"role":null,"ariaLabel":null,"testId":null,"dataLoc":"client/src/components/Footer.tsx:57","href":null,"text":"Full-Stack Developer crafting beautiful and functional web applications.","selectorHint":"[data-loc=\"client/src/components/Footer.tsx:57\"]"},"x":201,"y":433}}
[2026-07-22T07:58:37.932Z] {"timestamp":1784707116764,"kind":"scroll","url":"http://localhost:3000/#","viewport":{"width":1440,"height":778},"payload":{"scrollX":0,"scrollY":8854,"documentHeight":9633,"viewportHeight":778}}
[2026-07-22T07:58:37.932Z] {"timestamp":1784707117281,"kind":"scroll","url":"http://localhost:3000/#","viewport":{"width":1440,"height":778},"payload":{"scrollX":0,"scrollY":5895,"documentHeight":9633,"viewportHeight":778}}
[2026-07-22T07:58:37.932Z] {"timestamp":1784707117791,"kind":"scroll","url":"http://localhost:3000/#","viewport":{"width":1440,"height":778},"payload":{"scrollX":0,"scrollY":3094,"documentHeight":9633,"viewportHeight":778}}
[2026-07-22T07:58:39.932Z] {"timestamp":1784707118291,"kind":"scroll","url":"http://localhost:3000/#","viewport":{"width":1440,"height":778},"payload":{"scrollX":0,"scrollY":3082,"documentHeight":9633,"viewportHeight":778}}
[2026-07-22T07:58:39.932Z] {"timestamp":1784707118981,"kind":"scroll","url":"http://localhost:3000/#","viewport":{"width":1440,"height":778},"payload":{"scrollX":0,"scrollY":3079,"documentHeight":9633,"viewportHeight":778}}
[2026-07-22T07:58:39.932Z] {"timestamp":1784707119508,"kind":"scroll","url":"http://localhost:3000/#","viewport":{"width":1440,"height":778},"payload":{"scrollX":0,"scrollY":1498,"documentHeight":9633,"viewportHeight":778}}
[2026-07-22T07:58:41.932Z] {"timestamp":1784707120008,"kind":"scroll","url":"http://localhost:3000/#","viewport":{"width":1440,"height":778},"payload":{"scrollX":0,"scrollY":462,"documentHeight":9633,"viewportHeight":778}}
[2026-07-22T07:58:41.932Z] {"timestamp":1784707120509,"kind":"scroll","url":"http://localhost:3000/#","viewport":{"width":1440,"height":778},"payload":{"scrollX":0,"scrollY":1032,"documentHeight":9633,"viewportHeight":778}}
[2026-07-22T07:58:41.932Z] {"timestamp":1784707121014,"kind":"scroll","url":"http://localhost:3000/#","viewport":{"width":1440,"height":778},"payload":{"scrollX":0,"scrollY":4407,"documentHeight":9633,"viewportHeight":778}}
[2026-08-10T05:41:16.246Z] {"timestamp":1786340475422,"kind":"scroll","url":"http://localhost:3000/","viewport":{"width":1440,"height":778},"payload":{"scrollX":0,"scrollY":74,"documentHeight":9633,"viewportHeight":778}}
[2026-08-10T05:41:18.244Z] {"timestamp":1786340476946,"kind":"scroll","url":"http://localhost:3000/","viewport":{"width":1440,"height":778},"payload":{"scrollX":0,"scrollY":440,"documentHeight":9633,"viewportHeight":778}}
[2026-08-10T05:41:18.244Z] {"timestamp":1786340477292,"kind":"focusin","url":"http://localhost:3000/","viewport":{"width":1440,"height":778},"payload":{"target":{"tag":"button","id":null,"name":null,"type":null,"role":null,"ariaLabel":"Toggle theme","testId":null,"dataLoc":"client/src/components/Header.tsx:50","href":null,"text":"","selectorHint":"[data-loc=\"client/src/components/Header.tsx:50\"]"}}}
[2026-08-10T05:41:18.244Z] {"timestamp":1786340477385,"kind":"click","url":"http://localhost:3000/","viewport":{"width":1440,"height":778},"payload":{"target":{"tag":"button","id":null,"name":null,"type":null,"role":null,"ariaLabel":"Toggle theme","testId":null,"dataLoc":"client/src/components/Header.tsx:50","href":null,"text":"","selectorHint":"[data-loc=\"client/src/components/Header.tsx:50\"]"},"x":1326,"y":29}}
[2026-08-10T05:41:20.243Z] {"timestamp":1786340478360,"kind":"scroll","url":"http://localhost:3000/","viewport":{"width":1440,"height":778},"payload":{"scrollX":0,"scrollY":443,"documentHeight":9633,"viewportHeight":778}}
[2026-08-10T05:41:20.243Z] {"timestamp":1786340478860,"kind":"scroll","url":"http://localhost:3000/","viewport":{"width":1440,"height":778},"payload":{"scrollX":0,"scrollY":1045,"documentHeight":9633,"viewportHeight":778}}
[2026-08-10T05:41:20.243Z] {"timestamp":1786340479427,"kind":"scroll","url":"http://localhost:3000/","viewport":{"width":1440,"height":778},"payload":{"scrollX":0,"scrollY":1697,"documentHeight":9633,"viewportHeight":778}}
[2026-08-10T05:41:20.243Z] {"timestamp":1786340479961,"kind":"scroll","url":"http://localhost:3000/","viewport":{"width":1440,"height":778},"payload":{"scrollX":0,"scrollY":1868,"documentHeight":9633,"viewportHeight":778}}
[2026-08-10T05:41:22.243Z] {"timestamp":1786340480460,"kind":"scroll","url":"http://localhost:3000/","viewport":{"width":1440,"height":778},"payload":{"scrollX":0,"scrollY":2051,"documentHeight":9633,"viewportHeight":778}}
[2026-08-10T05:41:22.243Z] {"timestamp":1786340480960,"kind":"scroll","url":"http://localhost:3000/","viewport":{"width":1440,"height":778},"payload":{"scrollX":0,"scrollY":1496,"documentHeight":9633,"viewportHeight":778}}
[2026-08-10T05:41:22.243Z] {"timestamp":1786340481476,"kind":"scroll","url":"http://localhost:3000/","viewport":{"width":1440,"height":778},"payload":{"scrollX":0,"scrollY":1520,"documentHeight":9633,"viewportHeight":778}}
[2026-08-10T05:41:22.243Z] {"timestamp":1786340481976,"kind":"scroll","url":"http://localhost:3000/","viewport":{"width":1440,"height":778},"payload":{"scrollX":0,"scrollY":1921,"documentHeight":9633,"viewportHeight":778}}
[2026-08-10T05:41:24.244Z] {"timestamp":1786340482666,"kind":"scroll","url":"http://localhost:3000/","viewport":{"width":1440,"height":778},"payload":{"scrollX":0,"scrollY":2256,"documentHeight":9633,"viewportHeight":778}}
[2026-08-10T05:41:24.244Z] {"timestamp":1786340483327,"kind":"scroll","url":"http://localhost:3000/","viewport":{"width":1440,"height":778},"payload":{"scrollX":0,"scrollY":2543,"documentHeight":9633,"viewportHeight":778}}
[2026-08-10T05:41:24.244Z] {"timestamp":1786340483826,"kind":"scroll","url":"http://localhost:3000/","viewport":{"width":1440,"height":778},"payload":{"scrollX":0,"scrollY":2647,"documentHeight":9633,"viewportHeight":778}}
[2026-08-10T05:41:26.243Z] {"timestamp":1786340484326,"kind":"scroll","url":"http://localhost:3000/","viewport":{"width":1440,"height":778},"payload":{"scrollX":0,"scrollY":2842,"documentHeight":9633,"viewportHeight":778}}
[2026-08-10T05:41:26.243Z] {"timestamp":1786340484826,"kind":"scroll","url":"http://localhost:3000/","viewport":{"width":1440,"height":778},"payload":{"scrollX":0,"scrollY":3037,"documentHeight":9633,"viewportHeight":778}}
[2026-08-10T05:41:26.243Z] {"timestamp":1786340485727,"kind":"scroll","url":"http://localhost:3000/","viewport":{"width":1440,"height":778},"payload":{"scrollX":0,"scrollY":3062,"documentHeight":9633,"viewportHeight":778}}
[2026-08-10T05:41:28.243Z] {"timestamp":1786340486422,"kind":"focusout","url":"http://localhost:3000/","viewport":{"width":1440,"height":778},"payload":{"target":{"tag":"button","id":null,"name":null,"type":null,"role":null,"ariaLabel":"Toggle theme","testId":null,"dataLoc":"client/src/components/Header.tsx:50","href":null,"text":"","selectorHint":"[data-loc=\"client/src/components/Header.tsx:50\"]"},"value":null}}
[2026-08-10T05:41:28.243Z] {"timestamp":1786340486485,"kind":"click","url":"http://localhost:3000/","viewport":{"width":1440,"height":778},"payload":{"target":{"tag":"h2","id":null,"name":null,"type":null,"role":null,"ariaLabel":null,"testId":null,"dataLoc":"client/src/components/Projects.tsx:105","href":null,"text":"Featured Projects","selectorHint":"[data-loc=\"client/src/components/Projects.tsx:105\"]"},"x":238,"y":127}}
[2026-08-10T05:41:28.243Z] {"timestamp":1786340486635,"kind":"click","url":"http://localhost:3000/","viewport":{"width":1440,"height":778},"payload":{"target":{"tag":"h2","id":null,"name":null,"type":null,"role":null,"ariaLabel":null,"testId":null,"dataLoc":"client/src/components/Projects.tsx:105","href":null,"text":"Featured Projects","selectorHint":"[data-loc=\"client/src/components/Projects.tsx:105\"]"},"x":238,"y":127}}
[2026-08-10T05:41:28.243Z] {"timestamp":1786340486768,"kind":"click","url":"http://localhost:3000/","viewport":{"width":1440,"height":778},"payload":{"target":{"tag":"h2","id":null,"name":null,"type":null,"role":null,"ariaLabel":null,"testId":null,"dataLoc":"client/src/components/Projects.tsx:105","href":null,"text":"Featured Projects","selectorHint":"[data-loc=\"client/src/components/Projects.tsx:105\"]"},"x":238,"y":127}}
[2026-08-10T05:41:54.257Z] {"timestamp":1786340514166,"kind":"scroll","url":"http://localhost:3000/","viewport":{"width":1440,"height":778},"payload":{"scrollX":0,"scrollY":3086,"documentHeight":8007,"viewportHeight":778}}
[2026-08-10T05:41:56.245Z] {"timestamp":1786340514699,"kind":"scroll","url":"http://localhost:3000/","viewport":{"width":1440,"height":778},"payload":{"scrollX":0,"scrollY":1876,"documentHeight":8007,"viewportHeight":778}}
[2026-08-10T05:41:58.243Z] {"timestamp":1786340517498,"kind":"scroll","url":"http://localhost:3000/","viewport":{"width":1440,"height":778},"payload":{"scrollX":0,"scrollY":1,"documentHeight":8007,"viewportHeight":778}}
[2026-08-10T05:42:00.245Z] {"timestamp":1786340519090,"kind":"focusin","url":"http://localhost:3000/","viewport":{"width":1440,"height":778},"payload":{"target":{"tag":"button","id":null,"name":null,"type":null,"role":null,"ariaLabel":"Toggle theme","testId":null,"dataLoc":"client/src/components/Header.tsx:50","href":null,"text":"","selectorHint":"[data-loc=\"client/src/components/Header.tsx:50\"]"}}}
[2026-08-10T05:42:00.245Z] {"timestamp":1786340519168,"kind":"click","url":"http://localhost:3000/","viewport":{"width":1440,"height":778},"payload":{"target":{"tag":"svg","id":null,"name":null,"type":null,"role":null,"ariaLabel":null,"testId":null,"dataLoc":"client/src/components/Header.tsx:58","href":null,"text":"","selectorHint":"[data-loc=\"client/src/components/Header.tsx:58\"]"},"x":1310,"y":47}}
[2026-08-10T05:42:00.245Z] {"timestamp":1786340519698,"kind":"scroll","url":"http://localhost:3000/","viewport":{"width":1440,"height":778},"payload":{"scrollX":0,"scrollY":83,"documentHeight":8007,"viewportHeight":778}}
[2026-08-10T05:42:00.245Z] {"timestamp":1786340520209,"kind":"scroll","url":"http://localhost:3000/","viewport":{"width":1440,"height":778},"payload":{"scrollX":0,"scrollY":223,"documentHeight":8007,"viewportHeight":778}}
[2026-08-10T05:42:04.249Z] {"timestamp":1786340522350,"kind":"focusout","url":"http://localhost:3000/","viewport":{"width":1440,"height":778},"payload":{"target":{"tag":"button","id":null,"name":null,"type":null,"role":null,"ariaLabel":"Toggle theme","testId":null,"dataLoc":"client/src/components/Header.tsx:50","href":null,"text":"","selectorHint":"[data-loc=\"client/src/components/Header.tsx:50\"]"},"value":null}}
[2026-08-10T05:42:04.249Z] {"timestamp":1786340523948,"kind":"scroll","url":"http://localhost:3000/","viewport":{"width":1440,"height":778},"payload":{"scrollX":0,"scrollY":3,"documentHeight":8007,"viewportHeight":778}}
[2026-08-10T05:42:06.243Z] {"timestamp":1786340524449,"kind":"scroll","url":"http://localhost:3000/","viewport":{"width":1440,"height":778},"payload":{"scrollX":0,"scrollY":255,"documentHeight":8007,"viewportHeight":778}}
[2026-08-10T05:42:06.243Z] {"timestamp":1786340525015,"kind":"scroll","url":"http://localhost:3000/","viewport":{"width":1440,"height":778},"payload":{"scrollX":0,"scrollY":491,"documentHeight":8007,"viewportHeight":778}}
[2026-08-10T05:42:06.243Z] {"timestamp":1786340525616,"kind":"scroll","url":"http://localhost:3000/","viewport":{"width":1440,"height":778},"payload":{"scrollX":0,"scrollY":755,"documentHeight":8007,"viewportHeight":778}}
[2026-08-10T05:42:08.244Z] {"timestamp":1786340526242,"kind":"scroll","url":"http://localhost:3000/","viewport":{"width":1440,"height":778},"payload":{"scrollX":0,"scrollY":1028,"documentHeight":8007,"viewportHeight":778}}
[2026-08-10T05:42:08.244Z] {"timestamp":1786340526742,"kind":"scroll","url":"http://localhost:3000/","viewport":{"width":1440,"height":778},"payload":{"scrollX":0,"scrollY":947,"documentHeight":8007,"viewportHeight":778}}
[2026-08-10T05:42:08.244Z] {"timestamp":1786340527375,"kind":"scroll","url":"http://localhost:3000/","viewport":{"width":1440,"height":778},"payload":{"scrollX":0,"scrollY":690,"documentHeight":8007,"viewportHeight":778}}
[2026-08-10T05:42:08.244Z] {"timestamp":1786340527909,"kind":"scroll","url":"http://localhost:3000/","viewport":{"width":1440,"height":778},"payload":{"scrollX":0,"scrollY":875,"documentHeight":8007,"viewportHeight":778}}
[2026-08-10T05:42:10.245Z] {"timestamp":1786340528498,"kind":"scroll","url":"http://localhost:3000/","viewport":{"width":1440,"height":778},"payload":{"scrollX":0,"scrollY":1119,"documentHeight":8007,"viewportHeight":778}}
[2026-08-10T05:42:10.245Z] {"timestamp":1786340529009,"kind":"scroll","url":"http://localhost:3000/","viewport":{"width":1440,"height":778},"payload":{"scrollX":0,"scrollY":1267,"documentHeight":8007,"viewportHeight":778}}
[2026-08-10T05:42:10.245Z] {"timestamp":1786340530233,"kind":"scroll","url":"http://localhost:3000/","viewport":{"width":1440,"height":778},"payload":{"scrollX":0,"scrollY":1063,"documentHeight":8007,"viewportHeight":778}}
[2026-08-10T05:42:12.244Z] {"timestamp":1786340531315,"kind":"scroll","url":"http://localhost:3000/","viewport":{"width":1440,"height":778},"payload":{"scrollX":0,"scrollY":1064,"documentHeight":8007,"viewportHeight":778}}
[2026-08-10T05:42:12.244Z] {"timestamp":1786340532181,"kind":"scroll","url":"http://localhost:3000/","viewport":{"width":1440,"height":778},"payload":{"scrollX":0,"scrollY":1236,"documentHeight":8007,"viewportHeight":778}}
[2026-08-10T05:42:14.243Z] {"timestamp":1786340532692,"kind":"scroll","url":"http://localhost:3000/","viewport":{"width":1440,"height":778},"payload":{"scrollX":0,"scrollY":1270,"documentHeight":8007,"viewportHeight":778}}
[2026-08-10T05:42:14.243Z] {"timestamp":1786340533314,"kind":"scroll","url":"http://localhost:3000/","viewport":{"width":1440,"height":778},"payload":{"scrollX":0,"scrollY":1311,"documentHeight":8007,"viewportHeight":778}}
[2026-08-10T05:42:14.243Z] {"timestamp":1786340533825,"kind":"scroll","url":"http://localhost:3000/","viewport":{"width":1440,"height":778},"payload":{"scrollX":0,"scrollY":1341,"documentHeight":8007,"viewportHeight":778}}
[2026-08-10T05:42:16.243Z] {"timestamp":1786340534542,"kind":"scroll","url":"http://localhost:3000/","viewport":{"width":1440,"height":778},"payload":{"scrollX":0,"scrollY":1343,"documentHeight":8007,"viewportHeight":778}}
[2026-08-10T05:42:16.243Z] {"timestamp":1786340535342,"kind":"scroll","url":"http://localhost:3000/","viewport":{"width":1440,"height":778},"payload":{"scrollX":0,"scrollY":1452,"documentHeight":8007,"viewportHeight":778}}
[2026-08-10T05:42:16.243Z] {"timestamp":1786340535842,"kind":"scroll","url":"http://localhost:3000/","viewport":{"width":1440,"height":778},"payload":{"scrollX":0,"scrollY":1219,"documentHeight":8007,"viewportHeight":778}}
[2026-08-10T05:42:18.247Z] {"timestamp":1786340537511,"kind":"focusin","url":"http://localhost:3000/","viewport":{"width":1440,"height":778},"payload":{"target":{"tag":"button","id":null,"name":null,"type":null,"role":null,"ariaLabel":"Toggle theme","testId":null,"dataLoc":"client/src/components/Header.tsx:50","href":null,"text":"","selectorHint":"[data-loc=\"client/src/components/Header.tsx:50\"]"}}}
[2026-08-10T05:42:18.247Z] {"timestamp":1786340537676,"kind":"focusout","url":"http://localhost:3000/","viewport":{"width":1440,"height":778},"payload":{"target":{"tag":"button","id":null,"name":null,"type":null,"role":null,"ariaLabel":"Toggle theme","testId":null,"dataLoc":"client/src/components/Header.tsx:50","href":null,"text":"","selectorHint":"[data-loc=\"client/src/components/Header.tsx:50\"]"},"value":null}}
[2026-08-10T05:42:18.247Z] {"timestamp":1786340537678,"kind":"click","url":"http://localhost:3000/","viewport":{"width":1440,"height":778},"payload":{"target":{"tag":"h3","id":null,"name":null,"type":null,"role":null,"ariaLabel":null,"testId":null,"dataLoc":"client/src/components/About.tsx:82","href":null,"text":"Frontend Development","selectorHint":"[data-loc=\"client/src/components/About.tsx:82\"]"},"x":330,"y":284}}
[2026-08-10T05:42:18.247Z] {"timestamp":1786340537734,"kind":"click","url":"http://localhost:3000/","viewport":{"width":1440,"height":778},"payload":{"target":{"tag":"h3","id":null,"name":null,"type":null,"role":null,"ariaLabel":null,"testId":null,"dataLoc":"client/src/components/About.tsx:82","href":null,"text":"Frontend Development","selectorHint":"[data-loc=\"client/src/components/About.tsx:82\"]"},"x":330,"y":284}}
[2026-08-10T05:42:18.247Z] {"timestamp":1786340537867,"kind":"click","url":"http://localhost:3000/","viewport":{"width":1440,"height":778},"payload":{"target":{"tag":"h3","id":null,"name":null,"type":null,"role":null,"ariaLabel":null,"testId":null,"dataLoc":"client/src/components/About.tsx:82","href":null,"text":"Frontend Development","selectorHint":"[data-loc=\"client/src/components/About.tsx:82\"]"},"x":330,"y":284}}
[2026-08-10T05:42:20.245Z] {"timestamp":1786340538915,"kind":"scroll","url":"http://localhost:3000/","viewport":{"width":1440,"height":778},"payload":{"scrollX":0,"scrollY":1146,"documentHeight":8007,"viewportHeight":778}}
[2026-08-10T05:43:06.254Z] {"timestamp":1786340585264,"kind":"scroll","url":"http://localhost:3000/","viewport":{"width":1440,"height":778},"payload":{"scrollX":0,"scrollY":1012,"documentHeight":8007,"viewportHeight":778}}
[2026-08-10T05:43:06.255Z] {"timestamp":1786340585980,"kind":"scroll","url":"http://localhost:3000/","viewport":{"width":1440,"height":778},"payload":{"scrollX":0,"scrollY":387,"documentHeight":8007,"viewportHeight":778}}
[2026-08-10T05:43:08.246Z] {"timestamp":1786340586491,"kind":"scroll","url":"http://localhost:3000/","viewport":{"width":1440,"height":778},"payload":{"scrollX":0,"scrollY":345,"documentHeight":8007,"viewportHeight":778}}
[2026-08-10T05:43:08.246Z] {"timestamp":1786340587825,"kind":"click","url":"http://localhost:3000/","viewport":{"width":1440,"height":778},"payload":{"target":{"tag":"span","id":null,"name":null,"type":null,"role":null,"ariaLabel":null,"testId":null,"dataLoc":"client/src/components/Hero.tsx:118","href":null,"text":"Connect with me:","selectorHint":"[data-loc=\"client/src/components/Hero.tsx:118\"]"},"x":159,"y":262}}
[2026-08-10T05:43:08.246Z] {"timestamp":1786340587867,"kind":"click","url":"http://localhost:3000/","viewport":{"width":1440,"height":778},"payload":{"target":{"tag":"span","id":null,"name":null,"type":null,"role":null,"ariaLabel":null,"testId":null,"dataLoc":"client/src/components/Hero.tsx:118","href":null,"text":"Connect with me:","selectorHint":"[data-loc=\"client/src/components/Hero.tsx:118\"]"},"x":159,"y":262}}
[2026-08-10T05:43:08.246Z] {"timestamp":1786340588005,"kind":"click","url":"http://localhost:3000/","viewport":{"width":1440,"height":778},"payload":{"target":{"tag":"span","id":null,"name":null,"type":null,"role":null,"ariaLabel":null,"testId":null,"dataLoc":"client/src/components/Hero.tsx:118","href":null,"text":"Connect with me:","selectorHint":"[data-loc=\"client/src/components/Hero.tsx:118\"]"},"x":159,"y":262}}
[2026-08-10T05:43:08.246Z] {"timestamp":1786340588116,"kind":"click","url":"http://localhost:3000/","viewport":{"width":1440,"height":778},"payload":{"target":{"tag":"span","id":null,"name":null,"type":null,"role":null,"ariaLabel":null,"testId":null,"dataLoc":"client/src/components/Hero.tsx:118","href":null,"text":"Connect with me:","selectorHint":"[data-loc=\"client/src/components/Hero.tsx:118\"]"},"x":159,"y":262}}
[2026-08-10T05:43:12.243Z] {"timestamp":1786340591380,"kind":"scroll","url":"http://localhost:3000/","viewport":{"width":1440,"height":778},"payload":{"scrollX":0,"scrollY":438,"documentHeight":8007,"viewportHeight":778}}
[2026-08-10T05:43:12.243Z] {"timestamp":1786340591891,"kind":"scroll","url":"http://localhost:3000/","viewport":{"width":1440,"height":778},"payload":{"scrollX":0,"scrollY":779,"documentHeight":8007,"viewportHeight":778}}
[2026-08-10T05:43:14.244Z] {"timestamp":1786340592366,"kind":"click","url":"http://localhost:3000/","viewport":{"width":1440,"height":778},"payload":{"target":{"tag":"p","id":null,"name":null,"type":null,"role":null,"ariaLabel":null,"testId":null,"dataLoc":"client/src/components/About.tsx:52","href":null,"text":"I'm a passionate full-stack developer based in Cambodia with a strong foundation…","selectorHint":"[data-loc=\"client/src/components/About.tsx:52\"]"},"x":402,"y":366}}
[2026-08-10T05:43:14.244Z] {"timestamp":1786340592533,"kind":"click","url":"http://localhost:3000/","viewport":{"width":1440,"height":778},"payload":{"target":{"tag":"p","id":null,"name":null,"type":null,"role":null,"ariaLabel":null,"testId":null,"dataLoc":"client/src/components/About.tsx:52","href":null,"text":"I'm a passionate full-stack developer based in Cambodia with a strong foundation…","selectorHint":"[data-loc=\"client/src/components/About.tsx:52\"]"},"x":402,"y":366}}
[2026-08-10T05:43:14.244Z] {"timestamp":1786340592766,"kind":"click","url":"http://localhost:3000/","viewport":{"width":1440,"height":778},"payload":{"target":{"tag":"p","id":null,"name":null,"type":null,"role":null,"ariaLabel":null,"testId":null,"dataLoc":"client/src/components/About.tsx:52","href":null,"text":"I'm a passionate full-stack developer based in Cambodia with a strong foundation…","selectorHint":"[data-loc=\"client/src/components/About.tsx:52\"]"},"x":402,"y":366}}
[2026-08-10T05:43:14.244Z] {"timestamp":1786340593298,"kind":"scroll","url":"http://localhost:3000/","viewport":{"width":1440,"height":778},"payload":{"scrollX":0,"scrollY":788,"documentHeight":8007,"viewportHeight":778}}
[2026-08-10T05:43:14.244Z] {"timestamp":1786340593808,"kind":"scroll","url":"http://localhost:3000/","viewport":{"width":1440,"height":778},"payload":{"scrollX":0,"scrollY":998,"documentHeight":8007,"viewportHeight":778}}
[2026-08-10T05:44:00.245Z] {"timestamp":1786340639991,"kind":"click","url":"http://localhost:3000/","viewport":{"width":1440,"height":778},"payload":{"target":{"tag":"p","id":null,"name":null,"type":null,"role":null,"ariaLabel":null,"testId":null,"dataLoc":"client/src/components/About.tsx:99","href":null,"text":"React, Next.js, TypeScript, JavaScript, Angular, Tailwind CSS","selectorHint":"[data-loc=\"client/src/components/About.tsx:99\"]"},"x":396,"y":248}}
[2026-08-10T05:44:00.245Z] {"timestamp":1786340640066,"kind":"click","url":"http://localhost:3000/","viewport":{"width":1440,"height":778},"payload":{"target":{"tag":"p","id":null,"name":null,"type":null,"role":null,"ariaLabel":null,"testId":null,"dataLoc":"client/src/components/About.tsx:99","href":null,"text":"React, Next.js, TypeScript, JavaScript, Angular, Tailwind CSS","selectorHint":"[data-loc=\"client/src/components/About.tsx:99\"]"},"x":396,"y":248}}
[2026-08-10T05:44:00.245Z] {"timestamp":1786340640198,"kind":"click","url":"http://localhost:3000/","viewport":{"width":1440,"height":778},"payload":{"target":{"tag":"p","id":null,"name":null,"type":null,"role":null,"ariaLabel":null,"testId":null,"dataLoc":"client/src/components/About.tsx:99","href":null,"text":"React, Next.js, TypeScript, JavaScript, Angular, Tailwind CSS","selectorHint":"[data-loc=\"client/src/components/About.tsx:99\"]"},"x":396,"y":248}}
[2026-08-10T05:44:06.245Z] {"timestamp":1786340645265,"kind":"click","url":"http://localhost:3000/","viewport":{"width":1440,"height":778},"payload":{"target":{"tag":"p","id":null,"name":null,"type":null,"role":null,"ariaLabel":null,"testId":null,"dataLoc":"client/src/components/About.tsx:99","href":null,"text":"Node.js, Spring Boot, Express, RESTful APIs","selectorHint":"[data-loc=\"client/src/components/About.tsx:99\"]"},"x":329,"y":340}}
[2026-08-10T05:44:56.246Z] {"timestamp":1786340695556,"kind":"scroll","url":"http://localhost:3000/","viewport":{"width":1440,"height":778},"payload":{"scrollX":0,"scrollY":1219,"documentHeight":8007,"viewportHeight":778}}
[2026-08-10T05:44:56.246Z] {"timestamp":1786340696071,"kind":"scroll","url":"http://localhost:3000/","viewport":{"width":1440,"height":778},"payload":{"scrollX":0,"scrollY":245,"documentHeight":8007,"viewportHeight":778}}
[2026-08-10T05:44:58.244Z] {"timestamp":1786340696572,"kind":"scroll","url":"http://localhost:3000/","viewport":{"width":1440,"height":778},"payload":{"scrollX":0,"scrollY":1493,"documentHeight":8007,"viewportHeight":778}}
[2026-08-10T05:44:58.244Z] {"timestamp":1786340697161,"kind":"scroll","url":"http://localhost:3000/","viewport":{"width":1440,"height":778},"payload":{"scrollX":0,"scrollY":1488,"documentHeight":8007,"viewportHeight":778}}
[2026-08-10T05:44:58.244Z] {"timestamp":1786340697678,"kind":"scroll","url":"http://localhost:3000/","viewport":{"width":1440,"height":778},"payload":{"scrollX":0,"scrollY":1297,"documentHeight":8007,"viewportHeight":778}}
[2026-08-10T05:44:58.244Z] {"timestamp":1786340698188,"kind":"scroll","url":"http://localhost:3000/","viewport":{"width":1440,"height":778},"payload":{"scrollX":0,"scrollY":994,"documentHeight":8007,"viewportHeight":778}}
[2026-08-10T05:45:00.243Z] {"timestamp":1786340699038,"kind":"scroll","url":"http://localhost:3000/","viewport":{"width":1440,"height":778},"payload":{"scrollX":0,"scrollY":26.5,"documentHeight":8007,"viewportHeight":778}}
[2026-08-10T05:45:00.243Z] {"timestamp":1786340699538,"kind":"scroll","url":"http://localhost:3000/","viewport":{"width":1440,"height":778},"payload":{"scrollX":0,"scrollY":1823.5,"documentHeight":8007,"viewportHeight":778}}
[2026-08-10T05:45:00.243Z] {"timestamp":1786340700039,"kind":"scroll","url":"http://localhost:3000/","viewport":{"width":1440,"height":778},"payload":{"scrollX":0,"scrollY":2659.5,"documentHeight":8007,"viewportHeight":778}}
[2026-08-10T05:45:02.253Z] {"timestamp":1786340700539,"kind":"scroll","url":"http://localhost:3000/","viewport":{"width":1440,"height":778},"payload":{"scrollX":0,"scrollY":21.5,"documentHeight":8007,"viewportHeight":778}}
[2026-08-10T05:45:02.253Z] {"timestamp":1786340702101,"kind":"focusin","url":"http://localhost:3000/","viewport":{"width":1440,"height":778},"payload":{"target":{"tag":"button","id":null,"name":null,"type":null,"role":null,"ariaLabel":"Toggle theme","testId":null,"dataLoc":"client/src/components/Header.tsx:50","href":null,"text":"","selectorHint":"[data-loc=\"client/src/components/Header.tsx:50\"]"}}}
[2026-08-10T05:45:02.253Z] {"timestamp":1786340702199,"kind":"click","url":"http://localhost:3000/","viewport":{"width":1440,"height":778},"payload":{"target":{"tag":"button","id":null,"name":null,"type":null,"role":null,"ariaLabel":"Toggle theme","testId":null,"dataLoc":"client/src/components/Header.tsx:50","href":null,"text":"","selectorHint":"[data-loc=\"client/src/components/Header.tsx:50\"]"},"x":1310,"y":26}}
[2026-08-10T05:45:04.243Z] {"timestamp":1786340702744,"kind":"scroll","url":"http://localhost:3000/","viewport":{"width":1440,"height":778},"payload":{"scrollX":0,"scrollY":1,"documentHeight":8007,"viewportHeight":778}}
[2026-08-10T05:45:04.243Z] {"timestamp":1786340703611,"kind":"scroll","url":"http://localhost:3000/","viewport":{"width":1440,"height":778},"payload":{"scrollX":0,"scrollY":213,"documentHeight":8007,"viewportHeight":778}}
[2026-08-10T05:45:06.243Z] {"timestamp":1786340705845,"kind":"scroll","url":"http://localhost:3000/","viewport":{"width":1440,"height":778},"payload":{"scrollX":0,"scrollY":1,"documentHeight":8007,"viewportHeight":778}}
[2026-08-10T05:45:08.243Z] {"timestamp":1786340706388,"kind":"scroll","url":"http://localhost:3000/","viewport":{"width":1440,"height":778},"payload":{"scrollX":0,"scrollY":644,"documentHeight":8007,"viewportHeight":778}}
[2026-08-10T05:45:08.243Z] {"timestamp":1786340706888,"kind":"scroll","url":"http://localhost:3000/","viewport":{"width":1440,"height":778},"payload":{"scrollX":0,"scrollY":1624,"documentHeight":8007,"viewportHeight":778}}
[2026-08-10T05:45:08.243Z] {"timestamp":1786340707977,"kind":"scroll","url":"http://localhost:3000/","viewport":{"width":1440,"height":778},"payload":{"scrollX":0,"scrollY":1162,"documentHeight":8007,"viewportHeight":778}}
[2026-08-10T05:45:10.243Z] {"timestamp":1786340708488,"kind":"scroll","url":"http://localhost:3000/","viewport":{"width":1440,"height":778},"payload":{"scrollX":0,"scrollY":1024,"documentHeight":8007,"viewportHeight":778}}
[2026-08-10T05:45:10.243Z] {"timestamp":1786340709819,"kind":"focusout","url":"http://localhost:3000/","viewport":{"width":1440,"height":778},"payload":{"target":{"tag":"button","id":null,"name":null,"type":null,"role":null,"ariaLabel":"Toggle theme","testId":null,"dataLoc":"client/src/components/Header.tsx:50","href":null,"text":"","selectorHint":"[data-loc=\"client/src/components/Header.tsx:50\"]"},"value":null}}
[2026-08-10T05:45:10.243Z] {"timestamp":1786340709819,"kind":"focusin","url":"http://localhost:3000/","viewport":{"width":1440,"height":778},"payload":{"target":{"tag":"div","id":null,"name":null,"type":null,"role":null,"ariaLabel":null,"testId":null,"dataLoc":"client/src/components/About.tsx:116","href":null,"text":"15+ Technologies","selectorHint":"[data-loc=\"client/src/components/About.tsx:116\"]"}}}
[2026-08-10T05:45:10.243Z] {"timestamp":1786340710147,"kind":"click","url":"http://localhost:3000/","viewport":{"width":1440,"height":778},"payload":{"target":{"tag":"div","id":null,"name":null,"type":null,"role":null,"ariaLabel":null,"testId":null,"dataLoc":"client/src/components/About.tsx:126","href":null,"text":"15+","selectorHint":"[data-loc=\"client/src/components/About.tsx:126\"]"},"x":829,"y":354}}
[2026-08-10T05:45:14.246Z] {"timestamp":1786340712704,"kind":"focusout","url":"http://localhost:3000/","viewport":{"width":1440,"height":778},"payload":{"target":{"tag":"div","id":null,"name":null,"type":null,"role":null,"ariaLabel":null,"testId":null,"dataLoc":"client/src/components/About.tsx:116","href":null,"text":"15+ Technologies","selectorHint":"[data-loc=\"client/src/components/About.tsx:116\"]"},"value":null}}
[2026-08-10T05:45:22.251Z] {"timestamp":1786340721841,"kind":"focusin","url":"http://localhost:3000/","viewport":{"width":1440,"height":778},"payload":{"target":{"tag":"div","id":null,"name":null,"type":null,"role":null,"ariaLabel":null,"testId":null,"dataLoc":"client/src/components/About.tsx:116","href":null,"text":"15+ Technologies","selectorHint":"[data-loc=\"client/src/components/About.tsx:116\"]"}}}
[2026-08-10T05:45:22.251Z] {"timestamp":1786340721954,"kind":"focusout","url":"http://localhost:3000/","viewport":{"width":1440,"height":778},"payload":{"target":{"tag":"div","id":null,"name":null,"type":null,"role":null,"ariaLabel":null,"testId":null,"dataLoc":"client/src/components/About.tsx:116","href":null,"text":"15+ Technologies","selectorHint":"[data-loc=\"client/src/components/About.tsx:116\"]"},"value":null}}
[2026-08-10T05:45:22.251Z] {"timestamp":1786340721954,"kind":"focusin","url":"http://localhost:3000/","viewport":{"width":1440,"height":778},"payload":{"target":{"tag":"div","id":null,"name":null,"type":null,"role":null,"ariaLabel":null,"testId":null,"dataLoc":"client/src/components/About.tsx:116","href":null,"text":"100% Client Satisfaction","selectorHint":"[data-loc=\"client/src/components/About.tsx:116\"]"}}}
[2026-08-10T05:45:22.251Z] {"timestamp":1786340721955,"kind":"click","url":"http://localhost:3000/","viewport":{"width":1440,"height":778},"payload":{"target":{"tag":"p","id":null,"name":null,"type":null,"role":null,"ariaLabel":null,"testId":null,"dataLoc":"client/src/components/About.tsx:138","href":null,"text":"Client Satisfaction","selectorHint":"[data-loc=\"client/src/components/About.tsx:138\"]"},"x":1110,"y":385}}
[2026-08-10T05:45:22.251Z] {"timestamp":1786340722013,"kind":"click","url":"http://localhost:3000/","viewport":{"width":1440,"height":778},"payload":{"target":{"tag":"p","id":null,"name":null,"type":null,"role":null,"ariaLabel":null,"testId":null,"dataLoc":"client/src/components/About.tsx:138","href":null,"text":"Client Satisfaction","selectorHint":"[data-loc=\"client/src/components/About.tsx:138\"]"},"x":1110,"y":385}}
[2026-08-10T05:45:22.251Z] {"timestamp":1786340722180,"kind":"click","url":"http://localhost:3000/","viewport":{"width":1440,"height":778},"payload":{"target":{"tag":"p","id":null,"name":null,"type":null,"role":null,"ariaLabel":null,"testId":null,"dataLoc":"client/src/components/About.tsx:138","href":null,"text":"Client Satisfaction","selectorHint":"[data-loc=\"client/src/components/About.tsx:138\"]"},"x":1110,"y":385}}
[2026-08-10T05:45:26.243Z] {"timestamp":1786340724317,"kind":"focusout","url":"http://localhost:3000/","viewport":{"width":1440,"height":778},"payload":{"target":{"tag":"div","id":null,"name":null,"type":null,"role":null,"ariaLabel":null,"testId":null,"dataLoc":"client/src/components/About.tsx:116","href":null,"text":"100% Client Satisfaction","selectorHint":"[data-loc=\"client/src/components/About.tsx:116\"]"},"value":null}}
[2026-08-10T05:45:26.243Z] {"timestamp":1786340724317,"kind":"focusin","url":"http://localhost:3000/","viewport":{"width":1440,"height":778},"payload":{"target":{"tag":"div","id":null,"name":null,"type":null,"role":null,"ariaLabel":null,"testId":null,"dataLoc":"client/src/components/About.tsx:116","href":null,"text":"15+ Technologies","selectorHint":"[data-loc=\"client/src/components/About.tsx:116\"]"}}}
[2026-08-10T05:45:26.243Z] {"timestamp":1786340724363,"kind":"click","url":"http://localhost:3000/","viewport":{"width":1440,"height":778},"payload":{"target":{"tag":"div","id":null,"name":null,"type":null,"role":null,"ariaLabel":null,"testId":null,"dataLoc":"client/src/components/About.tsx:126","href":null,"text":"15+","selectorHint":"[data-loc=\"client/src/components/About.tsx:126\"]"},"x":863,"y":367}}
[2026-08-10T05:45:26.243Z] {"timestamp":1786340724596,"kind":"click","url":"http://localhost:3000/","viewport":{"width":1440,"height":778},"payload":{"target":{"tag":"div","id":null,"name":null,"type":null,"role":null,"ariaLabel":null,"testId":null,"dataLoc":"client/src/components/About.tsx:126","href":null,"text":"15+","selectorHint":"[data-loc=\"client/src/components/About.tsx:126\"]"},"x":863,"y":367}}
[2026-08-10T05:45:26.243Z] {"timestamp":1786340724896,"kind":"click","url":"http://localhost:3000/","viewport":{"width":1440,"height":778},"payload":{"target":{"tag":"div","id":null,"name":null,"type":null,"role":null,"ariaLabel":null,"testId":null,"dataLoc":"client/src/components/About.tsx:126","href":null,"text":"15+","selectorHint":"[data-loc=\"client/src/components/About.tsx:126\"]"},"x":863,"y":367}}
[2026-08-10T05:45:26.243Z] {"timestamp":1786340725868,"kind":"focusout","url":"http://localhost:3000/","viewport":{"width":1440,"height":778},"payload":{"target":{"tag":"div","id":null,"name":null,"type":null,"role":null,"ariaLabel":null,"testId":null,"dataLoc":"client/src/components/About.tsx:116","href":null,"text":"15+ Technologies","selectorHint":"[data-loc=\"client/src/components/About.tsx:116\"]"},"value":null}}
[2026-08-10T05:45:26.243Z] {"timestamp":1786340725946,"kind":"click","url":"http://localhost:3000/","viewport":{"width":1440,"height":778},"payload":{"target":{"tag":"div","id":null,"name":null,"type":null,"role":null,"ariaLabel":null,"testId":null,"dataLoc":"client/src/components/About.tsx:42","href":null,"text":"About Me I'm a passionate full-stack developer based in Cambodia with a strong f…","selectorHint":"[data-loc=\"client/src/components/About.tsx:42\"]"},"x":990,"y":554}}
[2026-08-10T05:45:28.243Z] {"timestamp":1786340726377,"kind":"scroll","url":"http://localhost:3000/","viewport":{"width":1440,"height":778},"payload":{"scrollX":0,"scrollY":1026,"documentHeight":8007,"viewportHeight":778}}
[2026-08-10T05:45:28.243Z] {"timestamp":1786340726887,"kind":"scroll","url":"http://localhost:3000/","viewport":{"width":1440,"height":778},"payload":{"scrollX":0,"scrollY":1103,"documentHeight":8007,"viewportHeight":778}}
[2026-08-10T05:45:28.243Z] {"timestamp":1786340727605,"kind":"scroll","url":"http://localhost:3000/","viewport":{"width":1440,"height":778},"payload":{"scrollX":0,"scrollY":1370,"documentHeight":8007,"viewportHeight":778}}
[2026-08-10T05:46:28.310Z] {"timestamp":1786340787802,"kind":"scroll","url":"http://localhost:3000/","viewport":{"width":1440,"height":778},"payload":{"scrollX":0,"scrollY":1167,"documentHeight":8007,"viewportHeight":778}}
[2026-08-10T05:46:30.321Z] {"timestamp":1786340788351,"kind":"scroll","url":"http://localhost:3000/","viewport":{"width":1440,"height":778},"payload":{"scrollX":0,"scrollY":941,"documentHeight":8007,"viewportHeight":778}}
[2026-08-10T05:46:30.321Z] {"timestamp":1786340790048,"kind":"focusin","url":"http://localhost:3000/","viewport":{"width":1440,"height":778},"payload":{"target":{"tag":"a","id":null,"name":null,"type":null,"role":null,"ariaLabel":null,"testId":null,"dataLoc":"client/src/components/Header.tsx:37","href":"#experience","text":"Experience","selectorHint":"[data-loc=\"client/src/components/Header.tsx:37\"]"}}}
[2026-08-10T05:46:30.321Z] {"timestamp":1786340790142,"kind":"click","url":"http://localhost:3000/","viewport":{"width":1440,"height":778},"payload":{"target":{"tag":"a","id":null,"name":null,"type":null,"role":null,"ariaLabel":null,"testId":null,"dataLoc":"client/src/components/Header.tsx:37","href":"#experience","text":"Experience","selectorHint":"[data-loc=\"client/src/components/Header.tsx:37\"]"},"x":866,"y":46}}
[2026-08-10T05:46:30.321Z] {"timestamp":1786340790147,"kind":"navigate","url":"http://localhost:3000/#experience","viewport":{"width":1440,"height":778},"payload":{"reason":"popstate"}}
[2026-08-10T05:46:30.321Z] {"timestamp":1786340790148,"kind":"focusout","url":"http://localhost:3000/#experience","viewport":{"width":1440,"height":778},"payload":{"target":{"tag":"a","id":null,"name":null,"type":null,"role":null,"ariaLabel":null,"testId":null,"dataLoc":"client/src/components/Header.tsx:37","href":"#experience","text":"Experience","selectorHint":"[data-loc=\"client/src/components/Header.tsx:37\"]"},"value":null}}
[2026-08-10T05:46:30.321Z] {"timestamp":1786340790151,"kind":"scroll","url":"http://localhost:3000/#experience","viewport":{"width":1440,"height":778},"payload":{"scrollX":0,"scrollY":3082.5,"documentHeight":8007,"viewportHeight":778}}
[2026-08-10T05:46:30.322Z] {"timestamp":1786340790152,"kind":"navigate","url":"http://localhost:3000/#experience","viewport":{"width":1440,"height":778},"payload":{"reason":"hashchange"}}
[2026-08-10T05:46:32.324Z] {"timestamp":1786340790879,"kind":"focusin","url":"http://localhost:3000/#experience","viewport":{"width":1440,"height":778},"payload":{"target":{"tag":"a","id":null,"name":null,"type":null,"role":null,"ariaLabel":null,"testId":null,"dataLoc":"client/src/components/Header.tsx:37","href":"#projects","text":"Projects","selectorHint":"[data-loc=\"client/src/components/Header.tsx:37\"]"}}}
[2026-08-10T05:46:32.325Z] {"timestamp":1786340790992,"kind":"click","url":"http://localhost:3000/#experience","viewport":{"width":1440,"height":778},"payload":{"target":{"tag":"a","id":null,"name":null,"type":null,"role":null,"ariaLabel":null,"testId":null,"dataLoc":"client/src/components/Header.tsx:37","href":"#projects","text":"Projects","selectorHint":"[data-loc=\"client/src/components/Header.tsx:37\"]"},"x":768,"y":47}}
[2026-08-10T05:46:32.325Z] {"timestamp":1786340790993,"kind":"navigate","url":"http://localhost:3000/#projects","viewport":{"width":1440,"height":778},"payload":{"reason":"popstate"}}
[2026-08-10T05:46:32.325Z] {"timestamp":1786340791001,"kind":"navigate","url":"http://localhost:3000/#projects","viewport":{"width":1440,"height":778},"payload":{"reason":"hashchange"}}
[2026-08-10T05:46:32.325Z] {"timestamp":1786340791592,"kind":"click","url":"http://localhost:3000/#projects","viewport":{"width":1440,"height":778},"payload":{"target":{"tag":"a","id":null,"name":null,"type":null,"role":null,"ariaLabel":null,"testId":null,"dataLoc":"client/src/components/Header.tsx:37","href":"#projects","text":"Projects","selectorHint":"[data-loc=\"client/src/components/Header.tsx:37\"]"},"x":768,"y":47}}
[2026-08-10T05:46:32.325Z] {"timestamp":1786340791593,"kind":"navigate","url":"http://localhost:3000/#projects","viewport":{"width":1440,"height":778},"payload":{"reason":"popstate"}}
[2026-08-10T05:46:32.325Z] {"timestamp":1786340791759,"kind":"click","url":"http://localhost:3000/#projects","viewport":{"width":1440,"height":778},"payload":{"target":{"tag":"a","id":null,"name":null,"type":null,"role":null,"ariaLabel":null,"testId":null,"dataLoc":"client/src/components/Header.tsx:37","href":"#projects","text":"Projects","selectorHint":"[data-loc=\"client/src/components/Header.tsx:37\"]"},"x":768,"y":47}}
[2026-08-10T05:46:32.325Z] {"timestamp":1786340791759,"kind":"navigate","url":"http://localhost:3000/#projects","viewport":{"width":1440,"height":778},"payload":{"reason":"popstate"}}
[2026-08-10T05:46:32.325Z] {"timestamp":1786340791909,"kind":"click","url":"http://localhost:3000/#projects","viewport":{"width":1440,"height":778},"payload":{"target":{"tag":"a","id":null,"name":null,"type":null,"role":null,"ariaLabel":null,"testId":null,"dataLoc":"client/src/components/Header.tsx:37","href":"#projects","text":"Projects","selectorHint":"[data-loc=\"client/src/components/Header.tsx:37\"]"},"x":768,"y":47}}
[2026-08-10T05:46:32.325Z] {"timestamp":1786340791909,"kind":"navigate","url":"http://localhost:3000/#projects","viewport":{"width":1440,"height":778},"payload":{"reason":"popstate"}}
[2026-08-10T05:46:32.325Z] {"timestamp":1786340792042,"kind":"click","url":"http://localhost:3000/#projects","viewport":{"width":1440,"height":778},"payload":{"target":{"tag":"a","id":null,"name":null,"type":null,"role":null,"ariaLabel":null,"testId":null,"dataLoc":"client/src/components/Header.tsx:37","href":"#projects","text":"Projects","selectorHint":"[data-loc=\"client/src/components/Header.tsx:37\"]"},"x":768,"y":47}}
[2026-08-10T05:46:32.325Z] {"timestamp":1786340792042,"kind":"navigate","url":"http://localhost:3000/#projects","viewport":{"width":1440,"height":778},"payload":{"reason":"popstate"}}
[2026-08-10T05:46:32.325Z] {"timestamp":1786340792175,"kind":"click","url":"http://localhost:3000/#projects","viewport":{"width":1440,"height":778},"payload":{"target":{"tag":"a","id":null,"name":null,"type":null,"role":null,"ariaLabel":null,"testId":null,"dataLoc":"client/src/components/Header.tsx:37","href":"#projects","text":"Projects","selectorHint":"[data-loc=\"client/src/components/Header.tsx:37\"]"},"x":768,"y":47}}
[2026-08-10T05:46:32.325Z] {"timestamp":1786340792176,"kind":"navigate","url":"http://localhost:3000/#projects","viewport":{"width":1440,"height":778},"payload":{"reason":"popstate"}}
[2026-08-10T05:46:36.313Z] {"timestamp":1786340794544,"kind":"focusout","url":"http://localhost:3000/#projects","viewport":{"width":1440,"height":778},"payload":{"target":{"tag":"a","id":null,"name":null,"type":null,"role":null,"ariaLabel":null,"testId":null,"dataLoc":"client/src/components/Header.tsx:37","href":"#projects","text":"Projects","selectorHint":"[data-loc=\"client/src/components/Header.tsx:37\"]"},"value":null}}
[2026-08-10T05:47:16.313Z] {"timestamp":1786340834966,"kind":"scroll","url":"http://localhost:3000/#projects","viewport":{"width":1440,"height":778},"payload":{"scrollX":0,"scrollY":3066.5,"documentHeight":8007,"viewportHeight":778}}
[2026-08-10T05:47:16.313Z] {"timestamp":1786340835466,"kind":"scroll","url":"http://localhost:3000/#projects","viewport":{"width":1440,"height":778},"payload":{"scrollX":0,"scrollY":1410.5,"documentHeight":8007,"viewportHeight":778}}
[2026-08-10T05:47:18.311Z] {"timestamp":1786340836880,"kind":"focusin","url":"http://localhost:3000/#projects","viewport":{"width":1440,"height":778},"payload":{"target":{"tag":"a","id":null,"name":null,"type":null,"role":null,"ariaLabel":null,"testId":null,"dataLoc":"client/src/components/Header.tsx:37","href":"#about","text":"About","selectorHint":"[data-loc=\"client/src/components/Header.tsx:37\"]"}}}
[2026-08-10T05:47:18.311Z] {"timestamp":1786340836958,"kind":"click","url":"http://localhost:3000/#projects","viewport":{"width":1440,"height":778},"payload":{"target":{"tag":"a","id":null,"name":null,"type":null,"role":null,"ariaLabel":null,"testId":null,"dataLoc":"client/src/components/Header.tsx:37","href":"#about","text":"About","selectorHint":"[data-loc=\"client/src/components/Header.tsx:37\"]"},"x":657,"y":48}}
[2026-08-10T05:47:18.311Z] {"timestamp":1786340836961,"kind":"navigate","url":"http://localhost:3000/#about","viewport":{"width":1440,"height":778},"payload":{"reason":"popstate"}}
[2026-08-10T05:47:18.312Z] {"timestamp":1786340836962,"kind":"focusout","url":"http://localhost:3000/#about","viewport":{"width":1440,"height":778},"payload":{"target":{"tag":"a","id":null,"name":null,"type":null,"role":null,"ariaLabel":null,"testId":null,"dataLoc":"client/src/components/Header.tsx:37","href":"#about","text":"About","selectorHint":"[data-loc=\"client/src/components/Header.tsx:37\"]"},"value":null}}
[2026-08-10T05:47:18.312Z] {"timestamp":1786340836966,"kind":"scroll","url":"http://localhost:3000/#about","viewport":{"width":1440,"height":778},"payload":{"scrollX":0,"scrollY":859,"documentHeight":8007,"viewportHeight":778}}
[2026-08-10T05:47:18.312Z] {"timestamp":1786340836968,"kind":"navigate","url":"http://localhost:3000/#about","viewport":{"width":1440,"height":778},"payload":{"reason":"hashchange"}}
[2026-08-10T05:47:18.312Z] {"timestamp":1786340837378,"kind":"focusin","url":"http://localhost:3000/#about","viewport":{"width":1440,"height":778},"payload":{"target":{"tag":"a","id":null,"name":null,"type":null,"role":null,"ariaLabel":null,"testId":null,"dataLoc":"client/src/components/Header.tsx:37","href":"#about","text":"About","selectorHint":"[data-loc=\"client/src/components/Header.tsx:37\"]"}}}
[2026-08-10T05:47:18.312Z] {"timestamp":1786340837458,"kind":"click","url":"http://localhost:3000/#about","viewport":{"width":1440,"height":778},"payload":{"target":{"tag":"a","id":null,"name":null,"type":null,"role":null,"ariaLabel":null,"testId":null,"dataLoc":"client/src/components/Header.tsx:37","href":"#about","text":"About","selectorHint":"[data-loc=\"client/src/components/Header.tsx:37\"]"},"x":657,"y":47}}
[2026-08-10T05:47:18.312Z] {"timestamp":1786340837459,"kind":"navigate","url":"http://localhost:3000/#about","viewport":{"width":1440,"height":778},"payload":{"reason":"popstate"}}
[2026-08-10T05:47:18.312Z] {"timestamp":1786340837459,"kind":"focusout","url":"http://localhost:3000/#about","viewport":{"width":1440,"height":778},"payload":{"target":{"tag":"a","id":null,"name":null,"type":null,"role":null,"ariaLabel":null,"testId":null,"dataLoc":"client/src/components/Header.tsx:37","href":"#about","text":"About","selectorHint":"[data-loc=\"client/src/components/Header.tsx:37\"]"},"value":null}}
[2026-08-10T05:47:18.312Z] {"timestamp":1786340837578,"kind":"focusin","url":"http://localhost:3000/#about","viewport":{"width":1440,"height":778},"payload":{"target":{"tag":"a","id":null,"name":null,"type":null,"role":null,"ariaLabel":null,"testId":null,"dataLoc":"client/src/components/Header.tsx:37","href":"#about","text":"About","selectorHint":"[data-loc=\"client/src/components/Header.tsx:37\"]"}}}
[2026-08-10T05:47:18.312Z] {"timestamp":1786340837674,"kind":"click","url":"http://localhost:3000/#about","viewport":{"width":1440,"height":778},"payload":{"target":{"tag":"a","id":null,"name":null,"type":null,"role":null,"ariaLabel":null,"testId":null,"dataLoc":"client/src/components/Header.tsx:37","href":"#about","text":"About","selectorHint":"[data-loc=\"client/src/components/Header.tsx:37\"]"},"x":657,"y":47}}
[2026-08-10T05:47:18.312Z] {"timestamp":1786340837675,"kind":"navigate","url":"http://localhost:3000/#about","viewport":{"width":1440,"height":778},"payload":{"reason":"popstate"}}
[2026-08-10T05:47:18.312Z] {"timestamp":1786340837675,"kind":"focusout","url":"http://localhost:3000/#about","viewport":{"width":1440,"height":778},"payload":{"target":{"tag":"a","id":null,"name":null,"type":null,"role":null,"ariaLabel":null,"testId":null,"dataLoc":"client/src/components/Header.tsx:37","href":"#about","text":"About","selectorHint":"[data-loc=\"client/src/components/Header.tsx:37\"]"},"value":null}}
[2026-08-10T05:47:18.312Z] {"timestamp":1786340838205,"kind":"scroll","url":"http://localhost:3000/#about","viewport":{"width":1440,"height":778},"payload":{"scrollX":0,"scrollY":858,"documentHeight":8007,"viewportHeight":778}}
[2026-08-10T05:47:20.309Z] {"timestamp":1786340839141,"kind":"click","url":"http://localhost:3000/#about","viewport":{"width":1440,"height":778},"payload":{"target":{"tag":"div","id":null,"name":null,"type":null,"role":null,"ariaLabel":null,"testId":null,"dataLoc":"client/src/components/Header.tsx:19","href":null,"text":"PS Pisey Suon About Skills Experience Contact","selectorHint":"[data-loc=\"client/src/components/Header.tsx:19\"]"},"x":724,"y":19}}
[2026-08-10T05:47:20.309Z] {"timestamp":1786340839524,"kind":"click","url":"http://localhost:3000/#about","viewport":{"width":1440,"height":778},"payload":{"target":{"tag":"div","id":null,"name":null,"type":null,"role":null,"ariaLabel":null,"testId":null,"dataLoc":"client/src/components/Header.tsx:19","href":null,"text":"PS Pisey Suon About Skills Experience Contact","selectorHint":"[data-loc=\"client/src/components/Header.tsx:19\"]"},"x":724,"y":29}}
[2026-08-10T05:47:20.309Z] {"timestamp":1786340839974,"kind":"click","url":"http://localhost:3000/#about","viewport":{"width":1440,"height":778},"payload":{"target":{"tag":"div","id":null,"name":null,"type":null,"role":null,"ariaLabel":null,"testId":null,"dataLoc":"client/src/components/Header.tsx:19","href":null,"text":"PS Pisey Suon About Skills Experience Contact","selectorHint":"[data-loc=\"client/src/components/Header.tsx:19\"]"},"x":724,"y":29}}
[2026-08-10T05:47:22.312Z] {"timestamp":1786340840441,"kind":"click","url":"http://localhost:3000/#about","viewport":{"width":1440,"height":778},"payload":{"target":{"tag":"div","id":null,"name":null,"type":null,"role":null,"ariaLabel":null,"testId":null,"dataLoc":"client/src/components/Header.tsx:19","href":null,"text":"PS Pisey Suon About Skills Experience Contact","selectorHint":"[data-loc=\"client/src/components/Header.tsx:19\"]"},"x":724,"y":51}}
[2026-08-10T05:47:22.312Z] {"timestamp":1786340840811,"kind":"focusin","url":"http://localhost:3000/#about","viewport":{"width":1440,"height":778},"payload":{"target":{"tag":"a","id":null,"name":null,"type":null,"role":null,"ariaLabel":null,"testId":null,"dataLoc":"client/src/components/Header.tsx:37","href":"#skills","text":"Skills","selectorHint":"[data-loc=\"client/src/components/Header.tsx:37\"]"}}}
[2026-08-10T05:47:22.312Z] {"timestamp":1786340840874,"kind":"click","url":"http://localhost:3000/#about","viewport":{"width":1440,"height":778},"payload":{"target":{"tag":"a","id":null,"name":null,"type":null,"role":null,"ariaLabel":null,"testId":null,"dataLoc":"client/src/components/Header.tsx:37","href":"#skills","text":"Skills","selectorHint":"[data-loc=\"client/src/components/Header.tsx:37\"]"},"x":717,"y":38}}
[2026-08-10T05:47:22.312Z] {"timestamp":1786340840875,"kind":"navigate","url":"http://localhost:3000/#skills","viewport":{"width":1440,"height":778},"payload":{"reason":"popstate"}}
[2026-08-10T05:47:22.312Z] {"timestamp":1786340840875,"kind":"focusout","url":"http://localhost:3000/#skills","viewport":{"width":1440,"height":778},"payload":{"target":{"tag":"a","id":null,"name":null,"type":null,"role":null,"ariaLabel":null,"testId":null,"dataLoc":"client/src/components/Header.tsx:37","href":"#skills","text":"Skills","selectorHint":"[data-loc=\"client/src/components/Header.tsx:37\"]"},"value":null}}
[2026-08-10T05:47:22.312Z] {"timestamp":1786340840882,"kind":"scroll","url":"http://localhost:3000/#skills","viewport":{"width":1440,"height":778},"payload":{"scrollX":0,"scrollY":1775.5,"documentHeight":8007,"viewportHeight":778}}
[2026-08-10T05:47:22.312Z] {"timestamp":1786340840883,"kind":"navigate","url":"http://localhost:3000/#skills","viewport":{"width":1440,"height":778},"payload":{"reason":"hashchange"}}
[2026-08-10T05:47:22.312Z] {"timestamp":1786340841657,"kind":"click","url":"http://localhost:3000/#skills","viewport":{"width":1440,"height":778},"payload":{"target":{"tag":"div","id":null,"name":null,"type":null,"role":null,"ariaLabel":null,"testId":null,"dataLoc":"client/src/components/Header.tsx:19","href":null,"text":"PS Pisey Suon About Skills Experience Contact","selectorHint":"[data-loc=\"client/src/components/Header.tsx:19\"]"},"x":792,"y":51}}
[2026-08-10T05:47:24.313Z] {"timestamp":1786340842311,"kind":"focusin","url":"http://localhost:3000/#skills","viewport":{"width":1440,"height":778},"payload":{"target":{"tag":"a","id":null,"name":null,"type":null,"role":null,"ariaLabel":null,"testId":null,"dataLoc":"client/src/components/Header.tsx:37","href":"#experience","text":"Experience","selectorHint":"[data-loc=\"client/src/components/Header.tsx:37\"]"}}}
[2026-08-10T05:47:24.313Z] {"timestamp":1786340842424,"kind":"click","url":"http://localhost:3000/#skills","viewport":{"width":1440,"height":778},"payload":{"target":{"tag":"a","id":null,"name":null,"type":null,"role":null,"ariaLabel":null,"testId":null,"dataLoc":"client/src/components/Header.tsx:37","href":"#experience","text":"Experience","selectorHint":"[data-loc=\"client/src/components/Header.tsx:37\"]"},"x":800,"y":48}}
[2026-08-10T05:47:24.313Z] {"timestamp":1786340842425,"kind":"navigate","url":"http://localhost:3000/#experience","viewport":{"width":1440,"height":778},"payload":{"reason":"popstate"}}
[2026-08-10T05:47:24.313Z] {"timestamp":1786340842425,"kind":"focusout","url":"http://localhost:3000/#experience","viewport":{"width":1440,"height":778},"payload":{"target":{"tag":"a","id":null,"name":null,"type":null,"role":null,"ariaLabel":null,"testId":null,"dataLoc":"client/src/components/Header.tsx:37","href":"#experience","text":"Experience","selectorHint":"[data-loc=\"client/src/components/Header.tsx:37\"]"},"value":null}}
[2026-08-10T05:47:24.313Z] {"timestamp":1786340842433,"kind":"scroll","url":"http://localhost:3000/#experience","viewport":{"width":1440,"height":778},"payload":{"scrollX":0,"scrollY":3082.5,"documentHeight":8007,"viewportHeight":778}}
[2026-08-10T05:47:24.313Z] {"timestamp":1786340842434,"kind":"navigate","url":"http://localhost:3000/#experience","viewport":{"width":1440,"height":778},"payload":{"reason":"hashchange"}}
[2026-08-10T05:47:24.313Z] {"timestamp":1786340843255,"kind":"scroll","url":"http://localhost:3000/#experience","viewport":{"width":1440,"height":778},"payload":{"scrollX":0,"scrollY":3083.5,"documentHeight":8007,"viewportHeight":778}}
[2026-08-10T05:47:24.313Z] {"timestamp":1786340843766,"kind":"scroll","url":"http://localhost:3000/#experience","viewport":{"width":1440,"height":778},"payload":{"scrollX":0,"scrollY":3405.5,"documentHeight":8007,"viewportHeight":778}}
[2026-08-10T05:47:26.314Z] {"timestamp":1786340844624,"kind":"click","url":"http://localhost:3000/#experience","viewport":{"width":1440,"height":778},"payload":{"target":{"tag":"div","id":null,"name":null,"type":null,"role":null,"ariaLabel":null,"testId":null,"dataLoc":"client/src/components/Header.tsx:19","href":null,"text":"PS Pisey Suon About Skills Experience Contact","selectorHint":"[data-loc=\"client/src/components/Header.tsx:19\"]"},"x":900,"y":51}}
[2026-08-10T05:47:26.314Z] {"timestamp":1786340844994,"kind":"focusin","url":"http://localhost:3000/#experience","viewport":{"width":1440,"height":778},"payload":{"target":{"tag":"a","id":null,"name":null,"type":null,"role":null,"ariaLabel":null,"testId":null,"dataLoc":"client/src/components/Header.tsx:37","href":"#contact","text":"Contact","selectorHint":"[data-loc=\"client/src/components/Header.tsx:37\"]"}}}
[2026-08-10T05:47:26.314Z] {"timestamp":1786340845091,"kind":"click","url":"http://localhost:3000/#experience","viewport":{"width":1440,"height":778},"payload":{"target":{"tag":"a","id":null,"name":null,"type":null,"role":null,"ariaLabel":null,"testId":null,"dataLoc":"client/src/components/Header.tsx:37","href":"#contact","text":"Contact","selectorHint":"[data-loc=\"client/src/components/Header.tsx:37\"]"},"x":899,"y":41}}
[2026-08-10T05:47:26.314Z] {"timestamp":1786340845091,"kind":"navigate","url":"http://localhost:3000/#contact","viewport":{"width":1440,"height":778},"payload":{"reason":"popstate"}}
[2026-08-10T05:47:26.314Z] {"timestamp":1786340845091,"kind":"focusout","url":"http://localhost:3000/#contact","viewport":{"width":1440,"height":778},"payload":{"target":{"tag":"a","id":null,"name":null,"type":null,"role":null,"ariaLabel":null,"testId":null,"dataLoc":"client/src/components/Header.tsx:37","href":"#contact","text":"Contact","selectorHint":"[data-loc=\"client/src/components/Header.tsx:37\"]"},"value":null}}
[2026-08-10T05:47:26.314Z] {"timestamp":1786340845099,"kind":"scroll","url":"http://localhost:3000/#contact","viewport":{"width":1440,"height":778},"payload":{"scrollX":0,"scrollY":6158.5,"documentHeight":8007,"viewportHeight":778}}
[2026-08-10T05:47:26.314Z] {"timestamp":1786340845100,"kind":"navigate","url":"http://localhost:3000/#contact","viewport":{"width":1440,"height":778},"payload":{"reason":"hashchange"}}
[2026-08-10T05:47:26.314Z] {"timestamp":1786340845694,"kind":"focusin","url":"http://localhost:3000/#contact","viewport":{"width":1440,"height":778},"payload":{"target":{"tag":"a","id":null,"name":null,"type":null,"role":null,"ariaLabel":null,"testId":null,"dataLoc":"client/src/components/Header.tsx:37","href":"#experience","text":"Experience","selectorHint":"[data-loc=\"client/src/components/Header.tsx:37\"]"}}}
[2026-08-10T05:47:26.314Z] {"timestamp":1786340845808,"kind":"click","url":"http://localhost:3000/#contact","viewport":{"width":1440,"height":778},"payload":{"target":{"tag":"a","id":null,"name":null,"type":null,"role":null,"ariaLabel":null,"testId":null,"dataLoc":"client/src/components/Header.tsx:37","href":"#experience","text":"Experience","selectorHint":"[data-loc=\"client/src/components/Header.tsx:37\"]"},"x":828,"y":32}}
[2026-08-10T05:47:26.314Z] {"timestamp":1786340845808,"kind":"navigate","url":"http://localhost:3000/#experience","viewport":{"width":1440,"height":778},"payload":{"reason":"popstate"}}
[2026-08-10T05:47:26.314Z] {"timestamp":1786340845808,"kind":"focusout","url":"http://localhost:3000/#experience","viewport":{"width":1440,"height":778},"payload":{"target":{"tag":"a","id":null,"name":null,"type":null,"role":null,"ariaLabel":null,"testId":null,"dataLoc":"client/src/components/Header.tsx:37","href":"#experience","text":"Experience","selectorHint":"[data-loc=\"client/src/components/Header.tsx:37\"]"},"value":null}}
[2026-08-10T05:47:26.314Z] {"timestamp":1786340845815,"kind":"scroll","url":"http://localhost:3000/#experience","viewport":{"width":1440,"height":778},"payload":{"scrollX":0,"scrollY":3082.5,"documentHeight":8007,"viewportHeight":778}}
[2026-08-10T05:47:26.314Z] {"timestamp":1786340845817,"kind":"navigate","url":"http://localhost:3000/#experience","viewport":{"width":1440,"height":778},"payload":{"reason":"hashchange"}}
[2026-08-10T05:47:28.309Z] {"timestamp":1786340846572,"kind":"scroll","url":"http://localhost:3000/#experience","viewport":{"width":1440,"height":778},"payload":{"scrollX":0,"scrollY":3083.5,"documentHeight":8007,"viewportHeight":778}}
[2026-08-10T05:47:30.309Z] {"timestamp":1786340849672,"kind":"scroll","url":"http://localhost:3000/#experience","viewport":{"width":1440,"height":778},"payload":{"scrollX":0,"scrollY":3203.5,"documentHeight":8007,"viewportHeight":778}}
[2026-08-10T05:47:32.312Z] {"timestamp":1786340850499,"kind":"scroll","url":"http://localhost:3000/#experience","viewport":{"width":1440,"height":778},"payload":{"scrollX":0,"scrollY":3055.5,"documentHeight":8007,"viewportHeight":778}}
[2026-08-10T05:47:32.312Z] {"timestamp":1786340851115,"kind":"scroll","url":"http://localhost:3000/#experience","viewport":{"width":1440,"height":778},"payload":{"scrollX":0,"scrollY":2927.5,"documentHeight":8007,"viewportHeight":778}}
[2026-08-10T05:47:32.312Z] {"timestamp":1786340851682,"kind":"scroll","url":"http://localhost:3000/#experience","viewport":{"width":1440,"height":778},"payload":{"scrollX":0,"scrollY":3135.5,"documentHeight":8007,"viewportHeight":778}}
[2026-08-10T05:50:22.345Z] {"timestamp":1786341020498,"kind":"scroll","url":"http://localhost:3000/#experience","viewport":{"width":1440,"height":778},"payload":{"scrollX":0,"scrollY":3140.5,"documentHeight":7731,"viewportHeight":778}}
[2026-08-10T05:50:22.346Z] {"timestamp":1786341021197,"kind":"scroll","url":"http://localhost:3000/#experience","viewport":{"width":1440,"height":778},"payload":{"scrollX":0,"scrollY":3181.5,"documentHeight":7731,"viewportHeight":778}}
[2026-08-10T05:50:22.346Z] {"timestamp":1786341021697,"kind":"scroll","url":"http://localhost:3000/#experience","viewport":{"width":1440,"height":778},"payload":{"scrollX":0,"scrollY":3255.5,"documentHeight":7731,"viewportHeight":778}}
[2026-08-10T05:50:22.346Z] {"timestamp":1786341022304,"kind":"scroll","url":"http://localhost:3000/#experience","viewport":{"width":1440,"height":778},"payload":{"scrollX":0,"scrollY":3339.5,"documentHeight":7731,"viewportHeight":778}}
[2026-08-10T05:50:24.312Z] {"timestamp":1786341022853,"kind":"scroll","url":"http://localhost:3000/#experience","viewport":{"width":1440,"height":778},"payload":{"scrollX":0,"scrollY":3469.5,"documentHeight":7731,"viewportHeight":778}}
[2026-08-10T05:50:24.312Z] {"timestamp":1786341023436,"kind":"scroll","url":"http://localhost:3000/#experience","viewport":{"width":1440,"height":778},"payload":{"scrollX":0,"scrollY":3874.5,"documentHeight":7731,"viewportHeight":778}}
[2026-08-10T05:50:32.313Z] {"timestamp":1786341031796,"kind":"scroll","url":"http://localhost:3000/#experience","viewport":{"width":1440,"height":778},"payload":{"scrollX":0,"scrollY":3895.5,"documentHeight":7731,"viewportHeight":778}}
[2026-08-10T05:50:32.313Z] {"timestamp":1786341032297,"kind":"scroll","url":"http://localhost:3000/#experience","viewport":{"width":1440,"height":778},"payload":{"scrollX":0,"scrollY":3549.5,"documentHeight":7731,"viewportHeight":778}}
[2026-08-10T05:50:34.312Z] {"timestamp":1786341032797,"kind":"scroll","url":"http://localhost:3000/#experience","viewport":{"width":1440,"height":778},"payload":{"scrollX":0,"scrollY":3524.5,"documentHeight":7731,"viewportHeight":778}}
[2026-08-10T05:50:34.312Z] {"timestamp":1786341033313,"kind":"scroll","url":"http://localhost:3000/#experience","viewport":{"width":1440,"height":778},"payload":{"scrollX":0,"scrollY":3481.5,"documentHeight":7731,"viewportHeight":778}}
[2026-08-10T05:53:02.313Z] {"timestamp":1786341182094,"kind":"scroll","url":"http://localhost:3000/#experience","viewport":{"width":1440,"height":778},"payload":{"scrollX":0,"scrollY":3501.5,"documentHeight":7731,"viewportHeight":778}}
[2026-08-10T05:53:04.313Z] {"timestamp":1786341182610,"kind":"scroll","url":"http://localhost:3000/#experience","viewport":{"width":1440,"height":778},"payload":{"scrollX":0,"scrollY":4396.5,"documentHeight":7731,"viewportHeight":778}}
[2026-08-10T05:53:04.313Z] {"timestamp":1786341183633,"kind":"scroll","url":"http://localhost:3000/#experience","viewport":{"width":1440,"height":778},"payload":{"scrollX":0,"scrollY":4056.5,"documentHeight":7731,"viewportHeight":778}}
[2026-08-10T05:53:04.313Z] {"timestamp":1786341184266,"kind":"scroll","url":"http://localhost:3000/#experience","viewport":{"width":1440,"height":778},"payload":{"scrollX":0,"scrollY":3686.5,"documentHeight":7731,"viewportHeight":778}}
[2026-08-10T05:53:06.315Z] {"timestamp":1786341184832,"kind":"scroll","url":"http://localhost:3000/#experience","viewport":{"width":1440,"height":778},"payload":{"scrollX":0,"scrollY":3452.5,"documentHeight":7731,"viewportHeight":778}}
[2026-08-10T05:55:34.345Z] {"timestamp":1786341333860,"kind":"scroll","url":"http://localhost:3000/#experience","viewport":{"width":1440,"height":778},"payload":{"scrollX":0,"scrollY":3247.5,"documentHeight":7731,"viewportHeight":778}}
[2026-08-10T05:55:36.317Z] {"timestamp":1786341334375,"kind":"scroll","url":"http://localhost:3000/#experience","viewport":{"width":1440,"height":778},"payload":{"scrollX":0,"scrollY":3619.5,"documentHeight":7731,"viewportHeight":778}}
[2026-08-10T06:01:46.366Z] {"timestamp":1786341704559,"kind":"scroll","url":"http://localhost:3000/#experience","viewport":{"width":1440,"height":778},"payload":{"scrollX":0,"scrollY":3750.5,"documentHeight":7731,"viewportHeight":778}}
[2026-08-10T06:01:46.367Z] {"timestamp":1786341705058,"kind":"scroll","url":"http://localhost:3000/#experience","viewport":{"width":1440,"height":778},"payload":{"scrollX":0,"scrollY":1904.5,"documentHeight":7731,"viewportHeight":778}}
[2026-08-10T06:01:46.367Z] {"timestamp":1786341705730,"kind":"scroll","url":"http://localhost:3000/#experience","viewport":{"width":1440,"height":778},"payload":{"scrollX":0,"scrollY":2869.5,"documentHeight":7731,"viewportHeight":778}}
[2026-08-10T06:01:46.367Z] {"timestamp":1786341706240,"kind":"scroll","url":"http://localhost:3000/#experience","viewport":{"width":1440,"height":778},"payload":{"scrollX":0,"scrollY":3145.5,"documentHeight":7731,"viewportHeight":778}}
[2026-08-10T06:01:52.684Z] {"timestamp":1786341710935,"kind":"scroll","url":"http://localhost:3000/#experience","viewport":{"width":1440,"height":778},"payload":{"scrollX":0,"scrollY":3232,"documentHeight":7731,"viewportHeight":778}}
[2026-08-10T06:01:52.684Z] {"timestamp":1786341711475,"kind":"scroll","url":"http://localhost:3000/#experience","viewport":{"width":1440,"height":778},"payload":{"scrollX":0,"scrollY":3265,"documentHeight":7731,"viewportHeight":778}}
[2026-08-10T06:01:52.684Z] {"timestamp":1786341711974,"kind":"scroll","url":"http://localhost:3000/#experience","viewport":{"width":1440,"height":778},"payload":{"scrollX":0,"scrollY":4286,"documentHeight":7731,"viewportHeight":778}}
[2026-08-10T06:01:54.681Z] {"timestamp":1786341712873,"kind":"scroll","url":"http://localhost:3000/#experience","viewport":{"width":1440,"height":778},"payload":{"scrollX":0,"scrollY":3991,"documentHeight":7731,"viewportHeight":778}}
[2026-08-10T06:01:54.681Z] {"timestamp":1786341713541,"kind":"scroll","url":"http://localhost:3000/#experience","viewport":{"width":1440,"height":778},"payload":{"scrollX":0,"scrollY":3820,"documentHeight":7731,"viewportHeight":778}}
[2026-08-10T06:01:54.681Z] {"timestamp":1786341714148,"kind":"scroll","url":"http://localhost:3000/#experience","viewport":{"width":1440,"height":778},"payload":{"scrollX":0,"scrollY":3651,"documentHeight":7731,"viewportHeight":778}}
[2026-08-10T06:01:54.681Z] {"timestamp":1786341714658,"kind":"scroll","url":"http://localhost:3000/#experience","viewport":{"width":1440,"height":778},"payload":{"scrollX":0,"scrollY":3356,"documentHeight":7731,"viewportHeight":778}}
[2026-08-10T06:01:56.682Z] {"timestamp":1786341715218,"kind":"scroll","url":"http://localhost:3000/#experience","viewport":{"width":1440,"height":778},"payload":{"scrollX":0,"scrollY":2942,"documentHeight":7731,"viewportHeight":778}}
[2026-08-10T06:01:56.682Z] {"timestamp":1786341715724,"kind":"scroll","url":"http://localhost:3000/#experience","viewport":{"width":1440,"height":778},"payload":{"scrollX":0,"scrollY":1054,"documentHeight":7731,"viewportHeight":778}}
[2026-08-10T06:05:44.853Z] {"timestamp":1786341943751,"kind":"scroll","url":"http://localhost:3000/#experience","viewport":{"width":1440,"height":778},"payload":{"scrollX":0,"scrollY":11,"documentHeight":7731,"viewportHeight":778}}
[2026-08-10T06:05:44.853Z] {"timestamp":1786341944266,"kind":"scroll","url":"http://localhost:3000/#experience","viewport":{"width":1440,"height":778},"payload":{"scrollX":0,"scrollY":1500,"documentHeight":7731,"viewportHeight":778}}
[2026-08-10T06:05:44.853Z] {"timestamp":1786341944816,"kind":"scroll","url":"http://localhost:3000/#experience","viewport":{"width":1440,"height":778},"payload":{"scrollX":0,"scrollY":1972,"documentHeight":7731,"viewportHeight":778}}
[2026-08-10T06:05:46.793Z] {"timestamp":1786341945317,"kind":"scroll","url":"http://localhost:3000/#experience","viewport":{"width":1440,"height":778},"payload":{"scrollX":0,"scrollY":2350,"documentHeight":7731,"viewportHeight":778}}
[2026-08-10T06:05:47.116Z] {"timestamp":1786341946959,"kind":"scroll","url":"http://localhost:3000/#experience","viewport":{"width":1440,"height":778},"payload":{"scrollX":0,"scrollY":880,"documentHeight":7731,"viewportHeight":778}}
[2026-08-10T06:05:49.168Z] {"timestamp":1786341947263,"kind":"scroll","url":"http://localhost:3000/#experience","viewport":{"width":1440,"height":778},"payload":{"scrollX":0,"scrollY":887,"documentHeight":7731,"viewportHeight":778}}
[2026-08-10T06:05:49.168Z] {"timestamp":1786341949106,"kind":"scroll","url":"http://localhost:3000/#experience","viewport":{"width":1440,"height":778},"payload":{"scrollX":0,"scrollY":889,"documentHeight":7731,"viewportHeight":778}}
[2026-08-10T06:05:51.167Z] {"timestamp":1786341949656,"kind":"scroll","url":"http://localhost:3000/#experience","viewport":{"width":1440,"height":778},"payload":{"scrollX":0,"scrollY":2927,"documentHeight":7731,"viewportHeight":778}}
[2026-08-10T06:05:51.167Z] {"timestamp":1786341950172,"kind":"scroll","url":"http://localhost:3000/#experience","viewport":{"width":1440,"height":778},"payload":{"scrollX":0,"scrollY":4303,"documentHeight":7731,"viewportHeight":778}}
[2026-08-10T06:06:03.173Z] {"timestamp":1786341963015,"kind":"scroll","url":"http://localhost:3000/#experience","viewport":{"width":1440,"height":778},"payload":{"scrollX":0,"scrollY":3299,"documentHeight":7731,"viewportHeight":778}}
[2026-08-10T06:06:05.176Z] {"timestamp":1786341963515,"kind":"scroll","url":"http://localhost:3000/#experience","viewport":{"width":1440,"height":778},"payload":{"scrollX":0,"scrollY":1250,"documentHeight":7731,"viewportHeight":778}}
[2026-08-10T06:06:09.269Z] {"timestamp":1786341968289,"kind":"scroll","url":"http://localhost:3000/#experience","viewport":{"width":1440,"height":778},"payload":{"scrollX":0,"scrollY":1,"documentHeight":7731,"viewportHeight":778}}
[2026-08-10T06:06:09.269Z] {"timestamp":1786341968860,"kind":"scroll","url":"http://localhost:3000/#experience","viewport":{"width":519,"height":778},"payload":{"scrollX":0,"scrollY":0,"documentHeight":11812,"viewportHeight":778}}
[2026-08-10T06:06:21.171Z] {"timestamp":1786341980338,"kind":"scroll","url":"http://localhost:3000/#experience","viewport":{"width":390,"height":844},"payload":{"scrollX":0,"scrollY":2,"documentHeight":12880,"viewportHeight":844}}
[2026-08-10T06:06:21.171Z] {"timestamp":1786341980849,"kind":"scroll","url":"http://localhost:3000/#experience","viewport":{"width":390,"height":844},"payload":{"scrollX":0,"scrollY":2902,"documentHeight":12880,"viewportHeight":844}}
[2026-08-10T06:06:23.168Z] {"timestamp":1786341981349,"kind":"scroll","url":"http://localhost:3000/#experience","viewport":{"width":390,"height":844},"payload":{"scrollX":0,"scrollY":4089,"documentHeight":12880,"viewportHeight":844}}
[2026-08-10T06:06:23.168Z] {"timestamp":1786341981849,"kind":"scroll","url":"http://localhost:3000/#experience","viewport":{"width":390,"height":844},"payload":{"scrollX":0,"scrollY":2966,"documentHeight":12880,"viewportHeight":844}}
[2026-08-10T06:10:11.208Z] {"timestamp":1786342209687,"kind":"scroll","url":"http://localhost:3000/#experience","viewport":{"width":1087,"height":778},"payload":{"scrollX":0,"scrollY":1,"documentHeight":7919,"viewportHeight":778}}
[2026-08-10T06:10:11.209Z] {"timestamp":1786342210590,"kind":"click","url":"http://localhost:3000/#experience","viewport":{"width":1087,"height":778},"payload":{"target":{"tag":"div","id":null,"name":null,"type":null,"role":null,"ariaLabel":null,"testId":null,"dataLoc":"client/src/components/Header.tsx:19","href":null,"text":"PS Pisey Suon About Skills Experience Contact","selectorHint":"[data-loc=\"client/src/components/Header.tsx:19\"]"},"x":996,"y":63}}
[2026-08-10T06:10:11.209Z] {"timestamp":1786342210959,"kind":"focusin","url":"http://localhost:3000/#experience","viewport":{"width":1087,"height":778},"payload":{"target":{"tag":"button","id":null,"name":null,"type":null,"role":null,"ariaLabel":"Toggle theme","testId":null,"dataLoc":"client/src/components/Header.tsx:50","href":null,"text":"","selectorHint":"[data-loc=\"client/src/components/Header.tsx:50\"]"}}}
[2026-08-10T06:10:11.209Z] {"timestamp":1786342211022,"kind":"click","url":"http://localhost:3000/#experience","viewport":{"width":1087,"height":778},"payload":{"target":{"tag":"button","id":null,"name":null,"type":null,"role":null,"ariaLabel":"Toggle theme","testId":null,"dataLoc":"client/src/components/Header.tsx:50","href":null,"text":"","selectorHint":"[data-loc=\"client/src/components/Header.tsx:50\"]"},"x":1004,"y":51}}
[2026-08-10T06:10:13.174Z] {"timestamp":1786342211284,"kind":"scroll","url":"http://localhost:3000/#experience","viewport":{"width":1087,"height":778},"payload":{"scrollX":0,"scrollY":1474,"documentHeight":7919,"viewportHeight":778}}
[2026-08-10T06:10:13.174Z] {"timestamp":1786342211931,"kind":"scroll","url":"http://localhost:3000/#experience","viewport":{"width":1087,"height":778},"payload":{"scrollX":0,"scrollY":69,"documentHeight":7919,"viewportHeight":778}}
[2026-08-10T06:10:13.174Z] {"timestamp":1786342212580,"kind":"scroll","url":"http://localhost:3000/#experience","viewport":{"width":1087,"height":778},"payload":{"scrollX":0,"scrollY":2.5,"documentHeight":7919,"viewportHeight":778}}
[2026-08-10T06:10:13.174Z] {"timestamp":1786342213081,"kind":"scroll","url":"http://localhost:3000/#experience","viewport":{"width":1087,"height":778},"payload":{"scrollX":0,"scrollY":3107.5,"documentHeight":7919,"viewportHeight":778}}
[2026-08-10T06:10:17.170Z] {"timestamp":1786342215341,"kind":"focusout","url":"http://localhost:3000/#experience","viewport":{"width":1087,"height":778},"payload":{"target":{"tag":"button","id":null,"name":null,"type":null,"role":null,"ariaLabel":"Toggle theme","testId":null,"dataLoc":"client/src/components/Header.tsx:50","href":null,"text":"","selectorHint":"[data-loc=\"client/src/components/Header.tsx:50\"]"},"value":null}}
[2026-08-10T06:10:17.170Z] {"timestamp":1786342215459,"kind":"focusin","url":"http://localhost:3000/#experience","viewport":{"width":1087,"height":778},"payload":{"target":{"tag":"button","id":null,"name":null,"type":null,"role":null,"ariaLabel":"Toggle theme","testId":null,"dataLoc":"client/src/components/Header.tsx:50","href":null,"text":"","selectorHint":"[data-loc=\"client/src/components/Header.tsx:50\"]"}}}
[2026-08-10T06:10:17.170Z] {"timestamp":1786342216877,"kind":"focusout","url":"http://localhost:3000/#experience","viewport":{"width":1440,"height":778},"payload":{"target":{"tag":"button","id":null,"name":null,"type":null,"role":null,"ariaLabel":"Toggle theme","testId":null,"dataLoc":"client/src/components/Header.tsx:50","href":null,"text":"","selectorHint":"[data-loc=\"client/src/components/Header.tsx:50\"]"},"value":null}}
[2026-08-10T06:10:17.170Z] {"timestamp":1786342216879,"kind":"focusin","url":"http://localhost:3000/#experience","viewport":{"width":1440,"height":778},"payload":{"target":{"tag":"button","id":null,"name":null,"type":null,"role":null,"ariaLabel":"Toggle theme","testId":null,"dataLoc":"client/src/components/Header.tsx:50","href":null,"text":"","selectorHint":"[data-loc=\"client/src/components/Header.tsx:50\"]"}}}
[2026-08-10T06:10:17.597Z] {"timestamp":1786342217478,"kind":"focusout","url":"http://localhost:3000/#experience","viewport":{"width":1440,"height":778},"payload":{"target":{"tag":"button","id":null,"name":null,"type":null,"role":null,"ariaLabel":"Toggle theme","testId":null,"dataLoc":"client/src/components/Header.tsx:50","href":null,"text":"","selectorHint":"[data-loc=\"client/src/components/Header.tsx:50\"]"},"value":null}}
[2026-08-10T06:10:17.597Z] {"timestamp":1786342217480,"kind":"focusin","url":"http://localhost:3000/#experience","viewport":{"width":1440,"height":778},"payload":{"target":{"tag":"button","id":null,"name":null,"type":null,"role":null,"ariaLabel":"Toggle theme","testId":null,"dataLoc":"client/src/components/Header.tsx:50","href":null,"text":"","selectorHint":"[data-loc=\"client/src/components/Header.tsx:50\"]"}}}
[2026-08-10T06:10:18.599Z] {"timestamp":1786342218031,"kind":"scroll","url":"http://localhost:3000/#experience","viewport":{"width":1440,"height":778},"payload":{"scrollX":0,"scrollY":6097.5,"documentHeight":7731,"viewportHeight":778}}
[2026-08-10T06:10:18.599Z] {"timestamp":1786342218478,"kind":"focusin","url":"http://localhost:3000/#experience","viewport":{"width":1440,"height":778},"payload":{"target":{"tag":"a","id":null,"name":null,"type":null,"role":null,"ariaLabel":"Pisey Suon home","testId":null,"dataLoc":"client/src/components/Header.tsx:21","href":"/","text":"PS Pisey Suon","selectorHint":"[data-loc=\"client/src/components/Header.tsx:21\"]"}}}
[2026-08-10T06:10:18.599Z] {"timestamp":1786342218589,"kind":"click","url":"http://localhost:3000/#experience","viewport":{"width":1440,"height":778},"payload":{"target":{"tag":"span","id":null,"name":null,"type":null,"role":null,"ariaLabel":null,"testId":null,"dataLoc":"client/src/components/Header.tsx:29","href":null,"text":"Pisey Suon","selectorHint":"[data-loc=\"client/src/components/Header.tsx:29\"]"},"x":157,"y":48}}
[2026-08-10T06:10:18.778Z] {"timestamp":1786342218732,"kind":"focusin","url":"http://localhost:3000/","viewport":{"width":1440,"height":778},"payload":{"target":{"tag":"a","id":null,"name":null,"type":null,"role":null,"ariaLabel":"Pisey Suon home","testId":null,"dataLoc":"client/src/components/Header.tsx:21","href":"/","text":"PS Pisey Suon","selectorHint":"[data-loc=\"client/src/components/Header.tsx:21\"]"}}}
[2026-08-10T06:10:18.778Z] {"timestamp":1786342218772,"kind":"click","url":"http://localhost:3000/","viewport":{"width":1440,"height":778},"payload":{"target":{"tag":"span","id":null,"name":null,"type":null,"role":null,"ariaLabel":null,"testId":null,"dataLoc":"client/src/components/Header.tsx:29","href":null,"text":"Pisey Suon","selectorHint":"[data-loc=\"client/src/components/Header.tsx:29\"]"},"x":157,"y":48}}
[2026-08-10T06:10:19.245Z] {"timestamp":1786342219160,"kind":"focusin","url":"http://localhost:3000/","viewport":{"width":1440,"height":778},"payload":{"target":{"tag":"a","id":null,"name":null,"type":null,"role":null,"ariaLabel":"Pisey Suon home","testId":null,"dataLoc":"client/src/components/Header.tsx:21","href":"/","text":"PS Pisey Suon","selectorHint":"[data-loc=\"client/src/components/Header.tsx:21\"]"}}}
[2026-08-10T06:10:19.245Z] {"timestamp":1786342219238,"kind":"click","url":"http://localhost:3000/","viewport":{"width":1440,"height":778},"payload":{"target":{"tag":"span","id":null,"name":null,"type":null,"role":null,"ariaLabel":null,"testId":null,"dataLoc":"client/src/components/Header.tsx:29","href":null,"text":"Pisey Suon","selectorHint":"[data-loc=\"client/src/components/Header.tsx:29\"]"},"x":157,"y":48}}
[2026-08-10T06:10:21.289Z] {"timestamp":1786342219815,"kind":"scroll","url":"http://localhost:3000/","viewport":{"width":1440,"height":778},"payload":{"scrollX":0,"scrollY":20,"documentHeight":7731,"viewportHeight":778}}
[2026-08-10T06:10:21.289Z] {"timestamp":1786342220637,"kind":"scroll","url":"http://localhost:3000/","viewport":{"width":1440,"height":778},"payload":{"scrollX":0,"scrollY":2255,"documentHeight":7731,"viewportHeight":778}}
[2026-08-10T06:10:21.289Z] {"timestamp":1786342221147,"kind":"scroll","url":"http://localhost:3000/","viewport":{"width":1440,"height":778},"payload":{"scrollX":0,"scrollY":4040,"documentHeight":7731,"viewportHeight":778}}
[2026-08-10T06:10:23.289Z] {"timestamp":1786342221648,"kind":"scroll","url":"http://localhost:3000/","viewport":{"width":1440,"height":778},"payload":{"scrollX":0,"scrollY":6374,"documentHeight":7731,"viewportHeight":778}}
[2026-08-10T06:10:23.289Z] {"timestamp":1786342222147,"kind":"scroll","url":"http://localhost:3000/","viewport":{"width":1440,"height":778},"payload":{"scrollX":0,"scrollY":6609,"documentHeight":7731,"viewportHeight":778}}
[2026-08-10T06:11:09.301Z] {"timestamp":1786342267633,"kind":"scroll","url":"http://localhost:3000/","viewport":{"width":1440,"height":778},"payload":{"scrollX":0,"scrollY":6620,"documentHeight":7734,"viewportHeight":778}}
[2026-08-10T06:11:47.579Z] {"timestamp":1786342305680,"kind":"scroll","url":"http://localhost:3000/","viewport":{"width":1440,"height":778},"payload":{"scrollX":0,"scrollY":6670,"documentHeight":7742,"viewportHeight":778}}
[2026-08-10T06:11:47.579Z] {"timestamp":1786342306181,"kind":"scroll","url":"http://localhost:3000/","viewport":{"width":1440,"height":778},"payload":{"scrollX":0,"scrollY":6665,"documentHeight":7742,"viewportHeight":778}}
[2026-08-10T06:11:47.579Z] {"timestamp":1786342306752,"kind":"scroll","url":"http://localhost:3000/","viewport":{"width":1440,"height":778},"payload":{"scrollX":0,"scrollY":6408,"documentHeight":7742,"viewportHeight":778}}
[2026-08-10T06:11:47.579Z] {"timestamp":1786342307263,"kind":"scroll","url":"http://localhost:3000/","viewport":{"width":1440,"height":778},"payload":{"scrollX":0,"scrollY":2921,"documentHeight":7742,"viewportHeight":778}}
[2026-08-10T06:11:49.572Z] {"timestamp":1786342307767,"kind":"scroll","url":"http://localhost:3000/","viewport":{"width":1440,"height":778},"payload":{"scrollX":0,"scrollY":87,"documentHeight":7742,"viewportHeight":778}}
[2026-08-10T06:11:53.574Z] {"timestamp":1786342311929,"kind":"scroll","url":"http://localhost:3000/","viewport":{"width":390,"height":844},"payload":{"scrollX":0,"scrollY":10,"documentHeight":11067,"viewportHeight":844}}
[2026-08-10T06:11:53.574Z] {"timestamp":1786342312434,"kind":"scroll","url":"http://localhost:3000/","viewport":{"width":390,"height":844},"payload":{"scrollX":0,"scrollY":1426,"documentHeight":11067,"viewportHeight":844}}
[2026-08-10T06:11:53.574Z] {"timestamp":1786342313272,"kind":"scroll","url":"http://localhost:3000/","viewport":{"width":390,"height":844},"payload":{"scrollX":0,"scrollY":112,"documentHeight":11067,"viewportHeight":844}}
[2026-08-10T06:11:55.616Z] {"timestamp":1786342314041,"kind":"scroll","url":"http://localhost:3000/","viewport":{"width":390,"height":844},"payload":{"scrollX":0,"scrollY":6.5,"documentHeight":11067,"viewportHeight":844}}
[2026-08-10T06:11:55.616Z] {"timestamp":1786342314546,"kind":"scroll","url":"http://localhost:3000/","viewport":{"width":390,"height":844},"payload":{"scrollX":0,"scrollY":3213.5,"documentHeight":11067,"viewportHeight":844}}
[2026-08-10T06:11:55.616Z] {"timestamp":1786342315046,"kind":"scroll","url":"http://localhost:3000/","viewport":{"width":390,"height":844},"payload":{"scrollX":0,"scrollY":7557.5,"documentHeight":11067,"viewportHeight":844}}
[2026-08-10T06:11:57.594Z] {"timestamp":1786342316850,"kind":"scroll","url":"http://localhost:3000/","viewport":{"width":1087,"height":778},"payload":{"scrollX":0,"scrollY":7000,"documentHeight":7778,"viewportHeight":778}}
[2026-08-10T06:11:57.594Z] {"timestamp":1786342317484,"kind":"scroll","url":"http://localhost:3000/","viewport":{"width":1087,"height":778},"payload":{"scrollX":0,"scrollY":6948.5,"documentHeight":7930,"viewportHeight":778}}
[2026-08-10T06:11:59.613Z] {"timestamp":1786342318050,"kind":"scroll","url":"http://localhost:3000/","viewport":{"width":1087,"height":778},"payload":{"scrollX":0,"scrollY":4075.5,"documentHeight":7930,"viewportHeight":778}}
[2026-08-10T06:11:59.615Z] {"timestamp":1786342318598,"kind":"scroll","url":"http://localhost:3000/","viewport":{"width":1087,"height":778},"payload":{"scrollX":0,"scrollY":0,"documentHeight":7930,"viewportHeight":778}}
[2026-08-10T06:12:19.670Z] {"timestamp":1786342338049,"kind":"click","url":"http://localhost:3000/","viewport":{"width":1087,"height":778},"payload":{"target":{"tag":"div","id":null,"name":null,"type":null,"role":null,"ariaLabel":null,"testId":null,"dataLoc":"client/src/components/Hero.tsx:21","href":null,"text":"","selectorHint":"[data-loc=\"client/src/components/Hero.tsx:21\"]"},"x":394,"y":176}}
[2026-08-10T06:12:23.639Z] {"timestamp":1786342342229,"kind":"scroll","url":"http://localhost:3000/","viewport":{"width":390,"height":844},"payload":{"scrollX":0,"scrollY":18,"documentHeight":11067,"viewportHeight":844}}
[2026-08-10T06:12:23.639Z] {"timestamp":1786342343046,"kind":"scroll","url":"http://localhost:3000/","viewport":{"width":390,"height":844},"payload":{"scrollX":0,"scrollY":1413,"documentHeight":11067,"viewportHeight":844}}
[2026-08-10T06:12:23.639Z] {"timestamp":1786342343546,"kind":"scroll","url":"http://localhost:3000/","viewport":{"width":390,"height":844},"payload":{"scrollX":0,"scrollY":3730,"documentHeight":11067,"viewportHeight":844}}
[2026-08-10T06:12:25.641Z] {"timestamp":1786342344063,"kind":"scroll","url":"http://localhost:3000/","viewport":{"width":390,"height":844},"payload":{"scrollX":0,"scrollY":7789,"documentHeight":11067,"viewportHeight":844}}
[2026-08-10T06:12:25.641Z] {"timestamp":1786342344663,"kind":"scroll","url":"http://localhost:3000/","viewport":{"width":390,"height":844},"payload":{"scrollX":0,"scrollY":9609,"documentHeight":11067,"viewportHeight":844}}
[2026-08-10T06:12:25.641Z] {"timestamp":1786342345180,"kind":"scroll","url":"http://localhost:3000/","viewport":{"width":390,"height":844},"payload":{"scrollX":0,"scrollY":7656,"documentHeight":11067,"viewportHeight":844}}
[2026-08-10T06:12:27.643Z] {"timestamp":1786342345696,"kind":"scroll","url":"http://localhost:3000/","viewport":{"width":390,"height":844},"payload":{"scrollX":0,"scrollY":4200,"documentHeight":11067,"viewportHeight":844}}
[2026-08-10T06:12:27.643Z] {"timestamp":1786342346196,"kind":"scroll","url":"http://localhost:3000/","viewport":{"width":390,"height":844},"payload":{"scrollX":0,"scrollY":1900,"documentHeight":11067,"viewportHeight":844}}
[2026-08-10T06:12:27.643Z] {"timestamp":1786342347244,"kind":"focusin","url":"http://localhost:3000/","viewport":{"width":390,"height":844},"payload":{"target":{"tag":"button","id":null,"name":null,"type":null,"role":null,"ariaLabel":"Toggle theme","testId":null,"dataLoc":"client/src/components/Header.tsx:50","href":null,"text":"","selectorHint":"[data-loc=\"client/src/components/Header.tsx:50\"]"}}}
[2026-08-10T06:12:27.643Z] {"timestamp":1786342347245,"kind":"click","url":"http://localhost:3000/","viewport":{"width":390,"height":844},"payload":{"target":{"tag":"svg","id":null,"name":null,"type":null,"role":null,"ariaLabel":null,"testId":null,"dataLoc":"client/src/components/Header.tsx:56","href":null,"text":"","selectorHint":"[data-loc=\"client/src/components/Header.tsx:56\"]"},"x":308,"y":40}}
[2026-08-10T06:12:29.640Z] {"timestamp":1786342347669,"kind":"scroll","url":"http://localhost:3000/","viewport":{"width":390,"height":844},"payload":{"scrollX":0,"scrollY":1,"documentHeight":11067,"viewportHeight":844}}
[2026-08-10T06:12:29.640Z] {"timestamp":1786342348179,"kind":"scroll","url":"http://localhost:3000/","viewport":{"width":390,"height":844},"payload":{"scrollX":0,"scrollY":3256,"documentHeight":11067,"viewportHeight":844}}
[2026-08-10T06:12:29.640Z] {"timestamp":1786342348712,"kind":"scroll","url":"http://localhost:3000/","viewport":{"width":390,"height":844},"payload":{"scrollX":0,"scrollY":7627,"documentHeight":11067,"viewportHeight":844}}
[2026-08-10T06:12:29.640Z] {"timestamp":1786342349496,"kind":"scroll","url":"http://localhost:3000/","viewport":{"width":390,"height":844},"payload":{"scrollX":0,"scrollY":10214.5,"documentHeight":11067,"viewportHeight":844}}
[2026-08-10T06:12:31.639Z] {"timestamp":1786342349996,"kind":"scroll","url":"http://localhost:3000/","viewport":{"width":390,"height":844},"payload":{"scrollX":0,"scrollY":4937.5,"documentHeight":11067,"viewportHeight":844}}
[2026-08-10T06:12:31.639Z] {"timestamp":1786342350511,"kind":"scroll","url":"http://localhost:3000/","viewport":{"width":390,"height":844},"payload":{"scrollX":0,"scrollY":2824.5,"documentHeight":11067,"viewportHeight":844}}
[2026-08-10T06:12:33.640Z] {"timestamp":1786342352818,"kind":"scroll","url":"http://localhost:3000/","viewport":{"width":390,"height":844},"payload":{"scrollX":0,"scrollY":2,"documentHeight":11067,"viewportHeight":844}}
[2026-08-10T06:12:35.641Z] {"timestamp":1786342355159,"kind":"focusout","url":"http://localhost:3000/","viewport":{"width":390,"height":844},"payload":{"target":{"tag":"button","id":null,"name":null,"type":null,"role":null,"ariaLabel":"Toggle theme","testId":null,"dataLoc":"client/src/components/Header.tsx:50","href":null,"text":"","selectorHint":"[data-loc=\"client/src/components/Header.tsx:50\"]"},"value":null}}
[2026-08-10T06:12:35.641Z] {"timestamp":1786342355284,"kind":"focusin","url":"http://localhost:3000/","viewport":{"width":316,"height":684},"payload":{"target":{"tag":"button","id":null,"name":null,"type":null,"role":null,"ariaLabel":"Toggle theme","testId":null,"dataLoc":"client/src/components/Header.tsx:50","href":null,"text":"","selectorHint":"[data-loc=\"client/src/components/Header.tsx:50\"]"}}}
[2026-08-10T06:12:38.130Z] {"timestamp":1786342356068,"kind":"scroll","url":"http://localhost:3000/","viewport":{"width":1440,"height":778},"payload":{"scrollX":0,"scrollY":199,"documentHeight":7742,"viewportHeight":778}}
[2026-08-10T06:12:38.130Z] {"timestamp":1786342357316,"kind":"focusout","url":"http://localhost:3000/","viewport":{"width":1440,"height":778},"payload":{"target":{"tag":"button","id":null,"name":null,"type":null,"role":null,"ariaLabel":"Toggle theme","testId":null,"dataLoc":"client/src/components/Header.tsx:50","href":null,"text":"","selectorHint":"[data-loc=\"client/src/components/Header.tsx:50\"]"},"value":null}}
[2026-08-10T06:12:38.130Z] {"timestamp":1786342357318,"kind":"focusin","url":"http://localhost:3000/","viewport":{"width":1440,"height":778},"payload":{"target":{"tag":"button","id":null,"name":null,"type":null,"role":null,"ariaLabel":"Toggle theme","testId":null,"dataLoc":"client/src/components/Header.tsx:50","href":null,"text":"","selectorHint":"[data-loc=\"client/src/components/Header.tsx:50\"]"}}}
[2026-08-10T06:12:38.130Z] {"timestamp":1786342357444,"kind":"focusout","url":"http://localhost:3000/","viewport":{"width":1440,"height":778},"payload":{"target":{"tag":"button","id":null,"name":null,"type":null,"role":null,"ariaLabel":"Toggle theme","testId":null,"dataLoc":"client/src/components/Header.tsx:50","href":null,"text":"","selectorHint":"[data-loc=\"client/src/components/Header.tsx:50\"]"},"value":null}}
[2026-08-15T07:29:40.669Z] {"timestamp":1786778979612,"kind":"scroll","url":"http://localhost:3000/","viewport":{"width":1440,"height":812},"payload":{"scrollX":0,"scrollY":2,"documentHeight":7776,"viewportHeight":812}}
[2026-08-15T07:29:40.669Z] {"timestamp":1786778980310,"kind":"scroll","url":"http://localhost:3000/","viewport":{"width":1440,"height":812},"payload":{"scrollX":0,"scrollY":1489,"documentHeight":7776,"viewportHeight":812}}
[2026-08-15T07:29:42.665Z] {"timestamp":1786778980810,"kind":"scroll","url":"http://localhost:3000/","viewport":{"width":1440,"height":812},"payload":{"scrollX":0,"scrollY":2935,"documentHeight":7776,"viewportHeight":812}}
[2026-08-15T07:29:42.665Z] {"timestamp":1786778981327,"kind":"scroll","url":"http://localhost:3000/","viewport":{"width":1440,"height":812},"payload":{"scrollX":0,"scrollY":3356,"documentHeight":7776,"viewportHeight":812}}
[2026-08-15T07:29:42.665Z] {"timestamp":1786778981843,"kind":"scroll","url":"http://localhost:3000/","viewport":{"width":1440,"height":812},"payload":{"scrollX":0,"scrollY":4584,"documentHeight":7776,"viewportHeight":812}}
[2026-08-15T07:29:42.665Z] {"timestamp":1786778982344,"kind":"scroll","url":"http://localhost:3000/","viewport":{"width":1440,"height":812},"payload":{"scrollX":0,"scrollY":4195,"documentHeight":7776,"viewportHeight":812}}
[2026-08-15T07:29:44.666Z] {"timestamp":1786778982933,"kind":"scroll","url":"http://localhost:3000/","viewport":{"width":1440,"height":812},"payload":{"scrollX":0,"scrollY":3586,"documentHeight":7776,"viewportHeight":812}}
[2026-08-15T07:32:06.670Z] {"timestamp":1786779125184,"kind":"scroll","url":"http://localhost:3000/","viewport":{"width":1440,"height":812},"payload":{"scrollX":0,"scrollY":3231,"documentHeight":7776,"viewportHeight":812}}
[2026-08-15T07:32:06.670Z] {"timestamp":1786779125829,"kind":"scroll","url":"http://localhost:3000/","viewport":{"width":1440,"height":812},"payload":{"scrollX":0,"scrollY":6964,"documentHeight":7776,"viewportHeight":812}}
[2026-08-15T07:33:06.732Z] {"timestamp":1786779185297,"kind":"scroll","url":"http://localhost:3000/","viewport":{"width":1440,"height":812},"payload":{"scrollX":0,"scrollY":10,"documentHeight":7776,"viewportHeight":812}}
[2026-08-15T07:33:06.732Z] {"timestamp":1786779185812,"kind":"scroll","url":"http://localhost:3000/","viewport":{"width":1440,"height":812},"payload":{"scrollX":0,"scrollY":2658,"documentHeight":7776,"viewportHeight":812}}
[2026-08-15T07:33:06.732Z] {"timestamp":1786779186361,"kind":"scroll","url":"http://localhost:3000/","viewport":{"width":1440,"height":812},"payload":{"scrollX":0,"scrollY":6042,"documentHeight":7776,"viewportHeight":812}}
[2026-08-15T07:33:08.795Z] {"timestamp":1786779188139,"kind":"focusin","url":"http://localhost:3000/","viewport":{"width":1440,"height":812},"payload":{"target":{"tag":"a","id":null,"name":null,"type":null,"role":null,"ariaLabel":"Facebook","testId":null,"dataLoc":"client/src/components/Footer.tsx:147","href":"https://www.facebook.com/suon.pisey.293654","text":"","selectorHint":"[data-loc=\"client/src/components/Footer.tsx:147\"]"}}}
[2026-08-15T07:33:08.795Z] {"timestamp":1786779188220,"kind":"click","url":"http://localhost:3000/","viewport":{"width":1440,"height":812},"payload":{"target":{"tag":"svg","id":null,"name":null,"type":null,"role":null,"ariaLabel":null,"testId":null,"dataLoc":"client/src/components/Footer.tsx:162","href":null,"text":"","selectorHint":"[data-loc=\"client/src/components/Footer.tsx:162\"]"},"x":1132,"y":472}}
[2026-08-15T07:33:08.795Z] {"timestamp":1786779188259,"kind":"focusout","url":"http://localhost:3000/","viewport":{"width":1440,"height":812},"payload":{"target":{"tag":"a","id":null,"name":null,"type":null,"role":null,"ariaLabel":"Facebook","testId":null,"dataLoc":"client/src/components/Footer.tsx:147","href":"https://www.facebook.com/suon.pisey.293654","text":"","selectorHint":"[data-loc=\"client/src/components/Footer.tsx:147\"]"},"value":null}}
[2026-08-15T07:33:24.731Z] {"timestamp":1786779203759,"kind":"focusin","url":"http://localhost:3000/","viewport":{"width":1440,"height":812},"payload":{"target":{"tag":"a","id":null,"name":null,"type":null,"role":null,"ariaLabel":"Facebook","testId":null,"dataLoc":"client/src/components/Footer.tsx:147","href":"https://www.facebook.com/suon.pisey.293654","text":"","selectorHint":"[data-loc=\"client/src/components/Footer.tsx:147\"]"}}}
[2026-08-15T07:33:26.795Z] {"timestamp":1786779205120,"kind":"focusout","url":"http://localhost:3000/","viewport":{"width":1440,"height":812},"payload":{"target":{"tag":"a","id":null,"name":null,"type":null,"role":null,"ariaLabel":"Facebook","testId":null,"dataLoc":"client/src/components/Footer.tsx:147","href":"https://www.facebook.com/suon.pisey.293654","text":"","selectorHint":"[data-loc=\"client/src/components/Footer.tsx:147\"]"},"value":null}}
[2026-08-15T07:33:28.731Z] {"timestamp":1786779208172,"kind":"focusin","url":"http://localhost:3000/","viewport":{"width":1440,"height":812},"payload":{"target":{"tag":"a","id":null,"name":null,"type":null,"role":null,"ariaLabel":"Facebook","testId":null,"dataLoc":"client/src/components/Footer.tsx:147","href":"https://www.facebook.com/suon.pisey.293654","text":"","selectorHint":"[data-loc=\"client/src/components/Footer.tsx:147\"]"}}}
[2026-08-15T07:33:30.735Z] {"timestamp":1786779210470,"kind":"focusout","url":"http://localhost:3000/","viewport":{"width":1440,"height":812},"payload":{"target":{"tag":"a","id":null,"name":null,"type":null,"role":null,"ariaLabel":"Facebook","testId":null,"dataLoc":"client/src/components/Footer.tsx:147","href":"https://www.facebook.com/suon.pisey.293654","text":"","selectorHint":"[data-loc=\"client/src/components/Footer.tsx:147\"]"},"value":null}}
[2026-08-15T07:33:56.735Z] {"timestamp":1786779235943,"kind":"scroll","url":"http://localhost:3000/","viewport":{"width":1440,"height":812},"payload":{"scrollX":0,"scrollY":308,"documentHeight":1120,"viewportHeight":812}}
[2026-08-15T07:35:58.766Z] {"timestamp":1786779357181,"kind":"scroll","url":"http://localhost:3000/","viewport":{"width":1440,"height":812},"payload":{"scrollX":0,"scrollY":6964,"documentHeight":7776,"viewportHeight":812}}
[2026-08-15T07:36:06.798Z] {"timestamp":1786779364881,"kind":"focusin","url":"http://localhost:3000/","viewport":{"width":1440,"height":812},"payload":{"target":{"tag":"a","id":null,"name":null,"type":null,"role":null,"ariaLabel":"Telegram","testId":null,"dataLoc":"client/src/components/Footer.tsx:152","href":"https://t.me/suonpisey","text":"","selectorHint":"[data-loc=\"client/src/components/Footer.tsx:152\"]"}}}
[2026-08-15T07:36:06.798Z] {"timestamp":1786779364969,"kind":"click","url":"http://localhost:3000/","viewport":{"width":1440,"height":812},"payload":{"target":{"tag":"svg","id":null,"name":null,"type":null,"role":null,"ariaLabel":null,"testId":null,"dataLoc":"client/src/components/Footer.tsx:167","href":null,"text":"","selectorHint":"[data-loc=\"client/src/components/Footer.tsx:167\"]"},"x":1182,"y":472}}
[2026-08-15T07:36:06.798Z] {"timestamp":1786779365058,"kind":"focusout","url":"http://localhost:3000/","viewport":{"width":1440,"height":812},"payload":{"target":{"tag":"a","id":null,"name":null,"type":null,"role":null,"ariaLabel":"Telegram","testId":null,"dataLoc":"client/src/components/Footer.tsx:152","href":"https://t.me/suonpisey","text":"","selectorHint":"[data-loc=\"client/src/components/Footer.tsx:152\"]"},"value":null}}
[2026-08-15T07:36:36.735Z] {"timestamp":1786779395496,"kind":"focusin","url":"http://localhost:3000/","viewport":{"width":1440,"height":812},"payload":{"target":{"tag":"a","id":null,"name":null,"type":null,"role":null,"ariaLabel":"Telegram","testId":null,"dataLoc":"client/src/components/Footer.tsx:152","href":"@error_code_kh","text":"","selectorHint":"[data-loc=\"client/src/components/Footer.tsx:152\"]"}}}
[2026-08-15T07:36:38.798Z] {"timestamp":1786779397153,"kind":"click","url":"http://localhost:3000/","viewport":{"width":1440,"height":812},"payload":{"target":{"tag":"a","id":null,"name":null,"type":null,"role":null,"ariaLabel":"Telegram","testId":null,"dataLoc":"client/src/components/Footer.tsx:152","href":"@error_code_kh","text":"","selectorHint":"[data-loc=\"client/src/components/Footer.tsx:152\"]"},"x":1187,"y":463}}
[2026-08-15T07:36:38.798Z] {"timestamp":1786779397226,"kind":"focusout","url":"http://localhost:3000/","viewport":{"width":1440,"height":812},"payload":{"target":{"tag":"a","id":null,"name":null,"type":null,"role":null,"ariaLabel":"Telegram","testId":null,"dataLoc":"client/src/components/Footer.tsx:152","href":"@error_code_kh","text":"","selectorHint":"[data-loc=\"client/src/components/Footer.tsx:152\"]"},"value":null}}
[2026-08-15T07:36:42.740Z] {"timestamp":1786779401268,"kind":"focusin","url":"http://localhost:3000/","viewport":{"width":1440,"height":812},"payload":{"target":{"tag":"a","id":null,"name":null,"type":null,"role":null,"ariaLabel":"Telegram","testId":null,"dataLoc":"client/src/components/Footer.tsx:152","href":"@error_code_kh","text":"","selectorHint":"[data-loc=\"client/src/components/Footer.tsx:152\"]"}}}
[2026-08-15T07:36:42.740Z] {"timestamp":1786779402406,"kind":"focusout","url":"http://localhost:3000/","viewport":{"width":1440,"height":812},"payload":{"target":{"tag":"a","id":null,"name":null,"type":null,"role":null,"ariaLabel":"Telegram","testId":null,"dataLoc":"client/src/components/Footer.tsx:152","href":"@error_code_kh","text":"","selectorHint":"[data-loc=\"client/src/components/Footer.tsx:152\"]"},"value":null}}
[2026-08-15T07:36:58.753Z] {"timestamp":1786779418357,"kind":"focusin","url":"http://localhost:3000/","viewport":{"width":1440,"height":812},"payload":{"target":{"tag":"a","id":null,"name":null,"type":null,"role":null,"ariaLabel":"Telegram","testId":null,"dataLoc":"client/src/components/Footer.tsx:152","href":"https://t.me/error_code_kh","text":"","selectorHint":"[data-loc=\"client/src/components/Footer.tsx:152\"]"}}}
[2026-08-15T07:37:00.798Z] {"timestamp":1786779419853,"kind":"click","url":"http://localhost:3000/","viewport":{"width":1440,"height":812},"payload":{"target":{"tag":"svg","id":null,"name":null,"type":null,"role":null,"ariaLabel":null,"testId":null,"dataLoc":"client/src/components/Footer.tsx:167","href":null,"text":"","selectorHint":"[data-loc=\"client/src/components/Footer.tsx:167\"]"},"x":1183,"y":485}}
[2026-08-15T07:37:00.798Z] {"timestamp":1786779419963,"kind":"focusout","url":"http://localhost:3000/","viewport":{"width":1440,"height":812},"payload":{"target":{"tag":"a","id":null,"name":null,"type":null,"role":null,"ariaLabel":"Telegram","testId":null,"dataLoc":"client/src/components/Footer.tsx:152","href":"https://t.me/error_code_kh","text":"","selectorHint":"[data-loc=\"client/src/components/Footer.tsx:152\"]"},"value":null}}
[2026-08-15T07:37:52.734Z] {"timestamp":1786779472405,"kind":"scroll","url":"http://localhost:3000/","viewport":{"width":1440,"height":812},"payload":{"scrollX":0,"scrollY":6964,"documentHeight":7776,"viewportHeight":812}}
[2026-08-15T07:38:00.736Z] {"timestamp":1786779480437,"kind":"click","url":"http://localhost:3000/","viewport":{"width":1440,"height":812},"payload":{"target":{"tag":"h3","id":null,"name":null,"type":null,"role":null,"ariaLabel":null,"testId":null,"dataLoc":"client/src/components/Footer.tsx:109","href":null,"text":"Resources","selectorHint":"[data-loc=\"client/src/components/Footer.tsx:109\"]"},"x":819,"y":426}}
[2026-08-15T07:38:01.576Z] {"timestamp":1786779481071,"kind":"click","url":"http://localhost:3000/","viewport":{"width":1440,"height":812},"payload":{"target":{"tag":"h3","id":null,"name":null,"type":null,"role":null,"ariaLabel":null,"testId":null,"dataLoc":"client/src/components/Footer.tsx:109","href":null,"text":"Resources","selectorHint":"[data-loc=\"client/src/components/Footer.tsx:109\"]"},"x":808,"y":431}}
[2026-08-15T07:38:01.576Z] {"timestamp":1786779481506,"kind":"focusin","url":"http://localhost:3000/","viewport":{"width":1440,"height":812},"payload":{"target":{"tag":"a","id":null,"name":null,"type":null,"role":null,"ariaLabel":null,"testId":null,"dataLoc":"client/src/components/Footer.tsx:123","href":"/resumev2.pdf","text":"Resume","selectorHint":"[data-loc=\"client/src/components/Footer.tsx:123\"]"}}}
[2026-08-15T07:38:01.576Z] {"timestamp":1786779481571,"kind":"click","url":"http://localhost:3000/","viewport":{"width":1440,"height":812},"payload":{"target":{"tag":"a","id":null,"name":null,"type":null,"role":null,"ariaLabel":null,"testId":null,"dataLoc":"client/src/components/Footer.tsx:123","href":"/resumev2.pdf","text":"Resume","selectorHint":"[data-loc=\"client/src/components/Footer.tsx:123\"]"},"x":782,"y":468}}
[2026-08-15T07:38:17.815Z] {"timestamp":1786779496863,"kind":"scroll","url":"http://localhost:3000/","viewport":{"width":1440,"height":812},"payload":{"scrollX":0,"scrollY":24,"documentHeight":7776,"viewportHeight":812}}
[2026-08-15T07:38:17.815Z] {"timestamp":1786779497378,"kind":"scroll","url":"http://localhost:3000/","viewport":{"width":1440,"height":812},"payload":{"scrollX":0,"scrollY":636,"documentHeight":7776,"viewportHeight":812}}
[2026-08-15T07:38:19.815Z] {"timestamp":1786779497952,"kind":"scroll","url":"http://localhost:3000/","viewport":{"width":1440,"height":812},"payload":{"scrollX":0,"scrollY":527,"documentHeight":7776,"viewportHeight":812}}
[2026-08-15T07:38:21.816Z] {"timestamp":1786779500187,"kind":"click","url":"http://localhost:3000/","viewport":{"width":1440,"height":812},"payload":{"target":{"tag":"div","id":null,"name":null,"type":null,"role":null,"ariaLabel":null,"testId":null,"dataLoc":"client/src/components/Hero.tsx:34","href":null,"text":"Welcome to my portfolio Hi, I'm Pisey Suon Full-Stack Developer from Cambodia I …","selectorHint":"[data-loc=\"client/src/components/Hero.tsx:34\"]"},"x":250,"y":214}}
[2026-08-15T07:38:43.813Z] {"timestamp":1786779523297,"kind":"scroll","url":"http://localhost:3000/","viewport":{"width":1440,"height":812},"payload":{"scrollX":0,"scrollY":308,"documentHeight":1120,"viewportHeight":812}}
[2026-08-15T07:38:45.428Z] {"timestamp":1786779525323,"kind":"focusin","url":"http://localhost:3000/","viewport":{"width":1440,"height":812},"payload":{"target":{"tag":"button","id":null,"name":null,"type":null,"role":null,"ariaLabel":null,"testId":null,"dataLoc":"client/src/components/ErrorBoundary.tsx:42","href":null,"text":"Reload Page","selectorHint":"[data-loc=\"client/src/components/ErrorBoundary.tsx:42\"]"}}}
[2026-08-15T07:38:45.428Z] {"timestamp":1786779525421,"kind":"click","url":"http://localhost:3000/","viewport":{"width":1440,"height":812},"payload":{"target":{"tag":"button","id":null,"name":null,"type":null,"role":null,"ariaLabel":null,"testId":null,"dataLoc":"client/src/components/ErrorBoundary.tsx:42","href":null,"text":"Reload Page","selectorHint":"[data-loc=\"client/src/components/ErrorBoundary.tsx:42\"]"},"x":722,"y":738}}
[2026-08-15T07:38:47.492Z] {"timestamp":1786779525528,"kind":"scroll","url":"http://localhost:3000/","viewport":{"width":1440,"height":812},"payload":{"scrollX":0,"scrollY":308,"documentHeight":1120,"viewportHeight":812}}
[2026-08-15T07:39:17.489Z] {"timestamp":1786779557219,"kind":"scroll","url":"http://localhost:3000/","viewport":{"width":1440,"height":812},"payload":{"scrollX":0,"scrollY":307,"documentHeight":1120,"viewportHeight":812}}
[2026-08-15T07:39:26.639Z] {"timestamp":1786779565339,"kind":"click","url":"http://localhost:3000/","viewport":{"width":1440,"height":812},"payload":{"target":{"tag":"pre","id":null,"name":null,"type":null,"role":null,"ariaLabel":null,"testId":null,"dataLoc":"client/src/components/ErrorBoundary.tsx:37","href":null,"text":"ReferenceError: Facebook is not defined at Hero (http://localhost:3000/src/compo…","selectorHint":"[data-loc=\"client/src/components/ErrorBoundary.tsx:37\"]"},"x":785,"y":231}}
[2026-08-15T07:39:26.639Z] {"timestamp":1786779565487,"kind":"click","url":"http://localhost:3000/","viewport":{"width":1440,"height":812},"payload":{"target":{"tag":"pre","id":null,"name":null,"type":null,"role":null,"ariaLabel":null,"testId":null,"dataLoc":"client/src/components/ErrorBoundary.tsx:37","href":null,"text":"ReferenceError: Facebook is not defined at Hero (http://localhost:3000/src/compo…","selectorHint":"[data-loc=\"client/src/components/ErrorBoundary.tsx:37\"]"},"x":785,"y":231}}
[2026-08-15T07:39:26.639Z] {"timestamp":1786779565637,"kind":"click","url":"http://localhost:3000/","viewport":{"width":1440,"height":812},"payload":{"target":{"tag":"pre","id":null,"name":null,"type":null,"role":null,"ariaLabel":null,"testId":null,"dataLoc":"client/src/components/ErrorBoundary.tsx:37","href":null,"text":"ReferenceError: Facebook is not defined at Hero (http://localhost:3000/src/compo…","selectorHint":"[data-loc=\"client/src/components/ErrorBoundary.tsx:37\"]"},"x":785,"y":231}}
[2026-08-15T07:39:55.397Z] {"timestamp":1786779594087,"kind":"scroll","url":"http://localhost:3000/","viewport":{"width":1440,"height":812},"payload":{"scrollX":0,"scrollY":1,"documentHeight":7776,"viewportHeight":812}}
[2026-08-15T07:40:51.344Z] {"timestamp":1786779650247,"kind":"scroll","url":"http://localhost:3000/","viewport":{"width":1440,"height":812},"payload":{"scrollX":0,"scrollY":6,"documentHeight":7776,"viewportHeight":812}}
[2026-08-15T07:40:51.344Z] {"timestamp":1786779650752,"kind":"scroll","url":"http://localhost:3000/","viewport":{"width":1440,"height":812},"payload":{"scrollX":0,"scrollY":933,"documentHeight":7776,"viewportHeight":812}}
[2026-08-15T07:41:02.659Z] {"timestamp":1786779660739,"kind":"scroll","url":"http://localhost:3000/","viewport":{"width":1440,"height":812},"payload":{"scrollX":0,"scrollY":441,"documentHeight":7776,"viewportHeight":812}}
[2026-08-15T07:41:02.659Z] {"timestamp":1786779661281,"kind":"scroll","url":"http://localhost:3000/","viewport":{"width":1440,"height":812},"payload":{"scrollX":0,"scrollY":462,"documentHeight":7776,"viewportHeight":812}}
[2026-08-15T07:41:02.659Z] {"timestamp":1786779661796,"kind":"scroll","url":"http://localhost:3000/","viewport":{"width":1440,"height":812},"payload":{"scrollX":0,"scrollY":631,"documentHeight":7776,"viewportHeight":812}}
[2026-08-15T07:41:04.804Z] {"timestamp":1786779663391,"kind":"focusin","url":"http://localhost:3000/","viewport":{"width":1440,"height":812},"payload":{"target":{"tag":"a","id":null,"name":null,"type":null,"role":null,"ariaLabel":"Email","testId":null,"dataLoc":"client/src/components/Hero.tsx:133","href":"mailto:suonpisey017@gmail.com","text":"","selectorHint":"[data-loc=\"client/src/components/Hero.tsx:133\"]"}}}
[2026-08-15T07:41:04.804Z] {"timestamp":1786779663488,"kind":"click","url":"http://localhost:3000/","viewport":{"width":1440,"height":812},"payload":{"target":{"tag":"rect","id":null,"name":null,"type":null,"role":null,"ariaLabel":null,"testId":null,"dataLoc":null,"href":null,"text":"","selectorHint":"rect"},"x":298,"y":157}}
[2026-08-15T07:41:04.804Z] {"timestamp":1786779663677,"kind":"focusout","url":"http://localhost:3000/","viewport":{"width":1440,"height":812},"payload":{"target":{"tag":"a","id":null,"name":null,"type":null,"role":null,"ariaLabel":"Email","testId":null,"dataLoc":"client/src/components/Hero.tsx:133","href":"mailto:suonpisey017@gmail.com","text":"","selectorHint":"[data-loc=\"client/src/components/Hero.tsx:133\"]"},"value":null}}
[2026-08-15T07:41:12.713Z] {"timestamp":1786779672587,"kind":"focusin","url":"http://localhost:3000/","viewport":{"width":1440,"height":812},"payload":{"target":{"tag":"a","id":null,"name":null,"type":null,"role":null,"ariaLabel":"Email","testId":null,"dataLoc":"client/src/components/Hero.tsx:133","href":"mailto:suonpisey017@gmail.com","text":"","selectorHint":"[data-loc=\"client/src/components/Hero.tsx:133\"]"}}}
[2026-08-15T07:41:16.804Z] {"timestamp":1786779674704,"kind":"click","url":"http://localhost:3000/","viewport":{"width":1440,"height":812},"payload":{"target":{"tag":"a","id":null,"name":null,"type":null,"role":null,"ariaLabel":"Email","testId":null,"dataLoc":"client/src/components/Hero.tsx:133","href":"mailto:suonpisey017@gmail.com","text":"","selectorHint":"[data-loc=\"client/src/components/Hero.tsx:133\"]"},"x":288,"y":176}}
[2026-08-15T07:41:16.804Z] {"timestamp":1786779674736,"kind":"focusout","url":"http://localhost:3000/","viewport":{"width":1440,"height":812},"payload":{"target":{"tag":"a","id":null,"name":null,"type":null,"role":null,"ariaLabel":"Email","testId":null,"dataLoc":"client/src/components/Hero.tsx:133","href":"mailto:suonpisey017@gmail.com","text":"","selectorHint":"[data-loc=\"client/src/components/Hero.tsx:133\"]"},"value":null}}
[2026-08-15T07:41:18.804Z] {"timestamp":1786779676915,"kind":"focusin","url":"http://localhost:3000/","viewport":{"width":1440,"height":812},"payload":{"target":{"tag":"a","id":null,"name":null,"type":null,"role":null,"ariaLabel":"Email","testId":null,"dataLoc":"client/src/components/Hero.tsx:133","href":"mailto:suonpisey017@gmail.com","text":"","selectorHint":"[data-loc=\"client/src/components/Hero.tsx:133\"]"}}}
[2026-08-15T07:41:18.804Z] {"timestamp":1786779677922,"kind":"focusout","url":"http://localhost:3000/","viewport":{"width":1440,"height":812},"payload":{"target":{"tag":"a","id":null,"name":null,"type":null,"role":null,"ariaLabel":"Email","testId":null,"dataLoc":"client/src/components/Hero.tsx:133","href":"mailto:suonpisey017@gmail.com","text":"","selectorHint":"[data-loc=\"client/src/components/Hero.tsx:133\"]"},"value":null}}
[2026-08-15T07:41:18.804Z] {"timestamp":1786779677922,"kind":"focusin","url":"http://localhost:3000/","viewport":{"width":1440,"height":812},"payload":{"target":{"tag":"a","id":null,"name":null,"type":null,"role":null,"ariaLabel":"Telegram","testId":null,"dataLoc":"client/src/components/Hero.tsx:133","href":"https://t.me/error_code_kh","text":"","selectorHint":"[data-loc=\"client/src/components/Hero.tsx:133\"]"}}}
[2026-08-15T07:41:18.804Z] {"timestamp":1786779677987,"kind":"click","url":"http://localhost:3000/","viewport":{"width":1440,"height":812},"payload":{"target":{"tag":"a","id":null,"name":null,"type":null,"role":null,"ariaLabel":"Telegram","testId":null,"dataLoc":"client/src/components/Hero.tsx:133","href":"https://t.me/error_code_kh","text":"","selectorHint":"[data-loc=\"client/src/components/Hero.tsx:133\"]"},"x":424,"y":168}}
[2026-08-15T07:41:18.804Z] {"timestamp":1786779678020,"kind":"focusout","url":"http://localhost:3000/","viewport":{"width":1440,"height":812},"payload":{"target":{"tag":"a","id":null,"name":null,"type":null,"role":null,"ariaLabel":"Telegram","testId":null,"dataLoc":"client/src/components/Hero.tsx:133","href":"https://t.me/error_code_kh","text":"","selectorHint":"[data-loc=\"client/src/components/Hero.tsx:133\"]"},"value":null}}
[2026-08-15T07:41:20.682Z] {"timestamp":1786779679578,"kind":"focusin","url":"http://localhost:3000/","viewport":{"width":1440,"height":812},"payload":{"target":{"tag":"a","id":null,"name":null,"type":null,"role":null,"ariaLabel":"Telegram","testId":null,"dataLoc":"client/src/components/Hero.tsx:133","href":"https://t.me/error_code_kh","text":"","selectorHint":"[data-loc=\"client/src/components/Hero.tsx:133\"]"}}}
[2026-08-15T07:41:22.805Z] {"timestamp":1786779680788,"kind":"focusout","url":"http://localhost:3000/","viewport":{"width":1440,"height":812},"payload":{"target":{"tag":"a","id":null,"name":null,"type":null,"role":null,"ariaLabel":"Telegram","testId":null,"dataLoc":"client/src/components/Hero.tsx:133","href":"https://t.me/error_code_kh","text":"","selectorHint":"[data-loc=\"client/src/components/Hero.tsx:133\"]"},"value":null}}
[2026-08-15T07:41:22.805Z] {"timestamp":1786779680788,"kind":"focusin","url":"http://localhost:3000/","viewport":{"width":1440,"height":812},"payload":{"target":{"tag":"a","id":null,"name":null,"type":null,"role":null,"ariaLabel":"Facebook","testId":null,"dataLoc":"client/src/components/Hero.tsx:133","href":"https://www.facebook.com/suon.pisey.293654","text":"","selectorHint":"[data-loc=\"client/src/components/Hero.tsx:133\"]"}}}
[2026-08-15T07:41:22.806Z] {"timestamp":1786779680928,"kind":"click","url":"http://localhost:3000/","viewport":{"width":1440,"height":812},"payload":{"target":{"tag":"a","id":null,"name":null,"type":null,"role":null,"ariaLabel":"Facebook","testId":null,"dataLoc":"client/src/components/Hero.tsx:133","href":"https://www.facebook.com/suon.pisey.293654","text":"","selectorHint":"[data-loc=\"client/src/components/Hero.tsx:133\"]"},"x":337,"y":185}}
[2026-08-15T07:41:22.806Z] {"timestamp":1786779680962,"kind":"focusout","url":"http://localhost:3000/","viewport":{"width":1440,"height":812},"payload":{"target":{"tag":"a","id":null,"name":null,"type":null,"role":null,"ariaLabel":"Facebook","testId":null,"dataLoc":"client/src/components/Hero.tsx:133","href":"https://www.facebook.com/suon.pisey.293654","text":"","selectorHint":"[data-loc=\"client/src/components/Hero.tsx:133\"]"},"value":null}}
[2026-08-15T07:41:24.658Z] {"timestamp":1786779683561,"kind":"focusin","url":"http://localhost:3000/","viewport":{"width":1440,"height":812},"payload":{"target":{"tag":"a","id":null,"name":null,"type":null,"role":null,"ariaLabel":"Facebook","testId":null,"dataLoc":"client/src/components/Hero.tsx:133","href":"https://www.facebook.com/suon.pisey.293654","text":"","selectorHint":"[data-loc=\"client/src/components/Hero.tsx:133\"]"}}}
[2026-08-15T07:41:26.805Z] {"timestamp":1786779684721,"kind":"focusout","url":"http://localhost:3000/","viewport":{"width":1440,"height":812},"payload":{"target":{"tag":"a","id":null,"name":null,"type":null,"role":null,"ariaLabel":"Facebook","testId":null,"dataLoc":"client/src/components/Hero.tsx:133","href":"https://www.facebook.com/suon.pisey.293654","text":"","selectorHint":"[data-loc=\"client/src/components/Hero.tsx:133\"]"},"value":null}}
[2026-08-15T07:41:26.805Z] {"timestamp":1786779684721,"kind":"focusin","url":"http://localhost:3000/","viewport":{"width":1440,"height":812},"payload":{"target":{"tag":"a","id":null,"name":null,"type":null,"role":null,"ariaLabel":"Telegram","testId":null,"dataLoc":"client/src/components/Hero.tsx:133","href":"https://t.me/error_code_kh","text":"","selectorHint":"[data-loc=\"client/src/components/Hero.tsx:133\"]"}}}
[2026-08-15T07:41:26.805Z] {"timestamp":1786779686276,"kind":"focusout","url":"http://localhost:3000/","viewport":{"width":1440,"height":812},"payload":{"target":{"tag":"a","id":null,"name":null,"type":null,"role":null,"ariaLabel":"Telegram","testId":null,"dataLoc":"client/src/components/Hero.tsx:133","href":"https://t.me/error_code_kh","text":"","selectorHint":"[data-loc=\"client/src/components/Hero.tsx:133\"]"},"value":null}}
[2026-08-15T07:41:26.805Z] {"timestamp":1786779686277,"kind":"focusin","url":"http://localhost:3000/","viewport":{"width":1440,"height":812},"payload":{"target":{"tag":"a","id":null,"name":null,"type":null,"role":null,"ariaLabel":"Email","testId":null,"dataLoc":"client/src/components/Hero.tsx:133","href":"mailto:suonpisey017@gmail.com","text":"","selectorHint":"[data-loc=\"client/src/components/Hero.tsx:133\"]"}}}
[2026-08-15T07:41:26.805Z] {"timestamp":1786779686277,"kind":"click","url":"http://localhost:3000/","viewport":{"width":1440,"height":812},"payload":{"target":{"tag":"path","id":null,"name":null,"type":null,"role":null,"ariaLabel":null,"testId":null,"dataLoc":null,"href":null,"text":"","selectorHint":"path"},"x":294,"y":165}}
[2026-08-15T07:41:26.805Z] {"timestamp":1786779686312,"kind":"click","url":"http://localhost:3000/","viewport":{"width":1440,"height":812},"payload":{"target":{"tag":"path","id":null,"name":null,"type":null,"role":null,"ariaLabel":null,"testId":null,"dataLoc":null,"href":null,"text":"","selectorHint":"path"},"x":294,"y":165}}
[2026-08-15T07:41:26.805Z] {"timestamp":1786779686338,"kind":"focusout","url":"http://localhost:3000/","viewport":{"width":1440,"height":812},"payload":{"target":{"tag":"a","id":null,"name":null,"type":null,"role":null,"ariaLabel":"Email","testId":null,"dataLoc":"client/src/components/Hero.tsx:133","href":"mailto:suonpisey017@gmail.com","text":"","selectorHint":"[data-loc=\"client/src/components/Hero.tsx:133\"]"},"value":null}}
[2026-08-15T07:41:32.667Z] {"timestamp":1786779691048,"kind":"focusin","url":"http://localhost:3000/","viewport":{"width":1440,"height":812},"payload":{"target":{"tag":"a","id":null,"name":null,"type":null,"role":null,"ariaLabel":"Email","testId":null,"dataLoc":"client/src/components/Hero.tsx:133","href":"mailto:suonpisey017@gmail.com","text":"","selectorHint":"[data-loc=\"client/src/components/Hero.tsx:133\"]"}}}
[2026-08-15T07:41:32.667Z] {"timestamp":1786779692487,"kind":"focusout","url":"http://localhost:3000/","viewport":{"width":1440,"height":812},"payload":{"target":{"tag":"a","id":null,"name":null,"type":null,"role":null,"ariaLabel":"Email","testId":null,"dataLoc":"client/src/components/Hero.tsx:133","href":"mailto:suonpisey017@gmail.com","text":"","selectorHint":"[data-loc=\"client/src/components/Hero.tsx:133\"]"},"value":null}}
[2026-08-15T07:41:46.661Z] {"timestamp":1786779705767,"kind":"focusin","url":"http://localhost:3000/","viewport":{"width":1440,"height":812},"payload":{"target":{"tag":"a","id":null,"name":null,"type":null,"role":null,"ariaLabel":"Email","testId":null,"dataLoc":"client/src/components/Hero.tsx:133","href":"mailto:suonpisey017@gmail.com","text":"","selectorHint":"[data-loc=\"client/src/components/Hero.tsx:133\"]"}}}
[2026-08-15T07:41:46.661Z] {"timestamp":1786779706062,"kind":"scroll","url":"http://localhost:3000/","viewport":{"width":1440,"height":812},"payload":{"scrollX":0,"scrollY":552,"documentHeight":7776,"viewportHeight":812}}
[2026-08-15T07:41:48.658Z] {"timestamp":1786779707096,"kind":"scroll","url":"http://localhost:3000/","viewport":{"width":1440,"height":812},"payload":{"scrollX":0,"scrollY":565,"documentHeight":7776,"viewportHeight":812}}
[2026-08-15T07:41:56.659Z] {"timestamp":1786779716221,"kind":"focusout","url":"http://localhost:3000/","viewport":{"width":1440,"height":812},"payload":{"target":{"tag":"a","id":null,"name":null,"type":null,"role":null,"ariaLabel":"Email","testId":null,"dataLoc":"client/src/components/Hero.tsx:133","href":"mailto:suonpisey017@gmail.com","text":"","selectorHint":"[data-loc=\"client/src/components/Hero.tsx:133\"]"},"value":null}}
[2026-08-15T07:41:58.660Z] {"timestamp":1786779716803,"kind":"click","url":"http://localhost:3000/","viewport":{"width":1440,"height":812},"payload":{"target":{"tag":"div","id":null,"name":null,"type":null,"role":null,"ariaLabel":null,"testId":null,"dataLoc":"client/src/components/Skills.tsx:100","href":null,"text":"PostgreSQL MongoDB MySQL Firebase Redis Prisma ORM","selectorHint":"[data-loc=\"client/src/components/Skills.tsx:100\"]"},"x":772,"y":364}}
[2026-08-15T07:41:58.660Z] {"timestamp":1786779718538,"kind":"click","url":"http://localhost:3000/","viewport":{"width":1440,"height":812},"payload":{"target":{"tag":"div","id":null,"name":null,"type":null,"role":null,"ariaLabel":null,"testId":null,"dataLoc":"client/src/components/Skills.tsx:107","href":null,"text":"Prisma ORM","selectorHint":"[data-loc=\"client/src/components/Skills.tsx:107\"]"},"x":921,"y":421}}
[2026-08-15T07:42:42.661Z] {"timestamp":1786779760662,"kind":"scroll","url":"http://localhost:3000/","viewport":{"width":1440,"height":812},"payload":{"scrollX":0,"scrollY":2048,"documentHeight":7776,"viewportHeight":812}}
[2026-08-15T07:42:42.661Z] {"timestamp":1786779762412,"kind":"scroll","url":"http://localhost:3000/","viewport":{"width":1440,"height":812},"payload":{"scrollX":0,"scrollY":1672,"documentHeight":7776,"viewportHeight":812}}
[2026-08-15T07:42:44.660Z] {"timestamp":1786779762911,"kind":"scroll","url":"http://localhost:3000/","viewport":{"width":1440,"height":812},"payload":{"scrollX":0,"scrollY":2936,"documentHeight":7776,"viewportHeight":812}}
[2026-08-15T07:42:44.660Z] {"timestamp":1786779763568,"kind":"scroll","url":"http://localhost:3000/","viewport":{"width":1440,"height":812},"payload":{"scrollX":0,"scrollY":2104,"documentHeight":7776,"viewportHeight":812}}
[2026-08-15T07:42:44.660Z] {"timestamp":1786779764078,"kind":"scroll","url":"http://localhost:3000/","viewport":{"width":1440,"height":812},"payload":{"scrollX":0,"scrollY":2320,"documentHeight":7776,"viewportHeight":812}}
[2026-08-15T07:42:44.660Z] {"timestamp":1786779764602,"kind":"scroll","url":"http://localhost:3000/","viewport":{"width":1440,"height":812},"payload":{"scrollX":0,"scrollY":3063,"documentHeight":7776,"viewportHeight":812}}
[2026-08-15T07:42:46.658Z] {"timestamp":1786779765111,"kind":"scroll","url":"http://localhost:3000/","viewport":{"width":1440,"height":812},"payload":{"scrollX":0,"scrollY":2777,"documentHeight":7776,"viewportHeight":812}}
[2026-08-15T07:42:46.658Z] {"timestamp":1786779765611,"kind":"scroll","url":"http://localhost:3000/","viewport":{"width":1440,"height":812},"payload":{"scrollX":0,"scrollY":3028,"documentHeight":7776,"viewportHeight":812}}
[2026-08-15T07:42:46.658Z] {"timestamp":1786779766111,"kind":"scroll","url":"http://localhost:3000/","viewport":{"width":1440,"height":812},"payload":{"scrollX":0,"scrollY":3495,"documentHeight":7776,"viewportHeight":812}}
[2026-08-15T07:42:48.661Z] {"timestamp":1786779766867,"kind":"scroll","url":"http://localhost:3000/","viewport":{"width":1440,"height":812},"payload":{"scrollX":0,"scrollY":4950,"documentHeight":7776,"viewportHeight":812}}
[2026-08-15T07:42:48.661Z] {"timestamp":1786779767378,"kind":"scroll","url":"http://localhost:3000/","viewport":{"width":1440,"height":812},"payload":{"scrollX":0,"scrollY":3563,"documentHeight":7776,"viewportHeight":812}}
[2026-08-15T07:42:48.661Z] {"timestamp":1786779767878,"kind":"scroll","url":"http://localhost:3000/","viewport":{"width":1440,"height":812},"payload":{"scrollX":0,"scrollY":3355,"documentHeight":7776,"viewportHeight":812}}
[2026-08-15T07:42:50.665Z] {"timestamp":1786779769053,"kind":"click","url":"http://localhost:3000/","viewport":{"width":1440,"height":812},"payload":{"target":{"tag":"h2","id":null,"name":null,"type":null,"role":null,"ariaLabel":null,"testId":null,"dataLoc":"client/src/components/Experience.tsx:56","href":null,"text":"Experience","selectorHint":"[data-loc=\"client/src/components/Experience.tsx:56\"]"},"x":265,"y":196}}
[2026-08-15T07:42:50.665Z] {"timestamp":1786779769202,"kind":"click","url":"http://localhost:3000/","viewport":{"width":1440,"height":812},"payload":{"target":{"tag":"h2","id":null,"name":null,"type":null,"role":null,"ariaLabel":null,"testId":null,"dataLoc":"client/src/components/Experience.tsx:56","href":null,"text":"Experience","selectorHint":"[data-loc=\"client/src/components/Experience.tsx:56\"]"},"x":265,"y":196}}
[2026-08-15T07:42:50.665Z] {"timestamp":1786779769319,"kind":"click","url":"http://localhost:3000/","viewport":{"width":1440,"height":812},"payload":{"target":{"tag":"h2","id":null,"name":null,"type":null,"role":null,"ariaLabel":null,"testId":null,"dataLoc":"client/src/components/Experience.tsx:56","href":null,"text":"Experience","selectorHint":"[data-loc=\"client/src/components/Experience.tsx:56\"]"},"x":265,"y":196}}
[2026-08-15T07:43:32.659Z] {"timestamp":1786779812517,"kind":"scroll","url":"http://localhost:3000/","viewport":{"width":1440,"height":812},"payload":{"scrollX":0,"scrollY":3069,"documentHeight":8454,"viewportHeight":812}}
[2026-08-15T07:43:34.660Z] {"timestamp":1786779813045,"kind":"scroll","url":"http://localhost:3000/","viewport":{"width":1440,"height":812},"payload":{"scrollX":0,"scrollY":3301,"documentHeight":8454,"viewportHeight":812}}
[2026-08-15T07:44:36.667Z] {"timestamp":1786779876145,"kind":"scroll","url":"http://localhost:3000/","viewport":{"width":1440,"height":812},"payload":{"scrollX":0,"scrollY":3308,"documentHeight":8402,"viewportHeight":812}}
[2026-08-15T07:44:54.662Z] {"timestamp":1786779894246,"kind":"scroll","url":"http://localhost:3000/","viewport":{"width":1440,"height":812},"payload":{"scrollX":0,"scrollY":3373,"documentHeight":8402,"viewportHeight":812}}
[2026-08-15T07:44:58.199Z] {"timestamp":1786779896294,"kind":"scroll","url":"http://localhost:3000/","viewport":{"width":1440,"height":812},"payload":{"scrollX":0,"scrollY":3319.5,"documentHeight":7952,"viewportHeight":812}}
[2026-08-15T07:44:58.199Z] {"timestamp":1786779896986,"kind":"scroll","url":"http://localhost:3000/","viewport":{"width":1440,"height":812},"payload":{"scrollX":0,"scrollY":3379,"documentHeight":8063,"viewportHeight":812}}
[2026-08-15T07:44:58.199Z] {"timestamp":1786779897495,"kind":"scroll","url":"http://localhost:3000/","viewport":{"width":1440,"height":812},"payload":{"scrollX":0,"scrollY":3388,"documentHeight":8063,"viewportHeight":812}}
[2026-08-15T07:44:58.199Z] {"timestamp":1786779898012,"kind":"scroll","url":"http://localhost:3000/","viewport":{"width":1440,"height":812},"payload":{"scrollX":0,"scrollY":3335,"documentHeight":8063,"viewportHeight":812}}
[2026-08-15T07:45:00.807Z] {"timestamp":1786779898512,"kind":"scroll","url":"http://localhost:3000/","viewport":{"width":1440,"height":812},"payload":{"scrollX":0,"scrollY":3763,"documentHeight":8063,"viewportHeight":812}}
[2026-08-15T07:45:00.807Z] {"timestamp":1786779899028,"kind":"scroll","url":"http://localhost:3000/","viewport":{"width":1440,"height":812},"payload":{"scrollX":0,"scrollY":4157,"documentHeight":8063,"viewportHeight":812}}
[2026-08-15T07:46:12.200Z] {"timestamp":1786779971918,"kind":"scroll","url":"http://localhost:3000/","viewport":{"width":1440,"height":812},"payload":{"scrollX":0,"scrollY":4207,"documentHeight":8063,"viewportHeight":812}}
[2026-08-15T07:46:14.199Z] {"timestamp":1786779972429,"kind":"scroll","url":"http://localhost:3000/","viewport":{"width":1440,"height":812},"payload":{"scrollX":0,"scrollY":4167,"documentHeight":8063,"viewportHeight":812}}
[2026-08-15T07:46:14.199Z] {"timestamp":1786779972945,"kind":"scroll","url":"http://localhost:3000/","viewport":{"width":1440,"height":812},"payload":{"scrollX":0,"scrollY":3801,"documentHeight":8063,"viewportHeight":812}}
[2026-08-15T07:46:14.199Z] {"timestamp":1786779973544,"kind":"scroll","url":"http://localhost:3000/","viewport":{"width":1440,"height":812},"payload":{"scrollX":0,"scrollY":3665,"documentHeight":8063,"viewportHeight":812}}
[2026-08-15T07:46:14.199Z] {"timestamp":1786779974079,"kind":"scroll","url":"http://localhost:3000/","viewport":{"width":1440,"height":812},"payload":{"scrollX":0,"scrollY":3531,"documentHeight":8063,"viewportHeight":812}}
[2026-08-15T07:46:24.797Z] {"timestamp":1786779982883,"kind":"scroll","url":"http://localhost:3000/","viewport":{"width":1440,"height":812},"payload":{"scrollX":0,"scrollY":3348,"documentHeight":8063,"viewportHeight":812}}
[2026-08-15T07:46:24.797Z] {"timestamp":1786779983397,"kind":"scroll","url":"http://localhost:3000/","viewport":{"width":1440,"height":812},"payload":{"scrollX":0,"scrollY":3350,"documentHeight":8063,"viewportHeight":812}}
[2026-08-15T07:46:24.797Z] {"timestamp":1786779983912,"kind":"scroll","url":"http://localhost:3000/","viewport":{"width":1440,"height":812},"payload":{"scrollX":0,"scrollY":3443,"documentHeight":8063,"viewportHeight":812}}
[2026-08-15T07:46:26.795Z] {"timestamp":1786779985086,"kind":"scroll","url":"http://localhost:3000/","viewport":{"width":1440,"height":812},"payload":{"scrollX":0,"scrollY":3395,"documentHeight":8063,"viewportHeight":812}}
[2026-08-15T07:46:28.795Z] {"timestamp":1786779987386,"kind":"scroll","url":"http://localhost:3000/","viewport":{"width":1440,"height":812},"payload":{"scrollX":0,"scrollY":3330,"documentHeight":8063,"viewportHeight":812}}
[2026-08-15T07:46:30.794Z] {"timestamp":1786779990469,"kind":"scroll","url":"http://localhost:3000/","viewport":{"width":1440,"height":812},"payload":{"scrollX":0,"scrollY":3378,"documentHeight":8063,"viewportHeight":812}}
[2026-08-15T07:46:34.794Z] {"timestamp":1786779994185,"kind":"scroll","url":"http://localhost:3000/","viewport":{"width":1440,"height":812},"payload":{"scrollX":0,"scrollY":3314,"documentHeight":8063,"viewportHeight":812}}
[2026-08-15T07:46:34.794Z] {"timestamp":1786779994695,"kind":"scroll","url":"http://localhost:3000/","viewport":{"width":1440,"height":812},"payload":{"scrollX":0,"scrollY":3791,"documentHeight":8063,"viewportHeight":812}}
[2026-08-15T07:46:36.795Z] {"timestamp":1786779995196,"kind":"scroll","url":"http://localhost:3000/","viewport":{"width":1440,"height":812},"payload":{"scrollX":0,"scrollY":3856,"documentHeight":8063,"viewportHeight":812}}
[2026-08-15T07:46:36.795Z] {"timestamp":1786779995762,"kind":"scroll","url":"http://localhost:3000/","viewport":{"width":1440,"height":812},"payload":{"scrollX":0,"scrollY":3911,"documentHeight":8063,"viewportHeight":812}}
[2026-08-15T07:46:36.795Z] {"timestamp":1786779996386,"kind":"scroll","url":"http://localhost:3000/","viewport":{"width":1440,"height":812},"payload":{"scrollX":0,"scrollY":3404,"documentHeight":8063,"viewportHeight":812}}
[2026-08-15T07:46:38.796Z] {"timestamp":1786779997102,"kind":"scroll","url":"http://localhost:3000/","viewport":{"width":1440,"height":812},"payload":{"scrollX":0,"scrollY":3021,"documentHeight":8063,"viewportHeight":812}}
[2026-08-15T07:46:38.796Z] {"timestamp":1786779997629,"kind":"scroll","url":"http://localhost:3000/","viewport":{"width":1440,"height":812},"payload":{"scrollX":0,"scrollY":3618,"documentHeight":8063,"viewportHeight":812}}
[2026-08-15T07:46:38.796Z] {"timestamp":1786779998586,"kind":"scroll","url":"http://localhost:3000/","viewport":{"width":1440,"height":812},"payload":{"scrollX":0,"scrollY":4251,"documentHeight":8063,"viewportHeight":812}}
[2026-08-15T07:46:40.793Z] {"timestamp":1786779999235,"kind":"scroll","url":"http://localhost:3000/","viewport":{"width":1440,"height":812},"payload":{"scrollX":0,"scrollY":4016,"documentHeight":8063,"viewportHeight":812}}
[2026-08-15T07:46:40.794Z] {"timestamp":1786779999862,"kind":"scroll","url":"http://localhost:3000/","viewport":{"width":1440,"height":812},"payload":{"scrollX":0,"scrollY":3374,"documentHeight":8063,"viewportHeight":812}}
[2026-08-15T07:46:40.794Z] {"timestamp":1786780000361,"kind":"scroll","url":"http://localhost:3000/","viewport":{"width":1440,"height":812},"payload":{"scrollX":0,"scrollY":3523,"documentHeight":8063,"viewportHeight":812}}
[2026-08-15T07:46:42.798Z] {"timestamp":1786780000862,"kind":"scroll","url":"http://localhost:3000/","viewport":{"width":1440,"height":812},"payload":{"scrollX":0,"scrollY":3616,"documentHeight":8063,"viewportHeight":812}}
[2026-08-15T07:46:42.798Z] {"timestamp":1786780001444,"kind":"scroll","url":"http://localhost:3000/","viewport":{"width":1440,"height":812},"payload":{"scrollX":0,"scrollY":3926,"documentHeight":8063,"viewportHeight":812}}
[2026-08-15T07:46:44.794Z] {"timestamp":1786780003646,"kind":"scroll","url":"http://localhost:3000/","viewport":{"width":1440,"height":812},"payload":{"scrollX":0,"scrollY":4016,"documentHeight":8063,"viewportHeight":812}}
[2026-08-15T07:46:44.794Z] {"timestamp":1786780004162,"kind":"scroll","url":"http://localhost:3000/","viewport":{"width":1440,"height":812},"payload":{"scrollX":0,"scrollY":3027,"documentHeight":8063,"viewportHeight":812}}
[2026-08-15T07:46:44.794Z] {"timestamp":1786780004662,"kind":"scroll","url":"http://localhost:3000/","viewport":{"width":1440,"height":812},"payload":{"scrollX":0,"scrollY":2052,"documentHeight":8063,"viewportHeight":812}}
[2026-08-15T07:46:46.794Z] {"timestamp":1786780005535,"kind":"scroll","url":"http://localhost:3000/","viewport":{"width":1440,"height":812},"payload":{"scrollX":0,"scrollY":2211,"documentHeight":8063,"viewportHeight":812}}
[2026-08-15T07:46:46.794Z] {"timestamp":1786780006302,"kind":"scroll","url":"http://localhost:3000/","viewport":{"width":1440,"height":812},"payload":{"scrollX":0,"scrollY":2394,"documentHeight":8063,"viewportHeight":812}}
[2026-08-15T07:46:48.795Z] {"timestamp":1786780006813,"kind":"scroll","url":"http://localhost:3000/","viewport":{"width":1440,"height":812},"payload":{"scrollX":0,"scrollY":3081,"documentHeight":8063,"viewportHeight":812}}
[2026-08-15T07:46:48.795Z] {"timestamp":1786780007362,"kind":"scroll","url":"http://localhost:3000/","viewport":{"width":1440,"height":812},"payload":{"scrollX":0,"scrollY":3505,"documentHeight":8063,"viewportHeight":812}}
[2026-08-15T07:46:48.795Z] {"timestamp":1786780007885,"kind":"scroll","url":"http://localhost:3000/","viewport":{"width":1440,"height":812},"payload":{"scrollX":0,"scrollY":3857,"documentHeight":8063,"viewportHeight":812}}
[2026-08-15T07:46:48.795Z] {"timestamp":1786780008452,"kind":"scroll","url":"http://localhost:3000/","viewport":{"width":1440,"height":812},"payload":{"scrollX":0,"scrollY":4202,"documentHeight":8063,"viewportHeight":812}}
[2026-08-15T07:46:50.794Z] {"timestamp":1786780010455,"kind":"click","url":"http://localhost:3000/","viewport":{"width":1440,"height":812},"payload":{"target":{"tag":"div","id":null,"name":null,"type":null,"role":null,"ariaLabel":null,"testId":null,"dataLoc":"client/src/components/Resume.tsx:46","href":null,"text":"Resume & Credentials Download my complete resume or view my education and certif…","selectorHint":"[data-loc=\"client/src/components/Resume.tsx:46\"]"},"x":605,"y":409}}
[2026-08-15T07:47:40.802Z] {"timestamp":1786780059879,"kind":"scroll","url":"http://localhost:3000/","viewport":{"width":1440,"height":812},"payload":{"scrollX":0,"scrollY":4522,"documentHeight":6631,"viewportHeight":812}}
[2026-08-15T07:47:50.798Z] {"timestamp":1786780069160,"kind":"focusin","url":"http://localhost:3000/","viewport":{"width":1440,"height":812},"payload":{"target":{"tag":"button","id":null,"name":null,"type":null,"role":null,"ariaLabel":"Scroll to top","testId":null,"dataLoc":"client/src/components/Footer.tsx:199","href":null,"text":"","selectorHint":"[data-loc=\"client/src/components/Footer.tsx:199\"]"}}}
[2026-08-15T07:47:50.798Z] {"timestamp":1786780069238,"kind":"click","url":"http://localhost:3000/","viewport":{"width":1440,"height":812},"payload":{"target":{"tag":"svg","id":null,"name":null,"type":null,"role":null,"ariaLabel":null,"testId":null,"dataLoc":"client/src/components/Footer.tsx:214","href":null,"text":"","selectorHint":"[data-loc=\"client/src/components/Footer.tsx:214\"]"},"x":1303,"y":711}}
[2026-08-15T07:47:50.798Z] {"timestamp":1786780069279,"kind":"scroll","url":"http://localhost:3000/","viewport":{"width":1440,"height":812},"payload":{"scrollX":0,"scrollY":5817.5,"documentHeight":6631,"viewportHeight":812}}
[2026-08-15T07:47:50.798Z] {"timestamp":1786780069785,"kind":"scroll","url":"http://localhost:3000/","viewport":{"width":1440,"height":812},"payload":{"scrollX":0,"scrollY":1896.5,"documentHeight":6631,"viewportHeight":812}}
[2026-08-15T07:47:50.798Z] {"timestamp":1786780070295,"kind":"scroll","url":"http://localhost:3000/","viewport":{"width":1440,"height":812},"payload":{"scrollX":0,"scrollY":245.5,"documentHeight":6631,"viewportHeight":812}}
[2026-08-15T07:47:52.795Z] {"timestamp":1786780071063,"kind":"scroll","url":"http://localhost:3000/","viewport":{"width":1440,"height":812},"payload":{"scrollX":0,"scrollY":5.5,"documentHeight":6631,"viewportHeight":812}}
[2026-08-15T07:47:52.795Z] {"timestamp":1786780071580,"kind":"scroll","url":"http://localhost:3000/","viewport":{"width":1440,"height":812},"payload":{"scrollX":0,"scrollY":3191.5,"documentHeight":6631,"viewportHeight":812}}
[2026-08-15T07:47:52.795Z] {"timestamp":1786780072296,"kind":"scroll","url":"http://localhost:3000/","viewport":{"width":1440,"height":812},"payload":{"scrollX":0,"scrollY":5815.5,"documentHeight":6631,"viewportHeight":812}}
[2026-08-15T07:47:54.800Z] {"timestamp":1786780073286,"kind":"scroll","url":"http://localhost:3000/","viewport":{"width":1440,"height":812},"payload":{"scrollX":0,"scrollY":3960.5,"documentHeight":6631,"viewportHeight":812}}
[2026-08-15T07:47:54.800Z] {"timestamp":1786780073795,"kind":"scroll","url":"http://localhost:3000/","viewport":{"width":1440,"height":812},"payload":{"scrollX":0,"scrollY":3587.5,"documentHeight":6631,"viewportHeight":812}}
[2026-08-15T07:47:54.800Z] {"timestamp":1786780074295,"kind":"scroll","url":"http://localhost:3000/","viewport":{"width":1440,"height":812},"payload":{"scrollX":0,"scrollY":3222.5,"documentHeight":6631,"viewportHeight":812}}
[2026-08-15T07:47:56.795Z] {"timestamp":1786780075269,"kind":"scroll","url":"http://localhost:3000/","viewport":{"width":1440,"height":812},"payload":{"scrollX":0,"scrollY":2952.5,"documentHeight":6631,"viewportHeight":812}}
[2026-08-15T07:47:56.795Z] {"timestamp":1786780075802,"kind":"scroll","url":"http://localhost:3000/","viewport":{"width":1440,"height":812},"payload":{"scrollX":0,"scrollY":2633.5,"documentHeight":6631,"viewportHeight":812}}
[2026-08-15T07:47:56.795Z] {"timestamp":1786780076312,"kind":"scroll","url":"http://localhost:3000/","viewport":{"width":1440,"height":812},"payload":{"scrollX":0,"scrollY":2419.5,"documentHeight":6631,"viewportHeight":812}}
[2026-08-15T07:47:58.795Z] {"timestamp":1786780076963,"kind":"scroll","url":"http://localhost:3000/","viewport":{"width":1440,"height":812},"payload":{"scrollX":0,"scrollY":2307.5,"documentHeight":6631,"viewportHeight":812}}
[2026-08-15T07:47:58.795Z] {"timestamp":1786780077536,"kind":"scroll","url":"http://localhost:3000/","viewport":{"width":1440,"height":812},"payload":{"scrollX":0,"scrollY":2086.5,"documentHeight":6631,"viewportHeight":812}}
[2026-08-15T07:47:58.795Z] {"timestamp":1786780078252,"kind":"scroll","url":"http://localhost:3000/","viewport":{"width":1440,"height":812},"payload":{"scrollX":0,"scrollY":1325.5,"documentHeight":6631,"viewportHeight":812}}
[2026-08-15T07:47:58.795Z] {"timestamp":1786780078762,"kind":"scroll","url":"http://localhost:3000/","viewport":{"width":1440,"height":812},"payload":{"scrollX":0,"scrollY":860.5,"documentHeight":6631,"viewportHeight":812}}
[2026-08-15T07:48:00.797Z] {"timestamp":1786780079469,"kind":"scroll","url":"http://localhost:3000/","viewport":{"width":1440,"height":812},"payload":{"scrollX":0,"scrollY":594.5,"documentHeight":6631,"viewportHeight":812}}
[2026-08-15T07:48:00.797Z] {"timestamp":1786780080129,"kind":"scroll","url":"http://localhost:3000/","viewport":{"width":1440,"height":812},"payload":{"scrollX":0,"scrollY":1820.5,"documentHeight":6631,"viewportHeight":812}}
[2026-08-15T07:48:00.797Z] {"timestamp":1786780080629,"kind":"scroll","url":"http://localhost:3000/","viewport":{"width":1440,"height":812},"payload":{"scrollX":0,"scrollY":2950.5,"documentHeight":6631,"viewportHeight":812}}
[2026-08-15T07:48:02.797Z] {"timestamp":1786780081129,"kind":"scroll","url":"http://localhost:3000/","viewport":{"width":1440,"height":812},"payload":{"scrollX":0,"scrollY":3622.5,"documentHeight":6631,"viewportHeight":812}}
[2026-08-15T07:48:04.795Z] {"timestamp":1786780084685,"kind":"scroll","url":"http://localhost:3000/","viewport":{"width":1440,"height":812},"payload":{"scrollX":0,"scrollY":3901.5,"documentHeight":6631,"viewportHeight":812}}
[2026-08-15T07:48:06.797Z] {"timestamp":1786780085262,"kind":"scroll","url":"http://localhost:3000/","viewport":{"width":1440,"height":812},"payload":{"scrollX":0,"scrollY":3974.5,"documentHeight":6631,"viewportHeight":812}}
[2026-08-15T07:48:06.797Z] {"timestamp":1786780085835,"kind":"scroll","url":"http://localhost:3000/","viewport":{"width":1440,"height":812},"payload":{"scrollX":0,"scrollY":5390.5,"documentHeight":6631,"viewportHeight":812}}
[2026-08-15T07:48:18.823Z] {"timestamp":1786780096828,"kind":"focusout","url":"http://localhost:3000/","viewport":{"width":1440,"height":812},"payload":{"target":{"tag":"button","id":null,"name":null,"type":null,"role":null,"ariaLabel":"Scroll to top","testId":null,"dataLoc":"client/src/components/Footer.tsx:199","href":null,"text":"","selectorHint":"[data-loc=\"client/src/components/Footer.tsx:199\"]"},"value":null}}
[2026-08-15T07:49:14.777Z] {"timestamp":1786780152863,"kind":"scroll","url":"http://localhost:3000/","viewport":{"width":1440,"height":812},"payload":{"scrollX":0,"scrollY":5819,"documentHeight":6631,"viewportHeight":812}}
[2026-08-15T07:49:14.777Z] {"timestamp":1786780154670,"kind":"scroll","url":"http://localhost:3000/","viewport":{"width":1440,"height":812},"payload":{"scrollX":0,"scrollY":5817,"documentHeight":6631,"viewportHeight":812}}
[2026-08-15T07:49:16.777Z] {"timestamp":1786780155179,"kind":"scroll","url":"http://localhost:3000/","viewport":{"width":1440,"height":812},"payload":{"scrollX":0,"scrollY":2895,"documentHeight":6631,"viewportHeight":812}}
[2026-08-15T07:49:16.777Z] {"timestamp":1786780155679,"kind":"scroll","url":"http://localhost:3000/","viewport":{"width":1440,"height":812},"payload":{"scrollX":0,"scrollY":1509,"documentHeight":6631,"viewportHeight":812}}
[2026-08-15T07:49:16.777Z] {"timestamp":1786780156202,"kind":"scroll","url":"http://localhost:3000/","viewport":{"width":1440,"height":812},"payload":{"scrollX":0,"scrollY":2119,"documentHeight":6631,"viewportHeight":812}}
[2026-08-15T07:49:16.777Z] {"timestamp":1786780156712,"kind":"scroll","url":"http://localhost:3000/","viewport":{"width":1440,"height":812},"payload":{"scrollX":0,"scrollY":512,"documentHeight":6631,"viewportHeight":812}}
[2026-08-15T07:49:18.776Z] {"timestamp":1786780158070,"kind":"scroll","url":"http://localhost:3000/","viewport":{"width":1440,"height":812},"payload":{"scrollX":0,"scrollY":1,"documentHeight":6631,"viewportHeight":812}}
[2026-08-15T07:49:18.776Z] {"timestamp":1786780158579,"kind":"scroll","url":"http://localhost:3000/","viewport":{"width":1440,"height":812},"payload":{"scrollX":0,"scrollY":3525,"documentHeight":6631,"viewportHeight":812}}
[2026-08-15T07:49:20.776Z] {"timestamp":1786780159080,"kind":"scroll","url":"http://localhost:3000/","viewport":{"width":1440,"height":812},"payload":{"scrollX":0,"scrollY":4936,"documentHeight":6631,"viewportHeight":812}}
[2026-08-15T07:49:20.776Z] {"timestamp":1786780159596,"kind":"scroll","url":"http://localhost:3000/","viewport":{"width":1440,"height":812},"payload":{"scrollX":0,"scrollY":1399,"documentHeight":6631,"viewportHeight":812}}
[2026-08-15T07:49:20.776Z] {"timestamp":1786780160179,"kind":"scroll","url":"http://localhost:3000/","viewport":{"width":1440,"height":812},"payload":{"scrollX":0,"scrollY":12,"documentHeight":6631,"viewportHeight":812}}
[2026-08-15T07:49:20.776Z] {"timestamp":1786780160679,"kind":"scroll","url":"http://localhost:3000/","viewport":{"width":1440,"height":812},"payload":{"scrollX":0,"scrollY":3387,"documentHeight":6631,"viewportHeight":812}}
[2026-08-15T07:49:46.783Z] {"timestamp":1786780184862,"kind":"scroll","url":"http://localhost:3000/","viewport":{"width":1440,"height":812},"payload":{"scrollX":0,"scrollY":5795,"documentHeight":6631,"viewportHeight":812}}
[2026-08-15T07:49:46.783Z] {"timestamp":1786780185362,"kind":"scroll","url":"http://localhost:3000/","viewport":{"width":1440,"height":812},"payload":{"scrollX":0,"scrollY":3495,"documentHeight":6631,"viewportHeight":812}}
[2026-08-15T07:49:46.783Z] {"timestamp":1786780186036,"kind":"scroll","url":"http://localhost:3000/","viewport":{"width":1440,"height":812},"payload":{"scrollX":0,"scrollY":1552,"documentHeight":6631,"viewportHeight":812}}
[2026-08-15T07:49:46.783Z] {"timestamp":1786780186603,"kind":"scroll","url":"http://localhost:3000/","viewport":{"width":1440,"height":812},"payload":{"scrollX":0,"scrollY":981,"documentHeight":6631,"viewportHeight":812}}
[2026-08-15T07:49:48.777Z] {"timestamp":1786780187119,"kind":"scroll","url":"http://localhost:3000/","viewport":{"width":1440,"height":812},"payload":{"scrollX":0,"scrollY":749,"documentHeight":6631,"viewportHeight":812}}
[2026-08-15T07:49:48.777Z] {"timestamp":1786780187629,"kind":"scroll","url":"http://localhost:3000/","viewport":{"width":1440,"height":812},"payload":{"scrollX":0,"scrollY":310,"documentHeight":6631,"viewportHeight":812}}
[2026-08-15T07:49:48.777Z] {"timestamp":1786780188485,"kind":"scroll","url":"http://localhost:3000/","viewport":{"width":1440,"height":812},"payload":{"scrollX":0,"scrollY":797,"documentHeight":6631,"viewportHeight":812}}
[2026-08-15T07:50:58.805Z] {"timestamp":1786780257647,"kind":"scroll","url":"http://localhost:3000/","viewport":{"width":1440,"height":812},"payload":{"scrollX":0,"scrollY":789,"documentHeight":6631,"viewportHeight":812}}
[2026-08-15T07:50:58.807Z] {"timestamp":1786780258519,"kind":"scroll","url":"http://localhost:3000/","viewport":{"width":1440,"height":812},"payload":{"scrollX":0,"scrollY":0.5,"documentHeight":6631,"viewportHeight":812}}
[2026-08-15T07:51:00.781Z] {"timestamp":1786780259487,"kind":"scroll","url":"http://localhost:3000/","viewport":{"width":1440,"height":812},"payload":{"scrollX":0,"scrollY":102.5,"documentHeight":6631,"viewportHeight":812}}
[2026-08-15T07:51:02.784Z] {"timestamp":1786780260936,"kind":"scroll","url":"http://localhost:3000/","viewport":{"width":1440,"height":812},"payload":{"scrollX":0,"scrollY":329.5,"documentHeight":6631,"viewportHeight":812}}
[2026-08-15T07:51:02.784Z] {"timestamp":1786780261448,"kind":"scroll","url":"http://localhost:3000/","viewport":{"width":1440,"height":812},"payload":{"scrollX":0,"scrollY":1162.5,"documentHeight":6631,"viewportHeight":812}}
[2026-08-15T07:51:28.784Z] {"timestamp":1786780287464,"kind":"scroll","url":"http://localhost:3000/","viewport":{"width":1440,"height":812},"payload":{"scrollX":0,"scrollY":1069.5,"documentHeight":6631,"viewportHeight":812}}
[2026-08-15T07:51:28.784Z] {"timestamp":1786780287963,"kind":"scroll","url":"http://localhost:3000/","viewport":{"width":1440,"height":812},"payload":{"scrollX":0,"scrollY":330.5,"documentHeight":6631,"viewportHeight":812}}
[2026-08-15T07:51:30.780Z] {"timestamp":1786780288870,"kind":"scroll","url":"http://localhost:3000/","viewport":{"width":1440,"height":812},"payload":{"scrollX":0,"scrollY":2800.5,"documentHeight":6631,"viewportHeight":812}}
[2026-08-15T07:51:30.780Z] {"timestamp":1786780289380,"kind":"scroll","url":"http://localhost:3000/","viewport":{"width":1440,"height":812},"payload":{"scrollX":0,"scrollY":1452.5,"documentHeight":6631,"viewportHeight":812}}
[2026-08-15T07:51:30.780Z] {"timestamp":1786780289880,"kind":"scroll","url":"http://localhost:3000/","viewport":{"width":1440,"height":812},"payload":{"scrollX":0,"scrollY":1101.5,"documentHeight":6631,"viewportHeight":812}}
[2026-08-15T07:51:30.780Z] {"timestamp":1786780290531,"kind":"scroll","url":"http://localhost:3000/","viewport":{"width":1440,"height":812},"payload":{"scrollX":0,"scrollY":787.5,"documentHeight":6631,"viewportHeight":812}}
[2026-08-15T07:51:32.780Z] {"timestamp":1786780291046,"kind":"scroll","url":"http://localhost:3000/","viewport":{"width":1440,"height":812},"payload":{"scrollX":0,"scrollY":401.5,"documentHeight":6631,"viewportHeight":812}}
[2026-08-15T07:51:32.780Z] {"timestamp":1786780291546,"kind":"scroll","url":"http://localhost:3000/","viewport":{"width":1440,"height":812},"payload":{"scrollX":0,"scrollY":328.5,"documentHeight":6631,"viewportHeight":812}}
[2026-08-15T07:51:32.780Z] {"timestamp":1786780292130,"kind":"scroll","url":"http://localhost:3000/","viewport":{"width":1440,"height":812},"payload":{"scrollX":0,"scrollY":322.5,"documentHeight":6631,"viewportHeight":812}}
[2026-08-15T07:51:34.779Z] {"timestamp":1786780293247,"kind":"scroll","url":"http://localhost:3000/","viewport":{"width":1440,"height":812},"payload":{"scrollX":0,"scrollY":127.5,"documentHeight":6631,"viewportHeight":812}}
[2026-08-15T07:51:34.779Z] {"timestamp":1786780293797,"kind":"scroll","url":"http://localhost:3000/","viewport":{"width":1440,"height":812},"payload":{"scrollX":0,"scrollY":917.5,"documentHeight":6631,"viewportHeight":812}}
[2026-08-15T07:51:34.779Z] {"timestamp":1786780294336,"kind":"scroll","url":"http://localhost:3000/","viewport":{"width":1440,"height":812},"payload":{"scrollX":0,"scrollY":1513.5,"documentHeight":6631,"viewportHeight":812}}
[2026-08-15T07:51:36.780Z] {"timestamp":1786780294837,"kind":"scroll","url":"http://localhost:3000/","viewport":{"width":1440,"height":812},"payload":{"scrollX":0,"scrollY":2189.5,"documentHeight":6631,"viewportHeight":812}}
[2026-08-15T07:51:36.780Z] {"timestamp":1786780295346,"kind":"scroll","url":"http://localhost:3000/","viewport":{"width":1440,"height":812},"payload":{"scrollX":0,"scrollY":2528.5,"documentHeight":6631,"viewportHeight":812}}
[2026-08-15T07:51:36.780Z] {"timestamp":1786780296508,"kind":"click","url":"http://localhost:3000/","viewport":{"width":1440,"height":812},"payload":{"target":{"tag":"p","id":null,"name":null,"type":null,"role":null,"ariaLabel":null,"testId":null,"dataLoc":"client/src/components/Skills.tsx:56","href":null,"text":"A comprehensive toolkit of technologies and methodologies that I use to build ro…","selectorHint":"[data-loc=\"client/src/components/Skills.tsx:56\"]"},"x":572,"y":191}}
[2026-08-15T07:51:36.780Z] {"timestamp":1786780296655,"kind":"click","url":"http://localhost:3000/","viewport":{"width":1440,"height":812},"payload":{"target":{"tag":"p","id":null,"name":null,"type":null,"role":null,"ariaLabel":null,"testId":null,"dataLoc":"client/src/components/Skills.tsx:56","href":null,"text":"A comprehensive toolkit of technologies and methodologies that I use to build ro…","selectorHint":"[data-loc=\"client/src/components/Skills.tsx:56\"]"},"x":572,"y":191}}
[2026-08-15T07:51:38.779Z] {"timestamp":1786780296805,"kind":"click","url":"http://localhost:3000/","viewport":{"width":1440,"height":812},"payload":{"target":{"tag":"p","id":null,"name":null,"type":null,"role":null,"ariaLabel":null,"testId":null,"dataLoc":"client/src/components/Skills.tsx:56","href":null,"text":"A comprehensive toolkit of technologies and methodologies that I use to build ro…","selectorHint":"[data-loc=\"client/src/components/Skills.tsx:56\"]"},"x":572,"y":191}}
[2026-08-15T07:51:44.780Z] {"timestamp":1786780303039,"kind":"click","url":"http://localhost:3000/","viewport":{"width":1440,"height":812},"payload":{"target":{"tag":"span","id":null,"name":null,"type":null,"role":null,"ariaLabel":null,"testId":null,"dataLoc":"client/src/components/Skills.tsx:125","href":null,"text":"Framer Motion","selectorHint":"[data-loc=\"client/src/components/Skills.tsx:125\"]"},"x":212,"y":610}}
[2026-08-15T07:51:44.780Z] {"timestamp":1786780303188,"kind":"click","url":"http://localhost:3000/","viewport":{"width":1440,"height":812},"payload":{"target":{"tag":"span","id":null,"name":null,"type":null,"role":null,"ariaLabel":null,"testId":null,"dataLoc":"client/src/components/Skills.tsx:125","href":null,"text":"Framer Motion","selectorHint":"[data-loc=\"client/src/components/Skills.tsx:125\"]"},"x":212,"y":610}}
[2026-08-15T07:51:44.780Z] {"timestamp":1786780303339,"kind":"click","url":"http://localhost:3000/","viewport":{"width":1440,"height":812},"payload":{"target":{"tag":"span","id":null,"name":null,"type":null,"role":null,"ariaLabel":null,"testId":null,"dataLoc":"client/src/components/Skills.tsx:125","href":null,"text":"Framer Motion","selectorHint":"[data-loc=\"client/src/components/Skills.tsx:125\"]"},"x":212,"y":610}}
[2026-08-15T07:52:14.785Z] {"timestamp":1786780334697,"kind":"scroll","url":"http://localhost:3000/","viewport":{"width":1440,"height":812},"payload":{"scrollX":0,"scrollY":1884.5,"documentHeight":6631,"viewportHeight":812}}
[2026-08-15T07:52:16.779Z] {"timestamp":1786780335197,"kind":"scroll","url":"http://localhost:3000/","viewport":{"width":1440,"height":812},"payload":{"scrollX":0,"scrollY":2174.5,"documentHeight":6631,"viewportHeight":812}}
[2026-08-15T07:52:16.779Z] {"timestamp":1786780335887,"kind":"scroll","url":"http://localhost:3000/","viewport":{"width":1440,"height":812},"payload":{"scrollX":0,"scrollY":2569.5,"documentHeight":6631,"viewportHeight":812}}
[2026-08-15T07:52:18.779Z] {"timestamp":1786780337904,"kind":"scroll","url":"http://localhost:3000/","viewport":{"width":1440,"height":812},"payload":{"scrollX":0,"scrollY":2569.5,"documentHeight":6631,"viewportHeight":812}}
[2026-08-15T07:52:18.779Z] {"timestamp":1786780338414,"kind":"scroll","url":"http://localhost:3000/","viewport":{"width":1440,"height":812},"payload":{"scrollX":0,"scrollY":2596.5,"documentHeight":6631,"viewportHeight":812}}
[2026-08-15T07:52:20.779Z] {"timestamp":1786780338914,"kind":"scroll","url":"http://localhost:3000/","viewport":{"width":1440,"height":812},"payload":{"scrollX":0,"scrollY":2709.5,"documentHeight":6631,"viewportHeight":812}}
[2026-08-15T07:52:20.779Z] {"timestamp":1786780339430,"kind":"scroll","url":"http://localhost:3000/","viewport":{"width":1440,"height":812},"payload":{"scrollX":0,"scrollY":2811.5,"documentHeight":6631,"viewportHeight":812}}
[2026-08-15T07:52:20.779Z] {"timestamp":1786780339930,"kind":"scroll","url":"http://localhost:3000/","viewport":{"width":1440,"height":812},"payload":{"scrollX":0,"scrollY":2934.5,"documentHeight":6631,"viewportHeight":812}}
[2026-08-15T07:52:22.782Z] {"timestamp":1786780341131,"kind":"scroll","url":"http://localhost:3000/","viewport":{"width":1440,"height":812},"payload":{"scrollX":0,"scrollY":2535.5,"documentHeight":6631,"viewportHeight":812}}
[2026-08-15T07:52:22.782Z] {"timestamp":1786780342489,"kind":"click","url":"http://localhost:3000/","viewport":{"width":1440,"height":812},"payload":{"target":{"tag":"section","id":"experience","name":null,"type":null,"role":null,"ariaLabel":null,"testId":null,"dataLoc":"client/src/components/Experience.tsx:58","href":null,"text":"Experience My professional journey and the roles that shaped my expertise as a f…","selectorHint":"[data-loc=\"client/src/components/Experience.tsx:58\"]"},"x":365,"y":512}}
[2026-08-15T07:52:22.782Z] {"timestamp":1786780342672,"kind":"click","url":"http://localhost:3000/","viewport":{"width":1440,"height":812},"payload":{"target":{"tag":"section","id":"experience","name":null,"type":null,"role":null,"ariaLabel":null,"testId":null,"dataLoc":"client/src/components/Experience.tsx:58","href":null,"text":"Experience My professional journey and the roles that shaped my expertise as a f…","selectorHint":"[data-loc=\"client/src/components/Experience.tsx:58\"]"},"x":365,"y":512}}
[2026-08-15T07:52:24.781Z] {"timestamp":1786780343154,"kind":"scroll","url":"http://localhost:3000/","viewport":{"width":1440,"height":812},"payload":{"scrollX":0,"scrollY":2641.5,"documentHeight":6631,"viewportHeight":812}}
[2026-08-15T07:52:24.781Z] {"timestamp":1786780343663,"kind":"scroll","url":"http://localhost:3000/","viewport":{"width":1440,"height":812},"payload":{"scrollX":0,"scrollY":2783.5,"documentHeight":6631,"viewportHeight":812}}
[2026-08-15T07:52:24.781Z] {"timestamp":1786780344163,"kind":"scroll","url":"http://localhost:3000/","viewport":{"width":1440,"height":812},"payload":{"scrollX":0,"scrollY":3743.5,"documentHeight":6631,"viewportHeight":812}}
[2026-08-15T07:53:32.787Z] {"timestamp":1786780412631,"kind":"scroll","url":"http://localhost:3000/","viewport":{"width":1440,"height":812},"payload":{"scrollX":0,"scrollY":5807,"documentHeight":6619,"viewportHeight":812}}
[2026-08-15T07:53:36.781Z] {"timestamp":1786780415173,"kind":"click","url":"http://localhost:3000/","viewport":{"width":1440,"height":812},"payload":{"target":{"tag":"div","id":null,"name":null,"type":null,"role":null,"ariaLabel":null,"testId":null,"dataLoc":"client/src/components/Footer.tsx:42","href":null,"text":"Pisey Suon FULL-STACK DEVELOPER I build thoughtful digital experiences where cle…","selectorHint":"[data-loc=\"client/src/components/Footer.tsx:42\"]"},"x":1113,"y":352}}
[2026-08-15T07:53:38.782Z] {"timestamp":1786780417789,"kind":"click","url":"http://localhost:3000/","viewport":{"width":1440,"height":812},"payload":{"target":{"tag":"li","id":null,"name":null,"type":null,"role":null,"ariaLabel":null,"testId":null,"dataLoc":"client/src/components/Footer.tsx:107","href":null,"text":"Skills","selectorHint":"[data-loc=\"client/src/components/Footer.tsx:107\"]"},"x":829,"y":512}}
[2026-08-15T07:53:38.782Z] {"timestamp":1786780417955,"kind":"click","url":"http://localhost:3000/","viewport":{"width":1440,"height":812},"payload":{"target":{"tag":"li","id":null,"name":null,"type":null,"role":null,"ariaLabel":null,"testId":null,"dataLoc":"client/src/components/Footer.tsx:107","href":null,"text":"Skills","selectorHint":"[data-loc=\"client/src/components/Footer.tsx:107\"]"},"x":829,"y":512}}
[2026-08-15T07:53:38.782Z] {"timestamp":1786780418222,"kind":"click","url":"http://localhost:3000/","viewport":{"width":1440,"height":812},"payload":{"target":{"tag":"li","id":null,"name":null,"type":null,"role":null,"ariaLabel":null,"testId":null,"dataLoc":"client/src/components/Footer.tsx:107","href":null,"text":"Skills","selectorHint":"[data-loc=\"client/src/components/Footer.tsx:107\"]"},"x":829,"y":512}}
[2026-08-15T07:53:40.783Z] {"timestamp":1786780418788,"kind":"click","url":"http://localhost:3000/","viewport":{"width":1440,"height":812},"payload":{"target":{"tag":"li","id":null,"name":null,"type":null,"role":null,"ariaLabel":null,"testId":null,"dataLoc":"client/src/components/Footer.tsx:107","href":null,"text":"About","selectorHint":"[data-loc=\"client/src/components/Footer.tsx:107\"]"},"x":815,"y":457}}
[2026-08-15T07:53:40.783Z] {"timestamp":1786780419104,"kind":"scroll","url":"http://localhost:3000/","viewport":{"width":1440,"height":812},"payload":{"scrollX":0,"scrollY":5805,"documentHeight":6619,"viewportHeight":812}}
[2026-08-15T07:53:40.783Z] {"timestamp":1786780419614,"kind":"scroll","url":"http://localhost:3000/","viewport":{"width":1440,"height":812},"payload":{"scrollX":0,"scrollY":4326,"documentHeight":6619,"viewportHeight":812}}
[2026-08-15T07:53:40.783Z] {"timestamp":1786780420264,"kind":"scroll","url":"http://localhost:3000/","viewport":{"width":1440,"height":812},"payload":{"scrollX":0,"scrollY":3294,"documentHeight":6619,"viewportHeight":812}}
[2026-08-15T07:53:40.783Z] {"timestamp":1786780420764,"kind":"scroll","url":"http://localhost:3000/","viewport":{"width":1440,"height":812},"payload":{"scrollX":0,"scrollY":4236,"documentHeight":6619,"viewportHeight":812}}
[2026-08-15T07:53:42.781Z] {"timestamp":1786780421264,"kind":"scroll","url":"http://localhost:3000/","viewport":{"width":1440,"height":812},"payload":{"scrollX":0,"scrollY":2082,"documentHeight":6619,"viewportHeight":812}}
[2026-08-15T07:53:42.781Z] {"timestamp":1786780421847,"kind":"scroll","url":"http://localhost:3000/","viewport":{"width":1440,"height":812},"payload":{"scrollX":0,"scrollY":1441,"documentHeight":6619,"viewportHeight":812}}
[2026-08-15T07:53:42.781Z] {"timestamp":1786780422348,"kind":"scroll","url":"http://localhost:3000/","viewport":{"width":1440,"height":812},"payload":{"scrollX":0,"scrollY":1292,"documentHeight":6619,"viewportHeight":812}}
[2026-08-15T07:53:44.781Z] {"timestamp":1786780423015,"kind":"scroll","url":"http://localhost:3000/","viewport":{"width":1440,"height":812},"payload":{"scrollX":0,"scrollY":788,"documentHeight":6619,"viewportHeight":812}}
[2026-08-15T07:53:48.782Z] {"timestamp":1786780427789,"kind":"click","url":"http://localhost:3000/","viewport":{"width":1440,"height":812},"payload":{"target":{"tag":"section","id":"about","name":null,"type":null,"role":null,"ariaLabel":null,"testId":null,"dataLoc":"client/src/components/About.tsx:40","href":null,"text":"About Me I'm a passionate full-stack developer based in Cambodia with a strong f…","selectorHint":"[data-loc=\"client/src/components/About.tsx:40\"]"},"x":271,"y":411}}
[2026-08-15T07:53:48.782Z] {"timestamp":1786780428539,"kind":"click","url":"http://localhost:3000/","viewport":{"width":1440,"height":812},"payload":{"target":{"tag":"section","id":"about","name":null,"type":null,"role":null,"ariaLabel":null,"testId":null,"dataLoc":"client/src/components/About.tsx:40","href":null,"text":"About Me I'm a passionate full-stack developer based in Cambodia with a strong f…","selectorHint":"[data-loc=\"client/src/components/About.tsx:40\"]"},"x":306,"y":459}}
[2026-08-15T07:53:50.784Z] {"timestamp":1786780429839,"kind":"click","url":"http://localhost:3000/","viewport":{"width":1440,"height":812},"payload":{"target":{"tag":"div","id":null,"name":null,"type":null,"role":null,"ariaLabel":null,"testId":null,"dataLoc":"client/src/components/About.tsx:41","href":null,"text":"About Me I'm a passionate full-stack developer based in Cambodia with a strong f…","selectorHint":"[data-loc=\"client/src/components/About.tsx:41\"]"},"x":106,"y":409}}
[2026-08-15T07:53:50.784Z] {"timestamp":1786780430590,"kind":"click","url":"http://localhost:3000/","viewport":{"width":1440,"height":812},"payload":{"target":{"tag":"section","id":"about","name":null,"type":null,"role":null,"ariaLabel":null,"testId":null,"dataLoc":"client/src/components/About.tsx:40","href":null,"text":"About Me I'm a passionate full-stack developer based in Cambodia with a strong f…","selectorHint":"[data-loc=\"client/src/components/About.tsx:40\"]"},"x":188,"y":466}}
[2026-08-15T07:53:52.782Z] {"timestamp":1786780431087,"kind":"scroll","url":"http://localhost:3000/","viewport":{"width":1440,"height":812},"payload":{"scrollX":0,"scrollY":1250,"documentHeight":6619,"viewportHeight":812}}
[2026-08-15T07:53:52.782Z] {"timestamp":1786780431605,"kind":"scroll","url":"http://localhost:3000/","viewport":{"width":1440,"height":812},"payload":{"scrollX":0,"scrollY":976,"documentHeight":6619,"viewportHeight":812}}
[2026-08-15T07:53:52.782Z] {"timestamp":1786780432237,"kind":"scroll","url":"http://localhost:3000/","viewport":{"width":1440,"height":812},"payload":{"scrollX":0,"scrollY":766,"documentHeight":6619,"viewportHeight":812}}
[2026-08-15T07:53:54.783Z] {"timestamp":1786780432920,"kind":"scroll","url":"http://localhost:3000/","viewport":{"width":1440,"height":812},"payload":{"scrollX":0,"scrollY":413,"documentHeight":6619,"viewportHeight":812}}
[2026-08-15T07:53:54.783Z] {"timestamp":1786780433431,"kind":"scroll","url":"http://localhost:3000/","viewport":{"width":1440,"height":812},"payload":{"scrollX":0,"scrollY":1181.5,"documentHeight":6619,"viewportHeight":812}}
[2026-08-15T07:53:54.783Z] {"timestamp":1786780434248,"kind":"scroll","url":"http://localhost:3000/","viewport":{"width":1440,"height":812},"payload":{"scrollX":0,"scrollY":1773.5,"documentHeight":6619,"viewportHeight":812}}
[2026-08-15T07:53:54.783Z] {"timestamp":1786780434763,"kind":"scroll","url":"http://localhost:3000/","viewport":{"width":1440,"height":812},"payload":{"scrollX":0,"scrollY":3053.5,"documentHeight":6619,"viewportHeight":812}}
[2026-08-15T07:53:56.781Z] {"timestamp":1786780436274,"kind":"focusin","url":"http://localhost:3000/","viewport":{"width":1440,"height":812},"payload":{"target":{"tag":"button","id":null,"name":null,"type":null,"role":null,"ariaLabel":"Toggle theme","testId":null,"dataLoc":"client/src/components/Header.tsx:50","href":null,"text":"","selectorHint":"[data-loc=\"client/src/components/Header.tsx:50\"]"}}}
[2026-08-15T07:53:56.781Z] {"timestamp":1786780436373,"kind":"click","url":"http://localhost:3000/","viewport":{"width":1440,"height":812},"payload":{"target":{"tag":"button","id":null,"name":null,"type":null,"role":null,"ariaLabel":"Toggle theme","testId":null,"dataLoc":"client/src/components/Header.tsx:50","href":null,"text":"","selectorHint":"[data-loc=\"client/src/components/Header.tsx:50\"]"},"x":1299,"y":23}}
[2026-08-15T07:53:58.781Z] {"timestamp":1786780437004,"kind":"scroll","url":"http://localhost:3000/","viewport":{"width":1440,"height":812},"payload":{"scrollX":0,"scrollY":4359.5,"documentHeight":6619,"viewportHeight":812}}
[2026-08-15T07:53:58.781Z] {"timestamp":1786780437703,"kind":"scroll","url":"http://localhost:3000/","viewport":{"width":1440,"height":812},"payload":{"scrollX":0,"scrollY":3398.5,"documentHeight":6619,"viewportHeight":812}}
[2026-08-15T07:53:58.781Z] {"timestamp":1786780438631,"kind":"scroll","url":"http://localhost:3000/","viewport":{"width":1440,"height":812},"payload":{"scrollX":0,"scrollY":3215.5,"documentHeight":6619,"viewportHeight":812}}
[2026-08-15T07:54:00.782Z] {"timestamp":1786780439147,"kind":"scroll","url":"http://localhost:3000/","viewport":{"width":1440,"height":812},"payload":{"scrollX":0,"scrollY":3800.5,"documentHeight":6619,"viewportHeight":812}}
[2026-08-15T07:54:04.820Z] {"timestamp":1786780443804,"kind":"focusout","url":"http://localhost:3000/","viewport":{"width":1440,"height":812},"payload":{"target":{"tag":"button","id":null,"name":null,"type":null,"role":null,"ariaLabel":"Toggle theme","testId":null,"dataLoc":"client/src/components/Header.tsx:50","href":null,"text":"","selectorHint":"[data-loc=\"client/src/components/Header.tsx:50\"]"},"value":null}}
[2026-08-15T07:55:00.786Z] {"timestamp":1786780498797,"kind":"focusin","url":"http://localhost:3000/","viewport":{"width":1440,"height":812},"payload":{"target":{"tag":"button","id":null,"name":null,"type":null,"role":null,"ariaLabel":"Toggle theme","testId":null,"dataLoc":"client/src/components/Header.tsx:50","href":null,"text":"","selectorHint":"[data-loc=\"client/src/components/Header.tsx:50\"]"}}}
[2026-08-15T07:55:00.786Z] {"timestamp":1786780498890,"kind":"click","url":"http://localhost:3000/","viewport":{"width":1440,"height":812},"payload":{"target":{"tag":"svg","id":null,"name":null,"type":null,"role":null,"ariaLabel":null,"testId":null,"dataLoc":"client/src/components/Header.tsx:58","href":null,"text":"","selectorHint":"[data-loc=\"client/src/components/Header.tsx:58\"]"},"x":1314,"y":48}}
[2026-08-15T07:55:00.786Z] {"timestamp":1786780499656,"kind":"click","url":"http://localhost:3000/","viewport":{"width":1440,"height":812},"payload":{"target":{"tag":"svg","id":null,"name":null,"type":null,"role":null,"ariaLabel":null,"testId":null,"dataLoc":"client/src/components/Header.tsx:56","href":null,"text":"","selectorHint":"[data-loc=\"client/src/components/Header.tsx:56\"]"},"x":1314,"y":48}}
[2026-08-15T07:55:02.783Z] {"timestamp":1786780502680,"kind":"focusout","url":"http://localhost:3000/","viewport":{"width":1440,"height":812},"payload":{"target":{"tag":"button","id":null,"name":null,"type":null,"role":null,"ariaLabel":"Toggle theme","testId":null,"dataLoc":"client/src/components/Header.tsx:50","href":null,"text":"","selectorHint":"[data-loc=\"client/src/components/Header.tsx:50\"]"},"value":null}}
[2026-08-15T07:55:04.783Z] {"timestamp":1786780503185,"kind":"focusin","url":"http://localhost:3000/","viewport":{"width":1440,"height":812},"payload":{"target":{"tag":"button","id":null,"name":null,"type":null,"role":null,"ariaLabel":"Toggle theme","testId":null,"dataLoc":"client/src/components/Header.tsx:50","href":null,"text":"","selectorHint":"[data-loc=\"client/src/components/Header.tsx:50\"]"}}}
[2026-08-15T07:55:04.783Z] {"timestamp":1786780503607,"kind":"focusout","url":"http://localhost:3000/","viewport":{"width":1440,"height":812},"payload":{"target":{"tag":"button","id":null,"name":null,"type":null,"role":null,"ariaLabel":"Toggle theme","testId":null,"dataLoc":"client/src/components/Header.tsx:50","href":null,"text":"","selectorHint":"[data-loc=\"client/src/components/Header.tsx:50\"]"},"value":null}}
[2026-08-15T07:55:04.783Z] {"timestamp":1786780503672,"kind":"click","url":"http://localhost:3000/","viewport":{"width":1440,"height":812},"payload":{"target":{"tag":"h3","id":null,"name":null,"type":null,"role":null,"ariaLabel":null,"testId":null,"dataLoc":"client/src/components/Footer.tsx:122","href":null,"text":"CONNECT","selectorHint":"[data-loc=\"client/src/components/Footer.tsx:122\"]"},"x":1071,"y":422}}
[2026-08-15T07:55:04.783Z] {"timestamp":1786780503889,"kind":"click","url":"http://localhost:3000/","viewport":{"width":1440,"height":812},"payload":{"target":{"tag":"h3","id":null,"name":null,"type":null,"role":null,"ariaLabel":null,"testId":null,"dataLoc":"client/src/components/Footer.tsx:122","href":null,"text":"CONNECT","selectorHint":"[data-loc=\"client/src/components/Footer.tsx:122\"]"},"x":1071,"y":422}}
[2026-08-15T07:55:06.784Z] {"timestamp":1786780504906,"kind":"click","url":"http://localhost:3000/","viewport":{"width":1440,"height":812},"payload":{"target":{"tag":"div","id":null,"name":null,"type":null,"role":null,"ariaLabel":null,"testId":null,"dataLoc":"client/src/components/Footer.tsx:42","href":null,"text":"Pisey Suon FULL-STACK DEVELOPER I build thoughtful digital experiences where cle…","selectorHint":"[data-loc=\"client/src/components/Footer.tsx:42\"]"},"x":1307,"y":358}}
[2026-08-15T07:55:34.788Z] {"timestamp":1786780533023,"kind":"click","url":"http://localhost:3000/","viewport":{"width":1440,"height":812},"payload":{"target":{"tag":"div","id":null,"name":null,"type":null,"role":null,"ariaLabel":null,"testId":null,"dataLoc":"client/src/components/Footer.tsx:42","href":null,"text":"Pisey Suon FULL-STACK DEVELOPER I build thoughtful digital experiences where cle…","selectorHint":"[data-loc=\"client/src/components/Footer.tsx:42\"]"},"x":1026,"y":414}}
[2026-08-15T07:55:34.788Z] {"timestamp":1786780533973,"kind":"focusin","url":"http://localhost:3000/","viewport":{"width":1440,"height":812},"payload":{"target":{"tag":"button","id":null,"name":null,"type":null,"role":null,"ariaLabel":"Toggle theme","testId":null,"dataLoc":"client/src/components/Header.tsx:50","href":null,"text":"","selectorHint":"[data-loc=\"client/src/components/Header.tsx:50\"]"}}}
[2026-08-15T07:55:34.788Z] {"timestamp":1786780534073,"kind":"click","url":"http://localhost:3000/","viewport":{"width":1440,"height":812},"payload":{"target":{"tag":"svg","id":null,"name":null,"type":null,"role":null,"ariaLabel":null,"testId":null,"dataLoc":"client/src/components/Header.tsx:58","href":null,"text":"","selectorHint":"[data-loc=\"client/src/components/Header.tsx:58\"]"},"x":1309,"y":35}}
[2026-08-15T07:55:34.788Z] {"timestamp":1786780534573,"kind":"click","url":"http://localhost:3000/","viewport":{"width":1440,"height":812},"payload":{"target":{"tag":"path","id":null,"name":null,"type":null,"role":null,"ariaLabel":null,"testId":null,"dataLoc":null,"href":null,"text":"","selectorHint":"path"},"x":1309,"y":35}}
[2026-08-15T07:55:36.826Z] {"timestamp":1786780536111,"kind":"focusout","url":"http://localhost:3000/","viewport":{"width":1440,"height":812},"payload":{"target":{"tag":"button","id":null,"name":null,"type":null,"role":null,"ariaLabel":"Toggle theme","testId":null,"dataLoc":"client/src/components/Header.tsx:50","href":null,"text":"","selectorHint":"[data-loc=\"client/src/components/Header.tsx:50\"]"},"value":null}}
[2026-08-15T07:55:48.701Z] {"timestamp":1786780547212,"kind":"focusin","url":"http://localhost:3000/","viewport":{"width":1440,"height":812},"payload":{"target":{"tag":"button","id":null,"name":null,"type":null,"role":null,"ariaLabel":"Toggle theme","testId":null,"dataLoc":"client/src/components/Header.tsx:50","href":null,"text":"","selectorHint":"[data-loc=\"client/src/components/Header.tsx:50\"]"}}}
[2026-08-15T07:55:48.701Z] {"timestamp":1786780548261,"kind":"focusout","url":"http://localhost:3000/","viewport":{"width":1440,"height":812},"payload":{"target":{"tag":"button","id":null,"name":null,"type":null,"role":null,"ariaLabel":"Toggle theme","testId":null,"dataLoc":"client/src/components/Header.tsx:50","href":null,"text":"","selectorHint":"[data-loc=\"client/src/components/Header.tsx:50\"]"},"value":null}}
[2026-08-15T07:55:48.701Z] {"timestamp":1786780548263,"kind":"focusin","url":"http://localhost:3000/","viewport":{"width":1440,"height":812},"payload":{"target":{"tag":"button","id":null,"name":null,"type":null,"role":null,"ariaLabel":"Toggle theme","testId":null,"dataLoc":"client/src/components/Header.tsx:50","href":null,"text":"","selectorHint":"[data-loc=\"client/src/components/Header.tsx:50\"]"}}}
[2026-08-15T07:55:48.701Z] {"timestamp":1786780548591,"kind":"focusout","url":"http://localhost:3000/","viewport":{"width":1440,"height":812},"payload":{"target":{"tag":"button","id":null,"name":null,"type":null,"role":null,"ariaLabel":"Toggle theme","testId":null,"dataLoc":"client/src/components/Header.tsx:50","href":null,"text":"","selectorHint":"[data-loc=\"client/src/components/Header.tsx:50\"]"},"value":null}}
[2026-08-15T07:55:48.701Z] {"timestamp":1786780548592,"kind":"focusin","url":"http://localhost:3000/","viewport":{"width":1440,"height":812},"payload":{"target":{"tag":"button","id":null,"name":null,"type":null,"role":null,"ariaLabel":"Toggle theme","testId":null,"dataLoc":"client/src/components/Header.tsx:50","href":null,"text":"","selectorHint":"[data-loc=\"client/src/components/Header.tsx:50\"]"}}}
[2026-08-15T07:55:50.779Z] {"timestamp":1786780548914,"kind":"scroll","url":"http://localhost:3000/","viewport":{"width":1440,"height":812},"payload":{"scrollX":0,"scrollY":5807,"documentHeight":6619,"viewportHeight":812}}
[2026-08-15T07:55:52.781Z] {"timestamp":1786780552642,"kind":"focusin","url":"http://localhost:3000/","viewport":{"width":1440,"height":812},"payload":{"target":{"tag":"button","id":null,"name":null,"type":null,"role":null,"ariaLabel":"Toggle theme","testId":null,"dataLoc":"client/src/components/Header.tsx:50","href":null,"text":"","selectorHint":"[data-loc=\"client/src/components/Header.tsx:50\"]"}}}
[2026-08-15T07:55:52.781Z] {"timestamp":1786780552723,"kind":"click","url":"http://localhost:3000/","viewport":{"width":1440,"height":812},"payload":{"target":{"tag":"svg","id":null,"name":null,"type":null,"role":null,"ariaLabel":null,"testId":null,"dataLoc":"client/src/components/Header.tsx:58","href":null,"text":"","selectorHint":"[data-loc=\"client/src/components/Header.tsx:58\"]"},"x":1310,"y":40}}
[2026-08-15T07:55:54.778Z] {"timestamp":1786780554006,"kind":"click","url":"http://localhost:3000/","viewport":{"width":1440,"height":812},"payload":{"target":{"tag":"path","id":null,"name":null,"type":null,"role":null,"ariaLabel":null,"testId":null,"dataLoc":null,"href":null,"text":"","selectorHint":"path"},"x":1311,"y":41}}
[2026-08-15T07:55:54.778Z] {"timestamp":1786780554423,"kind":"click","url":"http://localhost:3000/","viewport":{"width":1440,"height":812},"payload":{"target":{"tag":"svg","id":null,"name":null,"type":null,"role":null,"ariaLabel":null,"testId":null,"dataLoc":"client/src/components/Header.tsx:58","href":null,"text":"","selectorHint":"[data-loc=\"client/src/components/Header.tsx:58\"]"},"x":1311,"y":41}}
[2026-08-15T07:55:56.779Z] {"timestamp":1786780555724,"kind":"focusout","url":"http://localhost:3000/","viewport":{"width":1440,"height":812},"payload":{"target":{"tag":"button","id":null,"name":null,"type":null,"role":null,"ariaLabel":"Toggle theme","testId":null,"dataLoc":"client/src/components/Header.tsx:50","href":null,"text":"","selectorHint":"[data-loc=\"client/src/components/Header.tsx:50\"]"},"value":null}}
[2026-08-15T07:55:56.779Z] {"timestamp":1786780555856,"kind":"click","url":"http://localhost:3000/","viewport":{"width":1440,"height":812},"payload":{"target":{"tag":"h3","id":null,"name":null,"type":null,"role":null,"ariaLabel":null,"testId":null,"dataLoc":"client/src/components/Footer.tsx:94","href":null,"text":"NAVIGATION","selectorHint":"[data-loc=\"client/src/components/Footer.tsx:94\"]"},"x":677,"y":419}}
[2026-08-15T07:55:56.779Z] {"timestamp":1786780556439,"kind":"click","url":"http://localhost:3000/","viewport":{"width":1440,"height":812},"payload":{"target":{"tag":"div","id":null,"name":null,"type":null,"role":null,"ariaLabel":null,"testId":null,"dataLoc":"client/src/components/Footer.tsx:42","href":null,"text":"Pisey Suon FULL-STACK DEVELOPER I build thoughtful digital experiences where cle…","selectorHint":"[data-loc=\"client/src/components/Footer.tsx:42\"]"},"x":700,"y":399}}
[2026-08-15T07:55:58.584Z] {"timestamp":1786780557106,"kind":"click","url":"http://localhost:3000/","viewport":{"width":1440,"height":812},"payload":{"target":{"tag":"h3","id":null,"name":null,"type":null,"role":null,"ariaLabel":null,"testId":null,"dataLoc":"client/src/components/Footer.tsx:94","href":null,"text":"NAVIGATION","selectorHint":"[data-loc=\"client/src/components/Footer.tsx:94\"]"},"x":846,"y":419}}
[2026-08-15T07:55:58.731Z] {"timestamp":1786780558695,"kind":"scroll","url":"http://localhost:3000/","viewport":{"width":1440,"height":812},"payload":{"scrollX":0,"scrollY":5807,"documentHeight":6619,"viewportHeight":812}}
[2026-08-15T07:56:00.775Z] {"timestamp":1786780558831,"kind":"scroll","url":"http://localhost:3000/","viewport":{"width":1440,"height":812},"payload":{"scrollX":0,"scrollY":5807,"documentHeight":6619,"viewportHeight":812}}
[2026-08-15T07:56:00.775Z] {"timestamp":1786780559873,"kind":"click","url":"http://localhost:3000/","viewport":{"width":1440,"height":812},"payload":{"target":{"tag":"div","id":null,"name":null,"type":null,"role":null,"ariaLabel":null,"testId":null,"dataLoc":"client/src/components/Footer.tsx:42","href":null,"text":"Pisey Suon FULL-STACK DEVELOPER I build thoughtful digital experiences where cle…","selectorHint":"[data-loc=\"client/src/components/Footer.tsx:42\"]"},"x":898,"y":373}}
[2026-08-15T07:56:00.775Z] {"timestamp":1786780560027,"kind":"click","url":"http://localhost:3000/","viewport":{"width":1440,"height":812},"payload":{"target":{"tag":"div","id":null,"name":null,"type":null,"role":null,"ariaLabel":null,"testId":null,"dataLoc":"client/src/components/Footer.tsx:42","href":null,"text":"Pisey Suon FULL-STACK DEVELOPER I build thoughtful digital experiences where cle…","selectorHint":"[data-loc=\"client/src/components/Footer.tsx:42\"]"},"x":898,"y":373}}
[2026-08-15T07:56:00.775Z] {"timestamp":1786780560173,"kind":"click","url":"http://localhost:3000/","viewport":{"width":1440,"height":812},"payload":{"target":{"tag":"div","id":null,"name":null,"type":null,"role":null,"ariaLabel":null,"testId":null,"dataLoc":"client/src/components/Footer.tsx:42","href":null,"text":"Pisey Suon FULL-STACK DEVELOPER I build thoughtful digital experiences where cle…","selectorHint":"[data-loc=\"client/src/components/Footer.tsx:42\"]"},"x":898,"y":373}}
[2026-08-15T07:56:02.774Z] {"timestamp":1786780561407,"kind":"focusin","url":"http://localhost:3000/","viewport":{"width":1440,"height":812},"payload":{"target":{"tag":"button","id":null,"name":null,"type":null,"role":null,"ariaLabel":"Toggle theme","testId":null,"dataLoc":"client/src/components/Header.tsx:50","href":null,"text":"","selectorHint":"[data-loc=\"client/src/components/Header.tsx:50\"]"}}}
[2026-08-15T07:56:02.774Z] {"timestamp":1786780561489,"kind":"click","url":"http://localhost:3000/","viewport":{"width":1440,"height":812},"payload":{"target":{"tag":"svg","id":null,"name":null,"type":null,"role":null,"ariaLabel":null,"testId":null,"dataLoc":"client/src/components/Header.tsx:56","href":null,"text":"","selectorHint":"[data-loc=\"client/src/components/Header.tsx:56\"]"},"x":1304,"y":41}}
[2026-08-15T07:56:02.774Z] {"timestamp":1786780562173,"kind":"click","url":"http://localhost:3000/","viewport":{"width":1440,"height":812},"payload":{"target":{"tag":"svg","id":null,"name":null,"type":null,"role":null,"ariaLabel":null,"testId":null,"dataLoc":"client/src/components/Header.tsx:58","href":null,"text":"","selectorHint":"[data-loc=\"client/src/components/Header.tsx:58\"]"},"x":1304,"y":41}}
[2026-08-15T07:56:04.772Z] {"timestamp":1786780562991,"kind":"focusout","url":"http://localhost:3000/","viewport":{"width":1440,"height":812},"payload":{"target":{"tag":"button","id":null,"name":null,"type":null,"role":null,"ariaLabel":"Toggle theme","testId":null,"dataLoc":"client/src/components/Header.tsx:50","href":null,"text":"","selectorHint":"[data-loc=\"client/src/components/Header.tsx:50\"]"},"value":null}}
[2026-08-15T07:56:04.772Z] {"timestamp":1786780563090,"kind":"click","url":"http://localhost:3000/","viewport":{"width":1440,"height":812},"payload":{"target":{"tag":"section","id":"contact","name":null,"type":null,"role":null,"ariaLabel":null,"testId":null,"dataLoc":"client/src/components/Contact.tsx:69","href":null,"text":"Get In Touch Have a project in mind or want to collaborate? I'd love to hear fro…","selectorHint":"[data-loc=\"client/src/components/Contact.tsx:69\"]"},"x":1235,"y":340}}
[2026-08-15T07:56:04.772Z] {"timestamp":1786780564008,"kind":"focusin","url":"http://localhost:3000/","viewport":{"width":1440,"height":812},"payload":{"target":{"tag":"button","id":null,"name":null,"type":null,"role":null,"ariaLabel":"Toggle theme","testId":null,"dataLoc":"client/src/components/Header.tsx:50","href":null,"text":"","selectorHint":"[data-loc=\"client/src/components/Header.tsx:50\"]"}}}
[2026-08-15T07:56:04.772Z] {"timestamp":1786780564123,"kind":"click","url":"http://localhost:3000/","viewport":{"width":1440,"height":812},"payload":{"target":{"tag":"button","id":null,"name":null,"type":null,"role":null,"ariaLabel":"Toggle theme","testId":null,"dataLoc":"client/src/components/Header.tsx:50","href":null,"text":"","selectorHint":"[data-loc=\"client/src/components/Header.tsx:50\"]"},"x":1322,"y":42}}
[2026-08-15T07:56:04.772Z] {"timestamp":1786780564422,"kind":"click","url":"http://localhost:3000/","viewport":{"width":1440,"height":812},"payload":{"target":{"tag":"button","id":null,"name":null,"type":null,"role":null,"ariaLabel":"Toggle theme","testId":null,"dataLoc":"client/src/components/Header.tsx:50","href":null,"text":"","selectorHint":"[data-loc=\"client/src/components/Header.tsx:50\"]"},"x":1322,"y":42}}
[2026-08-15T07:56:04.772Z] {"timestamp":1786780564739,"kind":"click","url":"http://localhost:3000/","viewport":{"width":1440,"height":812},"payload":{"target":{"tag":"button","id":null,"name":null,"type":null,"role":null,"ariaLabel":"Toggle theme","testId":null,"dataLoc":"client/src/components/Header.tsx:50","href":null,"text":"","selectorHint":"[data-loc=\"client/src/components/Header.tsx:50\"]"},"x":1322,"y":42}}
[2026-08-15T07:56:06.773Z] {"timestamp":1786780564889,"kind":"click","url":"http://localhost:3000/","viewport":{"width":1440,"height":812},"payload":{"target":{"tag":"button","id":null,"name":null,"type":null,"role":null,"ariaLabel":"Toggle theme","testId":null,"dataLoc":"client/src/components/Header.tsx:50","href":null,"text":"","selectorHint":"[data-loc=\"client/src/components/Header.tsx:50\"]"},"x":1322,"y":42}}
[2026-08-15T07:56:06.773Z] {"timestamp":1786780565039,"kind":"click","url":"http://localhost:3000/","viewport":{"width":1440,"height":812},"payload":{"target":{"tag":"button","id":null,"name":null,"type":null,"role":null,"ariaLabel":"Toggle theme","testId":null,"dataLoc":"client/src/components/Header.tsx:50","href":null,"text":"","selectorHint":"[data-loc=\"client/src/components/Header.tsx:50\"]"},"x":1322,"y":42}}
[2026-08-15T07:56:06.773Z] {"timestamp":1786780565172,"kind":"click","url":"http://localhost:3000/","viewport":{"width":1440,"height":812},"payload":{"target":{"tag":"button","id":null,"name":null,"type":null,"role":null,"ariaLabel":"Toggle theme","testId":null,"dataLoc":"client/src/components/Header.tsx:50","href":null,"text":"","selectorHint":"[data-loc=\"client/src/components/Header.tsx:50\"]"},"x":1322,"y":42}}
[2026-08-15T07:56:06.773Z] {"timestamp":1786780565306,"kind":"click","url":"http://localhost:3000/","viewport":{"width":1440,"height":812},"payload":{"target":{"tag":"button","id":null,"name":null,"type":null,"role":null,"ariaLabel":"Toggle theme","testId":null,"dataLoc":"client/src/components/Header.tsx:50","href":null,"text":"","selectorHint":"[data-loc=\"client/src/components/Header.tsx:50\"]"},"x":1322,"y":42}}
[2026-08-15T07:56:06.773Z] {"timestamp":1786780565406,"kind":"click","url":"http://localhost:3000/","viewport":{"width":1440,"height":812},"payload":{"target":{"tag":"button","id":null,"name":null,"type":null,"role":null,"ariaLabel":"Toggle theme","testId":null,"dataLoc":"client/src/components/Header.tsx:50","href":null,"text":"","selectorHint":"[data-loc=\"client/src/components/Header.tsx:50\"]"},"x":1322,"y":42}}
[2026-08-15T07:56:06.773Z] {"timestamp":1786780565539,"kind":"click","url":"http://localhost:3000/","viewport":{"width":1440,"height":812},"payload":{"target":{"tag":"button","id":null,"name":null,"type":null,"role":null,"ariaLabel":"Toggle theme","testId":null,"dataLoc":"client/src/components/Header.tsx:50","href":null,"text":"","selectorHint":"[data-loc=\"client/src/components/Header.tsx:50\"]"},"x":1322,"y":42}}
[2026-08-15T07:56:06.773Z] {"timestamp":1786780565689,"kind":"click","url":"http://localhost:3000/","viewport":{"width":1440,"height":812},"payload":{"target":{"tag":"button","id":null,"name":null,"type":null,"role":null,"ariaLabel":"Toggle theme","testId":null,"dataLoc":"client/src/components/Header.tsx:50","href":null,"text":"","selectorHint":"[data-loc=\"client/src/components/Header.tsx:50\"]"},"x":1322,"y":42}}
[2026-08-15T07:56:06.773Z] {"timestamp":1786780566257,"kind":"click","url":"http://localhost:3000/","viewport":{"width":1440,"height":812},"payload":{"target":{"tag":"button","id":null,"name":null,"type":null,"role":null,"ariaLabel":"Toggle theme","testId":null,"dataLoc":"client/src/components/Header.tsx:50","href":null,"text":"","selectorHint":"[data-loc=\"client/src/components/Header.tsx:50\"]"},"x":1322,"y":42}}
[2026-08-15T07:56:06.773Z] {"timestamp":1786780566639,"kind":"click","url":"http://localhost:3000/","viewport":{"width":1440,"height":812},"payload":{"target":{"tag":"button","id":null,"name":null,"type":null,"role":null,"ariaLabel":"Toggle theme","testId":null,"dataLoc":"client/src/components/Header.tsx:50","href":null,"text":"","selectorHint":"[data-loc=\"client/src/components/Header.tsx:50\"]"},"x":1322,"y":42}}
[2026-08-15T07:56:08.774Z] {"timestamp":1786780567512,"kind":"focusout","url":"http://localhost:3000/","viewport":{"width":1440,"height":812},"payload":{"target":{"tag":"button","id":null,"name":null,"type":null,"role":null,"ariaLabel":"Toggle theme","testId":null,"dataLoc":"client/src/components/Header.tsx:50","href":null,"text":"","selectorHint":"[data-loc=\"client/src/components/Header.tsx:50\"]"},"value":null}}
[2026-08-15T07:56:08.774Z] {"timestamp":1786780567623,"kind":"click","url":"http://localhost:3000/","viewport":{"width":1440,"height":812},"payload":{"target":{"tag":"div","id":null,"name":null,"type":null,"role":null,"ariaLabel":null,"testId":null,"dataLoc":"client/src/components/Footer.tsx:42","href":null,"text":"Pisey Suon FULL-STACK DEVELOPER I build thoughtful digital experiences where cle…","selectorHint":"[data-loc=\"client/src/components/Footer.tsx:42\"]"},"x":1278,"y":371}}
[2026-08-15T07:56:14.783Z] {"timestamp":1786780573287,"kind":"scroll","url":"http://localhost:3000/","viewport":{"width":400,"height":725},"payload":{"scrollX":0,"scrollY":7739.5,"documentHeight":9105,"viewportHeight":725}}
[2026-08-15T07:56:14.783Z] {"timestamp":1786780574137,"kind":"scroll","url":"http://localhost:3000/","viewport":{"width":400,"height":725},"payload":{"scrollX":0,"scrollY":7328.5,"documentHeight":8696,"viewportHeight":725}}
[2026-08-15T07:56:14.783Z] {"timestamp":1786780574648,"kind":"scroll","url":"http://localhost:3000/","viewport":{"width":400,"height":725},"payload":{"scrollX":0,"scrollY":6694.5,"documentHeight":8696,"viewportHeight":725}}
[2026-08-15T07:56:16.775Z] {"timestamp":1786780575188,"kind":"scroll","url":"http://localhost:3000/","viewport":{"width":400,"height":725},"payload":{"scrollX":0,"scrollY":6807.5,"documentHeight":8696,"viewportHeight":725}}
[2026-08-15T07:56:16.775Z] {"timestamp":1786780575854,"kind":"scroll","url":"http://localhost:3000/","viewport":{"width":400,"height":725},"payload":{"scrollX":0,"scrollY":7015.5,"documentHeight":8696,"viewportHeight":725}}
[2026-08-15T07:56:16.775Z] {"timestamp":1786780576365,"kind":"scroll","url":"http://localhost:3000/","viewport":{"width":400,"height":725},"payload":{"scrollX":0,"scrollY":7201.5,"documentHeight":8696,"viewportHeight":725}}
[2026-08-15T07:57:09.523Z] {"timestamp":1786780628417,"kind":"scroll","url":"http://localhost:3000/","viewport":{"width":1440,"height":812},"payload":{"scrollX":0,"scrollY":22,"documentHeight":6619,"viewportHeight":812}}
[2026-08-15T07:57:09.523Z] {"timestamp":1786780628932,"kind":"scroll","url":"http://localhost:3000/","viewport":{"width":1440,"height":812},"payload":{"scrollX":0,"scrollY":3452,"documentHeight":6619,"viewportHeight":812}}
[2026-08-15T07:57:09.523Z] {"timestamp":1786780629482,"kind":"scroll","url":"http://localhost:3000/","viewport":{"width":1440,"height":812},"payload":{"scrollX":0,"scrollY":5570,"documentHeight":6619,"viewportHeight":812}}
[2026-08-15T07:57:11.522Z] {"timestamp":1786780630248,"kind":"scroll","url":"http://localhost:3000/","viewport":{"width":1440,"height":812},"payload":{"scrollX":0,"scrollY":5805.5,"documentHeight":6619,"viewportHeight":812}}
[2026-08-15T07:57:11.522Z] {"timestamp":1786780630748,"kind":"scroll","url":"http://localhost:3000/","viewport":{"width":1440,"height":812},"payload":{"scrollX":0,"scrollY":5391.5,"documentHeight":6619,"viewportHeight":812}}
[2026-08-15T07:57:11.522Z] {"timestamp":1786780631509,"kind":"focusin","url":"http://localhost:3000/","viewport":{"width":1440,"height":812},"payload":{"target":{"tag":"input","id":"name","name":"name","type":"text","role":null,"ariaLabel":null,"testId":null,"dataLoc":"client/src/components/Contact.tsx:169","href":null,"text":"","selectorHint":"[data-loc=\"client/src/components/Contact.tsx:169\"]"}}}
[2026-08-15T07:57:13.523Z] {"timestamp":1786780631623,"kind":"click","url":"http://localhost:3000/","viewport":{"width":1440,"height":812},"payload":{"target":{"tag":"input","id":"name","name":"name","type":"text","role":null,"ariaLabel":null,"testId":null,"dataLoc":"client/src/components/Contact.tsx:169","href":null,"text":"","selectorHint":"[data-loc=\"client/src/components/Contact.tsx:169\"]"},"x":558,"y":182}}
[2026-08-15T07:57:13.523Z] {"timestamp":1786780632769,"kind":"change","url":"http://localhost:3000/","viewport":{"width":1440,"height":812},"payload":{"target":{"tag":"input","id":"name","name":"name","type":"text","role":null,"ariaLabel":null,"testId":null,"dataLoc":"client/src/components/Contact.tsx:169","href":null,"text":"","selectorHint":"[data-loc=\"client/src/components/Contact.tsx:169\"]"},"value":"Suon Pisey"}}
[2026-08-15T07:57:13.523Z] {"timestamp":1786780632774,"kind":"change","url":"http://localhost:3000/","viewport":{"width":1440,"height":812},"payload":{"target":{"tag":"input","id":"email","name":"email","type":"email","role":null,"ariaLabel":null,"testId":null,"dataLoc":"client/src/components/Contact.tsx:195","href":null,"text":"","selectorHint":"[data-loc=\"client/src/components/Contact.tsx:195\"]"},"value":"suonpiseydev@gmail.com"}}
[2026-08-15T07:57:13.523Z] {"timestamp":1786780633091,"kind":"focusout","url":"http://localhost:3000/","viewport":{"width":1440,"height":812},"payload":{"target":{"tag":"input","id":"name","name":"name","type":"text","role":null,"ariaLabel":null,"testId":null,"dataLoc":"client/src/components/Contact.tsx:169","href":null,"text":"","selectorHint":"[data-loc=\"client/src/components/Contact.tsx:169\"]"},"value":"Suon Pisey"}}
[2026-08-15T07:57:13.523Z] {"timestamp":1786780633092,"kind":"focusin","url":"http://localhost:3000/","viewport":{"width":1440,"height":812},"payload":{"target":{"tag":"input","id":"subject","name":"subject","type":"text","role":null,"ariaLabel":null,"testId":null,"dataLoc":"client/src/components/Contact.tsx:221","href":null,"text":"","selectorHint":"[data-loc=\"client/src/components/Contact.tsx:221\"]"}}}
[2026-08-15T07:57:13.523Z] {"timestamp":1786780633190,"kind":"click","url":"http://localhost:3000/","viewport":{"width":1440,"height":812},"payload":{"target":{"tag":"input","id":"subject","name":"subject","type":"text","role":null,"ariaLabel":null,"testId":null,"dataLoc":"client/src/components/Contact.tsx:221","href":null,"text":"","selectorHint":"[data-loc=\"client/src/components/Contact.tsx:221\"]"},"x":559,"y":406}}
[2026-08-15T07:57:17.523Z] {"timestamp":1786780635534,"kind":"change","url":"http://localhost:3000/","viewport":{"width":1440,"height":812},"payload":{"target":{"tag":"input","id":"subject","name":"subject","type":"text","role":null,"ariaLabel":null,"testId":null,"dataLoc":"client/src/components/Contact.tsx:221","href":null,"text":"","selectorHint":"[data-loc=\"client/src/components/Contact.tsx:221\"]"},"value":"Hello "}}
[2026-08-15T07:57:17.523Z] {"timestamp":1786780635534,"kind":"focusout","url":"http://localhost:3000/","viewport":{"width":1440,"height":812},"payload":{"target":{"tag":"input","id":"subject","name":"subject","type":"text","role":null,"ariaLabel":null,"testId":null,"dataLoc":"client/src/components/Contact.tsx:221","href":null,"text":"","selectorHint":"[data-loc=\"client/src/components/Contact.tsx:221\"]"},"value":"Hello "}}
[2026-08-15T07:57:17.523Z] {"timestamp":1786780635535,"kind":"focusin","url":"http://localhost:3000/","viewport":{"width":1440,"height":812},"payload":{"target":{"tag":"textarea","id":"message","name":"message","type":null,"role":null,"ariaLabel":null,"testId":null,"dataLoc":"client/src/components/Contact.tsx:247","href":null,"text":"","selectorHint":"[data-loc=\"client/src/components/Contact.tsx:247\"]"}}}
[2026-08-15T07:57:19.880Z] {"timestamp":1786780639775,"kind":"change","url":"http://localhost:3000/","viewport":{"width":1440,"height":812},"payload":{"target":{"tag":"textarea","id":"message","name":"message","type":null,"role":null,"ariaLabel":null,"testId":null,"dataLoc":"client/src/components/Contact.tsx:247","href":null,"text":"How are you","selectorHint":"[data-loc=\"client/src/components/Contact.tsx:247\"]"},"value":"How are you"}}
[2026-08-15T07:57:19.880Z] {"timestamp":1786780639775,"kind":"focusout","url":"http://localhost:3000/","viewport":{"width":1440,"height":812},"payload":{"target":{"tag":"textarea","id":"message","name":"message","type":null,"role":null,"ariaLabel":null,"testId":null,"dataLoc":"client/src/components/Contact.tsx:247","href":null,"text":"How are you","selectorHint":"[data-loc=\"client/src/components/Contact.tsx:247\"]"},"value":"How are you"}}
[2026-08-15T07:57:19.880Z] {"timestamp":1786780639775,"kind":"focusin","url":"http://localhost:3000/","viewport":{"width":1440,"height":812},"payload":{"target":{"tag":"button","id":null,"name":null,"type":null,"role":null,"ariaLabel":null,"testId":null,"dataLoc":"client/src/components/Contact.tsx:269","href":null,"text":"Compose Email","selectorHint":"[data-loc=\"client/src/components/Contact.tsx:269\"]"}}}
[2026-08-15T07:57:19.880Z] {"timestamp":1786780639873,"kind":"click","url":"http://localhost:3000/","viewport":{"width":1440,"height":812},"payload":{"target":{"tag":"button","id":null,"name":null,"type":null,"role":null,"ariaLabel":null,"testId":null,"dataLoc":"client/src/components/Contact.tsx:269","href":null,"text":"Compose Email","selectorHint":"[data-loc=\"client/src/components/Contact.tsx:269\"]"},"x":586,"y":665}}
[2026-08-15T07:57:19.880Z] {"timestamp":1786780639874,"kind":"submit","url":"http://localhost:3000/","viewport":{"width":1440,"height":812},"payload":{"target":{"tag":"form","id":null,"name":null,"type":null,"role":null,"ariaLabel":null,"testId":null,"dataLoc":"client/src/components/Contact.tsx:154","href":null,"text":"Full Name Email Address Subject Message Compose Email","selectorHint":"[data-loc=\"client/src/components/Contact.tsx:154\"]"}}}
[2026-08-15T07:57:21.523Z] {"timestamp":1786780639775,"kind":"change","url":"http://localhost:3000/","viewport":{"width":1440,"height":812},"payload":{"target":{"tag":"textarea","id":"message","name":"message","type":null,"role":null,"ariaLabel":null,"testId":null,"dataLoc":"client/src/components/Contact.tsx:247","href":null,"text":"How are you","selectorHint":"[data-loc=\"client/src/components/Contact.tsx:247\"]"},"value":"How are you"}}
[2026-08-15T07:57:21.523Z] {"timestamp":1786780639775,"kind":"focusout","url":"http://localhost:3000/","viewport":{"width":1440,"height":812},"payload":{"target":{"tag":"textarea","id":"message","name":"message","type":null,"role":null,"ariaLabel":null,"testId":null,"dataLoc":"client/src/components/Contact.tsx:247","href":null,"text":"How are you","selectorHint":"[data-loc=\"client/src/components/Contact.tsx:247\"]"},"value":"How are you"}}
[2026-08-15T07:57:21.523Z] {"timestamp":1786780639775,"kind":"focusin","url":"http://localhost:3000/","viewport":{"width":1440,"height":812},"payload":{"target":{"tag":"button","id":null,"name":null,"type":null,"role":null,"ariaLabel":null,"testId":null,"dataLoc":"client/src/components/Contact.tsx:269","href":null,"text":"Compose Email","selectorHint":"[data-loc=\"client/src/components/Contact.tsx:269\"]"}}}
[2026-08-15T07:57:21.523Z] {"timestamp":1786780639873,"kind":"click","url":"http://localhost:3000/","viewport":{"width":1440,"height":812},"payload":{"target":{"tag":"button","id":null,"name":null,"type":null,"role":null,"ariaLabel":null,"testId":null,"dataLoc":"client/src/components/Contact.tsx:269","href":null,"text":"Compose Email","selectorHint":"[data-loc=\"client/src/components/Contact.tsx:269\"]"},"x":586,"y":665}}
[2026-08-15T07:57:21.523Z] {"timestamp":1786780639874,"kind":"submit","url":"http://localhost:3000/","viewport":{"width":1440,"height":812},"payload":{"target":{"tag":"form","id":null,"name":null,"type":null,"role":null,"ariaLabel":null,"testId":null,"dataLoc":"client/src/components/Contact.tsx:154","href":null,"text":"Full Name Email Address Subject Message Compose Email","selectorHint":"[data-loc=\"client/src/components/Contact.tsx:154\"]"}}}
[2026-08-15T07:57:21.523Z] {"timestamp":1786780641361,"kind":"focusout","url":"http://localhost:3000/","viewport":{"width":1440,"height":812},"payload":{"target":{"tag":"button","id":null,"name":null,"type":null,"role":null,"ariaLabel":null,"testId":null,"dataLoc":"client/src/components/Contact.tsx:269","href":null,"text":"Compose Email","selectorHint":"[data-loc=\"client/src/components/Contact.tsx:269\"]"},"value":null}}
[2026-08-15T07:57:21.523Z] {"timestamp":1786780641361,"kind":"focusin","url":"http://localhost:3000/","viewport":{"width":1440,"height":812},"payload":{"target":{"tag":"li","id":null,"name":null,"type":null,"role":null,"ariaLabel":null,"testId":null,"dataLoc":null,"href":null,"text":"Opening your email app with this message.","selectorHint":"li"}}}
[2026-08-15T07:57:21.523Z] {"timestamp":1786780641427,"kind":"click","url":"http://localhost:3000/","viewport":{"width":1440,"height":812},"payload":{"target":{"tag":"div","id":null,"name":null,"type":null,"role":null,"ariaLabel":null,"testId":null,"dataLoc":null,"href":null,"text":"Opening your email app with this message.","selectorHint":"div"},"x":1136,"y":755}}
[2026-08-15T07:57:23.524Z] {"timestamp":1786780641608,"kind":"click","url":"http://localhost:3000/","viewport":{"width":1440,"height":812},"payload":{"target":{"tag":"div","id":null,"name":null,"type":null,"role":null,"ariaLabel":null,"testId":null,"dataLoc":null,"href":null,"text":"Opening your email app with this message.","selectorHint":"div"},"x":1136,"y":755}}
[2026-08-15T07:57:23.524Z] {"timestamp":1786780641742,"kind":"click","url":"http://localhost:3000/","viewport":{"width":1440,"height":812},"payload":{"target":{"tag":"div","id":null,"name":null,"type":null,"role":null,"ariaLabel":null,"testId":null,"dataLoc":null,"href":null,"text":"Opening your email app with this message.","selectorHint":"div"},"x":1136,"y":755}}
[2026-08-15T07:57:25.523Z] {"timestamp":1786780644455,"kind":"scroll","url":"http://localhost:3000/","viewport":{"width":1440,"height":812},"payload":{"scrollX":0,"scrollY":5282.5,"documentHeight":6619,"viewportHeight":812}}
[2026-08-15T07:57:25.523Z] {"timestamp":1786780644982,"kind":"scroll","url":"http://localhost:3000/","viewport":{"width":1440,"height":812},"payload":{"scrollX":0,"scrollY":5789.5,"documentHeight":6619,"viewportHeight":812}}
[2026-08-15T07:57:27.817Z] {"timestamp":1786780645569,"kind":"focusout","url":"http://localhost:3000/","viewport":{"width":1440,"height":812},"payload":{"target":{"tag":"li","id":null,"name":null,"type":null,"role":null,"ariaLabel":null,"testId":null,"dataLoc":null,"href":null,"text":"Opening your email app with this message.","selectorHint":"li"},"value":null}}
[2026-08-15T07:57:27.817Z] {"timestamp":1786780645570,"kind":"focusin","url":"http://localhost:3000/","viewport":{"width":1440,"height":812},"payload":{"target":{"tag":"button","id":null,"name":null,"type":null,"role":null,"ariaLabel":null,"testId":null,"dataLoc":"client/src/components/Contact.tsx:269","href":null,"text":"Compose Email","selectorHint":"[data-loc=\"client/src/components/Contact.tsx:269\"]"}}}
[2026-08-15T07:57:27.817Z] {"timestamp":1786780646381,"kind":"focusout","url":"http://localhost:3000/","viewport":{"width":1440,"height":812},"payload":{"target":{"tag":"button","id":null,"name":null,"type":null,"role":null,"ariaLabel":null,"testId":null,"dataLoc":"client/src/components/Contact.tsx:269","href":null,"text":"Compose Email","selectorHint":"[data-loc=\"client/src/components/Contact.tsx:269\"]"},"value":null}}
[2026-08-15T07:59:44.988Z] {"timestamp":1786780783699,"kind":"scroll","url":"http://localhost:3000/","viewport":{"width":400,"height":725},"payload":{"scrollX":0,"scrollY":7391.5,"documentHeight":8696,"viewportHeight":725}}
[2026-08-15T08:00:20.807Z] {"timestamp":1786780820505,"kind":"scroll","url":"http://localhost:3000/","viewport":{"width":400,"height":725},"payload":{"scrollX":0,"scrollY":7234.5,"documentHeight":8696,"viewportHeight":725}}
[2026-08-15T08:00:22.787Z] {"timestamp":1786780821287,"kind":"scroll","url":"http://localhost:3000/","viewport":{"width":400,"height":725},"payload":{"scrollX":0,"scrollY":7166.5,"documentHeight":8696,"viewportHeight":725}}
[2026-08-15T08:00:22.787Z] {"timestamp":1786780822148,"kind":"focusin","url":"http://localhost:3000/","viewport":{"width":400,"height":725},"payload":{"target":{"tag":"input","id":"name","name":"name","type":"text","role":null,"ariaLabel":null,"testId":null,"dataLoc":"client/src/components/Contact.tsx:187","href":null,"text":"","selectorHint":"[data-loc=\"client/src/components/Contact.tsx:187\"]"}}}
[2026-08-15T08:00:22.787Z] {"timestamp":1786780822154,"kind":"click","url":"http://localhost:3000/","viewport":{"width":400,"height":725},"payload":{"target":{"tag":"input","id":"name","name":"name","type":"text","role":null,"ariaLabel":null,"testId":null,"dataLoc":"client/src/components/Contact.tsx:187","href":null,"text":"","selectorHint":"[data-loc=\"client/src/components/Contact.tsx:187\"]"},"x":134,"y":110}}
[2026-08-15T08:00:22.787Z] {"timestamp":1786780822388,"kind":"scroll","url":"http://localhost:3000/","viewport":{"width":400,"height":725},"payload":{"scrollX":0,"scrollY":7127.5,"documentHeight":8696,"viewportHeight":725}}
[2026-08-15T08:00:24.779Z] {"timestamp":1786780823243,"kind":"click","url":"http://localhost:3000/","viewport":{"width":400,"height":725},"payload":{"target":{"tag":"input","id":"name","name":"name","type":"text","role":null,"ariaLabel":null,"testId":null,"dataLoc":"client/src/components/Contact.tsx:187","href":null,"text":"","selectorHint":"[data-loc=\"client/src/components/Contact.tsx:187\"]"},"x":137,"y":126}}
[2026-08-15T08:00:24.779Z] {"timestamp":1786780824566,"kind":"change","url":"http://localhost:3000/","viewport":{"width":400,"height":725},"payload":{"target":{"tag":"input","id":"name","name":"name","type":"text","role":null,"ariaLabel":null,"testId":null,"dataLoc":"client/src/components/Contact.tsx:187","href":null,"text":"","selectorHint":"[data-loc=\"client/src/components/Contact.tsx:187\"]"},"value":"Hello"}}
[2026-08-15T08:00:24.779Z] {"timestamp":1786780824567,"kind":"focusout","url":"http://localhost:3000/","viewport":{"width":400,"height":725},"payload":{"target":{"tag":"input","id":"name","name":"name","type":"text","role":null,"ariaLabel":null,"testId":null,"dataLoc":"client/src/components/Contact.tsx:187","href":null,"text":"","selectorHint":"[data-loc=\"client/src/components/Contact.tsx:187\"]"},"value":"Hello"}}
[2026-08-15T08:00:24.779Z] {"timestamp":1786780824568,"kind":"focusin","url":"http://localhost:3000/","viewport":{"width":400,"height":725},"payload":{"target":{"tag":"input","id":"email","name":"email","type":"email","role":null,"ariaLabel":null,"testId":null,"dataLoc":"client/src/components/Contact.tsx:213","href":null,"text":"","selectorHint":"[data-loc=\"client/src/components/Contact.tsx:213\"]"}}}
[2026-08-15T08:00:26.777Z] {"timestamp":1786780825495,"kind":"click","url":"http://localhost:3000/","viewport":{"width":400,"height":725},"payload":{"target":{"tag":"input","id":"email","name":"email","type":"email","role":null,"ariaLabel":null,"testId":null,"dataLoc":"client/src/components/Contact.tsx:213","href":null,"text":"","selectorHint":"[data-loc=\"client/src/components/Contact.tsx:213\"]"},"x":118,"y":247}}
[2026-08-15T08:00:26.777Z] {"timestamp":1786780826132,"kind":"change","url":"http://localhost:3000/","viewport":{"width":400,"height":725},"payload":{"target":{"tag":"input","id":"email","name":"email","type":"email","role":null,"ariaLabel":null,"testId":null,"dataLoc":"client/src/components/Contact.tsx:213","href":null,"text":"","selectorHint":"[data-loc=\"client/src/components/Contact.tsx:213\"]"},"value":"suonpiseydev@gmail.com"}}
[2026-08-15T08:00:26.777Z] {"timestamp":1786780826561,"kind":"focusout","url":"http://localhost:3000/","viewport":{"width":400,"height":725},"payload":{"target":{"tag":"input","id":"email","name":"email","type":"email","role":null,"ariaLabel":null,"testId":null,"dataLoc":"client/src/components/Contact.tsx:213","href":null,"text":"","selectorHint":"[data-loc=\"client/src/components/Contact.tsx:213\"]"},"value":"suonpiseydev@gmail.com"}}
[2026-08-15T08:00:26.777Z] {"timestamp":1786780826564,"kind":"click","url":"http://localhost:3000/","viewport":{"width":400,"height":725},"payload":{"target":{"tag":"label","id":null,"name":null,"type":null,"role":null,"ariaLabel":null,"testId":null,"dataLoc":"client/src/components/Contact.tsx:233","href":null,"text":"Subject","selectorHint":"[data-loc=\"client/src/components/Contact.tsx:233\"]"},"x":160,"y":307}}
[2026-08-15T08:00:26.777Z] {"timestamp":1786780826564,"kind":"focusin","url":"http://localhost:3000/","viewport":{"width":400,"height":725},"payload":{"target":{"tag":"input","id":"subject","name":"subject","type":"text","role":null,"ariaLabel":null,"testId":null,"dataLoc":"client/src/components/Contact.tsx:239","href":null,"text":"","selectorHint":"[data-loc=\"client/src/components/Contact.tsx:239\"]"}}}
[2026-08-15T08:00:26.777Z] {"timestamp":1786780826565,"kind":"click","url":"http://localhost:3000/","viewport":{"width":400,"height":725},"payload":{"target":{"tag":"input","id":"subject","name":"subject","type":"text","role":null,"ariaLabel":null,"testId":null,"dataLoc":"client/src/components/Contact.tsx:239","href":null,"text":"","selectorHint":"[data-loc=\"client/src/components/Contact.tsx:239\"]"},"x":160,"y":307}}
[2026-08-15T08:00:30.779Z] {"timestamp":1786780830394,"kind":"change","url":"http://localhost:3000/","viewport":{"width":400,"height":725},"payload":{"target":{"tag":"input","id":"subject","name":"subject","type":"text","role":null,"ariaLabel":null,"testId":null,"dataLoc":"client/src/components/Contact.tsx:239","href":null,"text":"","selectorHint":"[data-loc=\"client/src/components/Contact.tsx:239\"]"},"value":"Hello"}}
[2026-08-15T08:00:30.779Z] {"timestamp":1786780830395,"kind":"focusout","url":"http://localhost:3000/","viewport":{"width":400,"height":725},"payload":{"target":{"tag":"input","id":"subject","name":"subject","type":"text","role":null,"ariaLabel":null,"testId":null,"dataLoc":"client/src/components/Contact.tsx:239","href":null,"text":"","selectorHint":"[data-loc=\"client/src/components/Contact.tsx:239\"]"},"value":"Hello"}}
[2026-08-15T08:00:30.779Z] {"timestamp":1786780830395,"kind":"focusin","url":"http://localhost:3000/","viewport":{"width":400,"height":725},"payload":{"target":{"tag":"textarea","id":"message","name":"message","type":null,"role":null,"ariaLabel":null,"testId":null,"dataLoc":"client/src/components/Contact.tsx:265","href":null,"text":"","selectorHint":"[data-loc=\"client/src/components/Contact.tsx:265\"]"}}}
[2026-08-15T08:00:30.779Z] {"timestamp":1786780830396,"kind":"click","url":"http://localhost:3000/","viewport":{"width":400,"height":725},"payload":{"target":{"tag":"textarea","id":"message","name":"message","type":null,"role":null,"ariaLabel":null,"testId":null,"dataLoc":"client/src/components/Contact.tsx:265","href":null,"text":"","selectorHint":"[data-loc=\"client/src/components/Contact.tsx:265\"]"},"x":93,"y":446}}
[2026-08-15T08:00:32.779Z] {"timestamp":1786780832664,"kind":"change","url":"http://localhost:3000/","viewport":{"width":400,"height":725},"payload":{"target":{"tag":"textarea","id":"message","name":"message","type":null,"role":null,"ariaLabel":null,"testId":null,"dataLoc":"client/src/components/Contact.tsx:265","href":null,"text":"Hello","selectorHint":"[data-loc=\"client/src/components/Contact.tsx:265\"]"},"value":"Hello"}}
[2026-08-15T08:00:32.779Z] {"timestamp":1786780832665,"kind":"focusout","url":"http://localhost:3000/","viewport":{"width":400,"height":725},"payload":{"target":{"tag":"textarea","id":"message","name":"message","type":null,"role":null,"ariaLabel":null,"testId":null,"dataLoc":"client/src/components/Contact.tsx:265","href":null,"text":"Hello","selectorHint":"[data-loc=\"client/src/components/Contact.tsx:265\"]"},"value":"Hello"}}
[2026-08-15T08:00:32.779Z] {"timestamp":1786780832665,"kind":"focusin","url":"http://localhost:3000/","viewport":{"width":400,"height":725},"payload":{"target":{"tag":"button","id":null,"name":null,"type":null,"role":null,"ariaLabel":null,"testId":null,"dataLoc":"client/src/components/Contact.tsx:287","href":null,"text":"Send Message","selectorHint":"[data-loc=\"client/src/components/Contact.tsx:287\"]"}}}
[2026-08-15T08:00:32.779Z] {"timestamp":1786780832665,"kind":"click","url":"http://localhost:3000/","viewport":{"width":400,"height":725},"payload":{"target":{"tag":"button","id":null,"name":null,"type":null,"role":null,"ariaLabel":null,"testId":null,"dataLoc":"client/src/components/Contact.tsx:287","href":null,"text":"Send Message","selectorHint":"[data-loc=\"client/src/components/Contact.tsx:287\"]"},"x":134,"y":620}}
[2026-08-15T08:00:32.779Z] {"timestamp":1786780832667,"kind":"submit","url":"http://localhost:3000/","viewport":{"width":400,"height":725},"payload":{"target":{"tag":"form","id":null,"name":null,"type":null,"role":null,"ariaLabel":null,"testId":null,"dataLoc":"client/src/components/Contact.tsx:172","href":null,"text":"Full Name Email Address Subject Message Send Message","selectorHint":"[data-loc=\"client/src/components/Contact.tsx:172\"]"}}}
[2026-08-15T08:00:32.779Z] {"timestamp":1786780832682,"kind":"focusout","url":"http://localhost:3000/","viewport":{"width":400,"height":725},"payload":{"target":{"tag":"button","id":null,"name":null,"type":null,"role":null,"ariaLabel":null,"testId":null,"dataLoc":"client/src/components/Contact.tsx:287","href":null,"text":"Sending...","selectorHint":"[data-loc=\"client/src/components/Contact.tsx:287\"]"},"value":null}}
[2026-08-15T08:00:32.779Z] {"timestamp":1786780832687,"kind":"network_error","url":"http://localhost:3000/","viewport":{"width":400,"height":725},"payload":{"kind":"fetch","method":"POST","url":"/api/contact","status":404,"statusText":"Not Found"}}
[2026-08-15T08:01:02.781Z] {"timestamp":1786780861045,"kind":"focusin","url":"http://localhost:3000/","viewport":{"width":400,"height":725},"payload":{"target":{"tag":"button","id":null,"name":null,"type":null,"role":null,"ariaLabel":null,"testId":null,"dataLoc":"client/src/components/Contact.tsx:287","href":null,"text":"Send Message","selectorHint":"[data-loc=\"client/src/components/Contact.tsx:287\"]"}}}
[2026-08-15T08:01:02.781Z] {"timestamp":1786780861046,"kind":"click","url":"http://localhost:3000/","viewport":{"width":400,"height":725},"payload":{"target":{"tag":"button","id":null,"name":null,"type":null,"role":null,"ariaLabel":null,"testId":null,"dataLoc":"client/src/components/Contact.tsx:287","href":null,"text":"Send Message","selectorHint":"[data-loc=\"client/src/components/Contact.tsx:287\"]"},"x":197,"y":625}}
[2026-08-15T08:01:02.781Z] {"timestamp":1786780861047,"kind":"submit","url":"http://localhost:3000/","viewport":{"width":400,"height":725},"payload":{"target":{"tag":"form","id":null,"name":null,"type":null,"role":null,"ariaLabel":null,"testId":null,"dataLoc":"client/src/components/Contact.tsx:172","href":null,"text":"Full Name Email Address Subject Message Send Message","selectorHint":"[data-loc=\"client/src/components/Contact.tsx:172\"]"}}}
[2026-08-15T08:01:02.781Z] {"timestamp":1786780861059,"kind":"focusout","url":"http://localhost:3000/","viewport":{"width":400,"height":725},"payload":{"target":{"tag":"button","id":null,"name":null,"type":null,"role":null,"ariaLabel":null,"testId":null,"dataLoc":"client/src/components/Contact.tsx:287","href":null,"text":"Sending...","selectorHint":"[data-loc=\"client/src/components/Contact.tsx:287\"]"},"value":null}}
[2026-08-15T08:01:02.781Z] {"timestamp":1786780861063,"kind":"network_error","url":"http://localhost:3000/","viewport":{"width":400,"height":725},"payload":{"kind":"fetch","method":"POST","url":"/api/contact","status":404,"statusText":"Not Found"}}
[2026-08-15T08:02:28.409Z] {"timestamp":1786780946869,"kind":"scroll","url":"http://localhost:3000/","viewport":{"width":400,"height":725},"payload":{"scrollX":0,"scrollY":7131.5,"documentHeight":8696,"viewportHeight":725}}
[2026-08-15T08:02:30.408Z] {"timestamp":1786780948650,"kind":"scroll","url":"http://localhost:3000/","viewport":{"width":400,"height":725},"payload":{"scrollX":0,"scrollY":7130.5,"documentHeight":8696,"viewportHeight":725}}
[2026-08-15T08:02:30.408Z] {"timestamp":1786780949363,"kind":"focusin","url":"http://localhost:3000/","viewport":{"width":400,"height":725},"payload":{"target":{"tag":"input","id":"name","name":"name","type":"text","role":null,"ariaLabel":null,"testId":null,"dataLoc":"client/src/components/Contact.tsx:187","href":null,"text":"","selectorHint":"[data-loc=\"client/src/components/Contact.tsx:187\"]"}}}
[2026-08-15T08:02:30.408Z] {"timestamp":1786780949366,"kind":"click","url":"http://localhost:3000/","viewport":{"width":400,"height":725},"payload":{"target":{"tag":"input","id":"name","name":"name","type":"text","role":null,"ariaLabel":null,"testId":null,"dataLoc":"client/src/components/Contact.tsx:187","href":null,"text":"","selectorHint":"[data-loc=\"client/src/components/Contact.tsx:187\"]"},"x":253,"y":212}}
[2026-08-15T08:02:32.409Z] {"timestamp":1786780951233,"kind":"change","url":"http://localhost:3000/","viewport":{"width":400,"height":725},"payload":{"target":{"tag":"input","id":"name","name":"name","type":"text","role":null,"ariaLabel":null,"testId":null,"dataLoc":"client/src/components/Contact.tsx:187","href":null,"text":"","selectorHint":"[data-loc=\"client/src/components/Contact.tsx:187\"]"},"value":"Hello"}}
[2026-08-15T08:02:32.409Z] {"timestamp":1786780951543,"kind":"focusout","url":"http://localhost:3000/","viewport":{"width":400,"height":725},"payload":{"target":{"tag":"input","id":"name","name":"name","type":"text","role":null,"ariaLabel":null,"testId":null,"dataLoc":"client/src/components/Contact.tsx:187","href":null,"text":"","selectorHint":"[data-loc=\"client/src/components/Contact.tsx:187\"]"},"value":"Hello"}}
[2026-08-15T08:02:32.409Z] {"timestamp":1786780951543,"kind":"focusin","url":"http://localhost:3000/","viewport":{"width":400,"height":725},"payload":{"target":{"tag":"input","id":"email","name":"email","type":"email","role":null,"ariaLabel":null,"testId":null,"dataLoc":"client/src/components/Contact.tsx:213","href":null,"text":"","selectorHint":"[data-loc=\"client/src/components/Contact.tsx:213\"]"}}}
[2026-08-15T08:02:32.409Z] {"timestamp":1786780951544,"kind":"click","url":"http://localhost:3000/","viewport":{"width":400,"height":725},"payload":{"target":{"tag":"input","id":"email","name":"email","type":"email","role":null,"ariaLabel":null,"testId":null,"dataLoc":"client/src/components/Contact.tsx:213","href":null,"text":"","selectorHint":"[data-loc=\"client/src/components/Contact.tsx:213\"]"},"x":181,"y":316}}
[2026-08-15T08:02:32.409Z] {"timestamp":1786780951878,"kind":"click","url":"http://localhost:3000/","viewport":{"width":400,"height":725},"payload":{"target":{"tag":"input","id":"email","name":"email","type":"email","role":null,"ariaLabel":null,"testId":null,"dataLoc":"client/src/components/Contact.tsx:213","href":null,"text":"","selectorHint":"[data-loc=\"client/src/components/Contact.tsx:213\"]"},"x":183,"y":306}}
[2026-08-15T08:02:34.408Z] {"timestamp":1786780952436,"kind":"change","url":"http://localhost:3000/","viewport":{"width":400,"height":725},"payload":{"target":{"tag":"input","id":"email","name":"email","type":"email","role":null,"ariaLabel":null,"testId":null,"dataLoc":"client/src/components/Contact.tsx:213","href":null,"text":"","selectorHint":"[data-loc=\"client/src/components/Contact.tsx:213\"]"},"value":"suonpiseydev@gmail.com"}}
[2026-08-15T08:02:34.408Z] {"timestamp":1786780952794,"kind":"focusout","url":"http://localhost:3000/","viewport":{"width":400,"height":725},"payload":{"target":{"tag":"input","id":"email","name":"email","type":"email","role":null,"ariaLabel":null,"testId":null,"dataLoc":"client/src/components/Contact.tsx:213","href":null,"text":"","selectorHint":"[data-loc=\"client/src/components/Contact.tsx:213\"]"},"value":"suonpiseydev@gmail.com"}}
[2026-08-15T08:02:34.408Z] {"timestamp":1786780952794,"kind":"focusin","url":"http://localhost:3000/","viewport":{"width":400,"height":725},"payload":{"target":{"tag":"input","id":"subject","name":"subject","type":"text","role":null,"ariaLabel":null,"testId":null,"dataLoc":"client/src/components/Contact.tsx:239","href":null,"text":"","selectorHint":"[data-loc=\"client/src/components/Contact.tsx:239\"]"}}}
[2026-08-15T08:02:34.408Z] {"timestamp":1786780952794,"kind":"click","url":"http://localhost:3000/","viewport":{"width":400,"height":725},"payload":{"target":{"tag":"input","id":"subject","name":"subject","type":"text","role":null,"ariaLabel":null,"testId":null,"dataLoc":"client/src/components/Contact.tsx:239","href":null,"text":"","selectorHint":"[data-loc=\"client/src/components/Contact.tsx:239\"]"},"x":164,"y":393}}
[2026-08-15T08:02:34.408Z] {"timestamp":1786780953159,"kind":"click","url":"http://localhost:3000/","viewport":{"width":400,"height":725},"payload":{"target":{"tag":"input","id":"subject","name":"subject","type":"text","role":null,"ariaLabel":null,"testId":null,"dataLoc":"client/src/components/Contact.tsx:239","href":null,"text":"","selectorHint":"[data-loc=\"client/src/components/Contact.tsx:239\"]"},"x":164,"y":393}}
[2026-08-15T08:02:34.408Z] {"timestamp":1786780953856,"kind":"change","url":"http://localhost:3000/","viewport":{"width":400,"height":725},"payload":{"target":{"tag":"input","id":"subject","name":"subject","type":"text","role":null,"ariaLabel":null,"testId":null,"dataLoc":"client/src/components/Contact.tsx:239","href":null,"text":"","selectorHint":"[data-loc=\"client/src/components/Contact.tsx:239\"]"},"value":"Hello"}}
[2026-08-15T08:02:34.408Z] {"timestamp":1786780954397,"kind":"focusout","url":"http://localhost:3000/","viewport":{"width":400,"height":725},"payload":{"target":{"tag":"input","id":"subject","name":"subject","type":"text","role":null,"ariaLabel":null,"testId":null,"dataLoc":"client/src/components/Contact.tsx:239","href":null,"text":"","selectorHint":"[data-loc=\"client/src/components/Contact.tsx:239\"]"},"value":"Hello"}}
[2026-08-15T08:02:34.408Z] {"timestamp":1786780954397,"kind":"focusin","url":"http://localhost:3000/","viewport":{"width":400,"height":725},"payload":{"target":{"tag":"textarea","id":"message","name":"message","type":null,"role":null,"ariaLabel":null,"testId":null,"dataLoc":"client/src/components/Contact.tsx:265","href":null,"text":"","selectorHint":"[data-loc=\"client/src/components/Contact.tsx:265\"]"}}}
[2026-08-15T08:02:34.408Z] {"timestamp":1786780954398,"kind":"click","url":"http://localhost:3000/","viewport":{"width":400,"height":725},"payload":{"target":{"tag":"textarea","id":"message","name":"message","type":null,"role":null,"ariaLabel":null,"testId":null,"dataLoc":"client/src/components/Contact.tsx:265","href":null,"text":"","selectorHint":"[data-loc=\"client/src/components/Contact.tsx:265\"]"},"x":157,"y":496}}
[2026-08-15T08:02:38.410Z] {"timestamp":1786780956697,"kind":"change","url":"http://localhost:3000/","viewport":{"width":400,"height":725},"payload":{"target":{"tag":"textarea","id":"message","name":"message","type":null,"role":null,"ariaLabel":null,"testId":null,"dataLoc":"client/src/components/Contact.tsx:265","href":null,"text":"test","selectorHint":"[data-loc=\"client/src/components/Contact.tsx:265\"]"},"value":"test"}}
[2026-08-15T08:02:38.410Z] {"timestamp":1786780956698,"kind":"focusout","url":"http://localhost:3000/","viewport":{"width":400,"height":725},"payload":{"target":{"tag":"textarea","id":"message","name":"message","type":null,"role":null,"ariaLabel":null,"testId":null,"dataLoc":"client/src/components/Contact.tsx:265","href":null,"text":"test","selectorHint":"[data-loc=\"client/src/components/Contact.tsx:265\"]"},"value":"test"}}
[2026-08-15T08:02:38.410Z] {"timestamp":1786780956698,"kind":"focusin","url":"http://localhost:3000/","viewport":{"width":400,"height":725},"payload":{"target":{"tag":"button","id":null,"name":null,"type":null,"role":null,"ariaLabel":null,"testId":null,"dataLoc":"client/src/components/Contact.tsx:287","href":null,"text":"Send Message","selectorHint":"[data-loc=\"client/src/components/Contact.tsx:287\"]"}}}
[2026-08-15T08:02:38.410Z] {"timestamp":1786780956698,"kind":"click","url":"http://localhost:3000/","viewport":{"width":400,"height":725},"payload":{"target":{"tag":"button","id":null,"name":null,"type":null,"role":null,"ariaLabel":null,"testId":null,"dataLoc":"client/src/components/Contact.tsx:287","href":null,"text":"Send Message","selectorHint":"[data-loc=\"client/src/components/Contact.tsx:287\"]"},"x":177,"y":683}}
[2026-08-15T08:02:38.410Z] {"timestamp":1786780956700,"kind":"submit","url":"http://localhost:3000/","viewport":{"width":400,"height":725},"payload":{"target":{"tag":"form","id":null,"name":null,"type":null,"role":null,"ariaLabel":null,"testId":null,"dataLoc":"client/src/components/Contact.tsx:172","href":null,"text":"Full Name Email Address Subject Message Send Message","selectorHint":"[data-loc=\"client/src/components/Contact.tsx:172\"]"}}}
[2026-08-15T08:02:38.410Z] {"timestamp":1786780956715,"kind":"focusout","url":"http://localhost:3000/","viewport":{"width":400,"height":725},"payload":{"target":{"tag":"button","id":null,"name":null,"type":null,"role":null,"ariaLabel":null,"testId":null,"dataLoc":"client/src/components/Contact.tsx:287","href":null,"text":"Sending...","selectorHint":"[data-loc=\"client/src/components/Contact.tsx:287\"]"},"value":null}}
[2026-08-15T08:02:38.410Z] {"timestamp":1786780956722,"kind":"network_error","url":"http://localhost:3000/","viewport":{"width":400,"height":725},"payload":{"kind":"fetch","method":"POST","url":"/api/contact","status":500,"statusText":"Internal Server Error"}}
[2026-08-15T08:02:44.407Z] {"timestamp":1786780963310,"kind":"focusin","url":"http://localhost:3000/","viewport":{"width":400,"height":725},"payload":{"target":{"tag":"input","id":"subject","name":"subject","type":"text","role":null,"ariaLabel":null,"testId":null,"dataLoc":"client/src/components/Contact.tsx:239","href":null,"text":"","selectorHint":"[data-loc=\"client/src/components/Contact.tsx:239\"]"}}}
[2026-08-15T08:02:44.407Z] {"timestamp":1786780963311,"kind":"click","url":"http://localhost:3000/","viewport":{"width":400,"height":725},"payload":{"target":{"tag":"input","id":"subject","name":"subject","type":"text","role":null,"ariaLabel":null,"testId":null,"dataLoc":"client/src/components/Contact.tsx:239","href":null,"text":"","selectorHint":"[data-loc=\"client/src/components/Contact.tsx:239\"]"},"x":186,"y":424}}
[2026-08-15T08:02:44.407Z] {"timestamp":1786780964144,"kind":"focusout","url":"http://localhost:3000/","viewport":{"width":400,"height":725},"payload":{"target":{"tag":"input","id":"subject","name":"subject","type":"text","role":null,"ariaLabel":null,"testId":null,"dataLoc":"client/src/components/Contact.tsx:239","href":null,"text":"","selectorHint":"[data-loc=\"client/src/components/Contact.tsx:239\"]"},"value":"Hello"}}
[2026-08-15T08:02:44.408Z] {"timestamp":1786780964144,"kind":"focusin","url":"http://localhost:3000/","viewport":{"width":400,"height":725},"payload":{"target":{"tag":"textarea","id":"message","name":"message","type":null,"role":null,"ariaLabel":null,"testId":null,"dataLoc":"client/src/components/Contact.tsx:265","href":null,"text":"test","selectorHint":"[data-loc=\"client/src/components/Contact.tsx:265\"]"}}}
[2026-08-15T08:02:44.408Z] {"timestamp":1786780964144,"kind":"click","url":"http://localhost:3000/","viewport":{"width":400,"height":725},"payload":{"target":{"tag":"textarea","id":"message","name":"message","type":null,"role":null,"ariaLabel":null,"testId":null,"dataLoc":"client/src/components/Contact.tsx:265","href":null,"text":"test","selectorHint":"[data-loc=\"client/src/components/Contact.tsx:265\"]"},"x":196,"y":558}}
[2026-08-15T08:02:46.409Z] {"timestamp":1786780966213,"kind":"change","url":"http://localhost:3000/","viewport":{"width":400,"height":725},"payload":{"target":{"tag":"textarea","id":"message","name":"message","type":null,"role":null,"ariaLabel":null,"testId":null,"dataLoc":"client/src/components/Contact.tsx:265","href":null,"text":"testsdfsdfsdfsdfs","selectorHint":"[data-loc=\"client/src/components/Contact.tsx:265\"]"},"value":"testsdfsdfsdfsdfs"}}
[2026-08-15T08:02:46.409Z] {"timestamp":1786780966213,"kind":"focusout","url":"http://localhost:3000/","viewport":{"width":400,"height":725},"payload":{"target":{"tag":"textarea","id":"message","name":"message","type":null,"role":null,"ariaLabel":null,"testId":null,"dataLoc":"client/src/components/Contact.tsx:265","href":null,"text":"testsdfsdfsdfsdfs","selectorHint":"[data-loc=\"client/src/components/Contact.tsx:265\"]"},"value":"testsdfsdfsdfsdfs"}}
[2026-08-15T08:02:46.409Z] {"timestamp":1786780966213,"kind":"focusin","url":"http://localhost:3000/","viewport":{"width":400,"height":725},"payload":{"target":{"tag":"button","id":null,"name":null,"type":null,"role":null,"ariaLabel":null,"testId":null,"dataLoc":"client/src/components/Contact.tsx:287","href":null,"text":"Send Message","selectorHint":"[data-loc=\"client/src/components/Contact.tsx:287\"]"}}}
[2026-08-15T08:02:46.409Z] {"timestamp":1786780966214,"kind":"click","url":"http://localhost:3000/","viewport":{"width":400,"height":725},"payload":{"target":{"tag":"button","id":null,"name":null,"type":null,"role":null,"ariaLabel":null,"testId":null,"dataLoc":"client/src/components/Contact.tsx:287","href":null,"text":"Send Message","selectorHint":"[data-loc=\"client/src/components/Contact.tsx:287\"]"},"x":173,"y":682}}
[2026-08-15T08:02:46.409Z] {"timestamp":1786780966215,"kind":"submit","url":"http://localhost:3000/","viewport":{"width":400,"height":725},"payload":{"target":{"tag":"form","id":null,"name":null,"type":null,"role":null,"ariaLabel":null,"testId":null,"dataLoc":"client/src/components/Contact.tsx:172","href":null,"text":"Full Name Email Address Subject Message Send Message","selectorHint":"[data-loc=\"client/src/components/Contact.tsx:172\"]"}}}
[2026-08-15T08:02:46.409Z] {"timestamp":1786780966227,"kind":"focusout","url":"http://localhost:3000/","viewport":{"width":400,"height":725},"payload":{"target":{"tag":"button","id":null,"name":null,"type":null,"role":null,"ariaLabel":null,"testId":null,"dataLoc":"client/src/components/Contact.tsx:287","href":null,"text":"Sending...","selectorHint":"[data-loc=\"client/src/components/Contact.tsx:287\"]"},"value":null}}
[2026-08-15T08:02:46.409Z] {"timestamp":1786780966231,"kind":"network_error","url":"http://localhost:3000/","viewport":{"width":400,"height":725},"payload":{"kind":"fetch","method":"POST","url":"/api/contact","status":500,"statusText":"Internal Server Error"}}
[2026-08-15T08:02:50.409Z] {"timestamp":1786780969093,"kind":"scroll","url":"http://localhost:3000/","viewport":{"width":1440,"height":812},"payload":{"scrollX":0,"scrollY":5613,"documentHeight":6425,"viewportHeight":812}}
[2026-08-15T08:02:50.409Z] {"timestamp":1786780969884,"kind":"scroll","url":"http://localhost:3000/","viewport":{"width":1440,"height":812},"payload":{"scrollX":0,"scrollY":5805,"documentHeight":6619,"viewportHeight":812}}
[2026-08-15T08:02:52.408Z] {"timestamp":1786780970523,"kind":"scroll","url":"http://localhost:3000/","viewport":{"width":1440,"height":812},"payload":{"scrollX":0,"scrollY":5306,"documentHeight":6619,"viewportHeight":812}}
[2026-08-15T08:02:52.408Z] {"timestamp":1786780971673,"kind":"scroll","url":"http://localhost:3000/","viewport":{"width":1440,"height":812},"payload":{"scrollX":0,"scrollY":4635,"documentHeight":6619,"viewportHeight":812}}
[2026-08-15T08:02:52.408Z] {"timestamp":1786780972184,"kind":"scroll","url":"http://localhost:3000/","viewport":{"width":1440,"height":812},"payload":{"scrollX":0,"scrollY":3959,"documentHeight":6619,"viewportHeight":812}}
[2026-08-15T08:02:54.414Z] {"timestamp":1786780972683,"kind":"scroll","url":"http://localhost:3000/","viewport":{"width":1440,"height":812},"payload":{"scrollX":0,"scrollY":2578,"documentHeight":6619,"viewportHeight":812}}
[2026-08-15T08:02:54.414Z] {"timestamp":1786780973615,"kind":"scroll","url":"http://localhost:3000/","viewport":{"width":1440,"height":812},"payload":{"scrollX":0,"scrollY":507,"documentHeight":6619,"viewportHeight":812}}
[2026-08-15T08:02:54.414Z] {"timestamp":1786780974116,"kind":"scroll","url":"http://localhost:3000/","viewport":{"width":1440,"height":812},"payload":{"scrollX":0,"scrollY":3646,"documentHeight":6619,"viewportHeight":812}}
[2026-08-15T08:03:26.414Z] {"timestamp":1786781004917,"kind":"scroll","url":"http://localhost:3000/","viewport":{"width":1440,"height":812},"payload":{"scrollX":0,"scrollY":4838,"documentHeight":6619,"viewportHeight":812}}
[2026-08-15T08:03:26.414Z] {"timestamp":1786781006217,"kind":"scroll","url":"http://localhost:3000/","viewport":{"width":1440,"height":812},"payload":{"scrollX":0,"scrollY":5015,"documentHeight":6619,"viewportHeight":812}}
[2026-08-15T08:03:30.409Z] {"timestamp":1786781008433,"kind":"scroll","url":"http://localhost:3000/","viewport":{"width":1440,"height":812},"payload":{"scrollX":0,"scrollY":5027,"documentHeight":6619,"viewportHeight":812}}
[2026-08-15T08:03:30.409Z] {"timestamp":1786781009940,"kind":"scroll","url":"http://localhost:3000/","viewport":{"width":1440,"height":812},"payload":{"scrollX":0,"scrollY":5035,"documentHeight":6619,"viewportHeight":812}}
[2026-08-15T08:03:32.409Z] {"timestamp":1786781010472,"kind":"scroll","url":"http://localhost:3000/","viewport":{"width":1440,"height":812},"payload":{"scrollX":0,"scrollY":5696,"documentHeight":6619,"viewportHeight":812}}
[2026-08-15T08:03:32.409Z] {"timestamp":1786781010983,"kind":"scroll","url":"http://localhost:3000/","viewport":{"width":1440,"height":812},"payload":{"scrollX":0,"scrollY":4942,"documentHeight":6619,"viewportHeight":812}}
[2026-08-15T08:03:32.409Z] {"timestamp":1786781011484,"kind":"scroll","url":"http://localhost:3000/","viewport":{"width":1440,"height":812},"payload":{"scrollX":0,"scrollY":4522,"documentHeight":6619,"viewportHeight":812}}
[2026-08-15T08:03:32.409Z] {"timestamp":1786781012250,"kind":"scroll","url":"http://localhost:3000/","viewport":{"width":1440,"height":812},"payload":{"scrollX":0,"scrollY":4315,"documentHeight":6619,"viewportHeight":812}}
[2026-08-15T08:03:34.409Z] {"timestamp":1786781012807,"kind":"scroll","url":"http://localhost:3000/","viewport":{"width":1440,"height":812},"payload":{"scrollX":0,"scrollY":3917,"documentHeight":6619,"viewportHeight":812}}
[2026-08-15T08:03:34.409Z] {"timestamp":1786781013584,"kind":"scroll","url":"http://localhost:3000/","viewport":{"width":1440,"height":812},"payload":{"scrollX":0,"scrollY":3281,"documentHeight":6619,"viewportHeight":812}}
[2026-08-15T08:03:34.409Z] {"timestamp":1786781014358,"kind":"focusin","url":"http://localhost:3000/","viewport":{"width":1440,"height":812},"payload":{"target":{"tag":"a","id":null,"name":null,"type":null,"role":null,"ariaLabel":null,"testId":null,"dataLoc":"client/src/components/Header.tsx:37","href":"#skills","text":"Skills","selectorHint":"[data-loc=\"client/src/components/Header.tsx:37\"]"}}}
[2026-08-15T08:03:36.409Z] {"timestamp":1786781014441,"kind":"click","url":"http://localhost:3000/","viewport":{"width":1440,"height":812},"payload":{"target":{"tag":"a","id":null,"name":null,"type":null,"role":null,"ariaLabel":null,"testId":null,"dataLoc":"client/src/components/Header.tsx:37","href":"#skills","text":"Skills","selectorHint":"[data-loc=\"client/src/components/Header.tsx:37\"]"},"x":714,"y":43}}
[2026-08-15T08:03:36.409Z] {"timestamp":1786781014443,"kind":"navigate","url":"http://localhost:3000/#skills","viewport":{"width":1440,"height":812},"payload":{"reason":"popstate"}}
[2026-08-15T08:03:36.409Z] {"timestamp":1786781014444,"kind":"focusout","url":"http://localhost:3000/#skills","viewport":{"width":1440,"height":812},"payload":{"target":{"tag":"a","id":null,"name":null,"type":null,"role":null,"ariaLabel":null,"testId":null,"dataLoc":"client/src/components/Header.tsx:37","href":"#skills","text":"Skills","selectorHint":"[data-loc=\"client/src/components/Header.tsx:37\"]"},"value":null}}
[2026-08-15T08:03:36.409Z] {"timestamp":1786781014452,"kind":"navigate","url":"http://localhost:3000/#skills","viewport":{"width":1440,"height":812},"payload":{"reason":"hashchange"}}
[2026-08-15T08:03:36.409Z] {"timestamp":1786781014483,"kind":"scroll","url":"http://localhost:3000/#skills","viewport":{"width":1440,"height":812},"payload":{"scrollX":0,"scrollY":2988,"documentHeight":6619,"viewportHeight":812}}
[2026-08-15T08:03:36.409Z] {"timestamp":1786781014983,"kind":"scroll","url":"http://localhost:3000/#skills","viewport":{"width":1440,"height":812},"payload":{"scrollX":0,"scrollY":1816.5,"documentHeight":6619,"viewportHeight":812}}
[2026-08-15T08:03:36.409Z] {"timestamp":1786781015783,"kind":"scroll","url":"http://localhost:3000/#skills","viewport":{"width":1440,"height":812},"payload":{"scrollX":0,"scrollY":1727.5,"documentHeight":6619,"viewportHeight":812}}
[2026-08-15T08:03:36.409Z] {"timestamp":1786781016284,"kind":"scroll","url":"http://localhost:3000/#skills","viewport":{"width":1440,"height":812},"payload":{"scrollX":0,"scrollY":1387.5,"documentHeight":6619,"viewportHeight":812}}
[2026-08-15T08:03:38.412Z] {"timestamp":1786781016800,"kind":"scroll","url":"http://localhost:3000/#skills","viewport":{"width":1440,"height":812},"payload":{"scrollX":0,"scrollY":288.5,"documentHeight":6619,"viewportHeight":812}}
[2026-08-15T08:08:26.639Z] {"timestamp":1786781305104,"kind":"scroll","url":"http://localhost:3000/#skills","viewport":{"width":1440,"height":812},"payload":{"scrollX":0,"scrollY":80,"documentHeight":7532,"viewportHeight":812}}
[2026-08-15T08:08:26.640Z] {"timestamp":1786781306052,"kind":"scroll","url":"http://localhost:3000/#skills","viewport":{"width":1440,"height":812},"payload":{"scrollX":0,"scrollY":2053,"documentHeight":7532,"viewportHeight":812}}
[2026-08-15T08:08:26.640Z] {"timestamp":1786781306625,"kind":"scroll","url":"http://localhost:3000/#skills","viewport":{"width":1440,"height":812},"payload":{"scrollX":0,"scrollY":1599,"documentHeight":7532,"viewportHeight":812}}
[2026-08-15T08:08:28.637Z] {"timestamp":1786781307601,"kind":"scroll","url":"http://localhost:3000/#skills","viewport":{"width":1440,"height":812},"payload":{"scrollX":0,"scrollY":3304,"documentHeight":7532,"viewportHeight":812}}
[2026-08-15T08:08:30.637Z] {"timestamp":1786781308926,"kind":"scroll","url":"http://localhost:3000/#skills","viewport":{"width":1440,"height":812},"payload":{"scrollX":0,"scrollY":3374,"documentHeight":7532,"viewportHeight":812}}
[2026-08-15T08:08:30.637Z] {"timestamp":1786781310025,"kind":"scroll","url":"http://localhost:3000/#skills","viewport":{"width":1440,"height":812},"payload":{"scrollX":0,"scrollY":4327,"documentHeight":7532,"viewportHeight":812}}
[2026-08-15T08:08:32.649Z] {"timestamp":1786781311902,"kind":"scroll","url":"http://localhost:3000/#skills","viewport":{"width":1440,"height":812},"payload":{"scrollX":0,"scrollY":4931,"documentHeight":7532,"viewportHeight":812}}
[2026-08-15T08:08:32.649Z] {"timestamp":1786781312418,"kind":"scroll","url":"http://localhost:3000/#skills","viewport":{"width":1440,"height":812},"payload":{"scrollX":0,"scrollY":4468,"documentHeight":7532,"viewportHeight":812}}
[2026-08-15T08:08:36.639Z] {"timestamp":1786781314658,"kind":"scroll","url":"http://localhost:3000/#skills","viewport":{"width":1440,"height":812},"payload":{"scrollX":0,"scrollY":4324,"documentHeight":7532,"viewportHeight":812}}
[2026-08-15T08:08:36.639Z] {"timestamp":1786781315452,"kind":"scroll","url":"http://localhost:3000/#skills","viewport":{"width":1440,"height":812},"payload":{"scrollX":0,"scrollY":3824,"documentHeight":7532,"viewportHeight":812}}
[2026-08-15T08:08:36.639Z] {"timestamp":1786781315951,"kind":"scroll","url":"http://localhost:3000/#skills","viewport":{"width":1440,"height":812},"payload":{"scrollX":0,"scrollY":3591,"documentHeight":7532,"viewportHeight":812}}
[2026-08-15T08:08:36.639Z] {"timestamp":1786781316557,"kind":"scroll","url":"http://localhost:3000/#skills","viewport":{"width":1440,"height":812},"payload":{"scrollX":0,"scrollY":3580,"documentHeight":7532,"viewportHeight":812}}
[2026-08-15T08:08:38.640Z] {"timestamp":1786781317073,"kind":"scroll","url":"http://localhost:3000/#skills","viewport":{"width":1440,"height":812},"payload":{"scrollX":0,"scrollY":5387,"documentHeight":7532,"viewportHeight":812}}
[2026-08-15T08:08:38.640Z] {"timestamp":1786781317768,"kind":"scroll","url":"http://localhost:3000/#skills","viewport":{"width":1440,"height":812},"payload":{"scrollX":0,"scrollY":6712.5,"documentHeight":7532,"viewportHeight":812}}
[2026-08-15T08:08:38.640Z] {"timestamp":1786781318457,"kind":"scroll","url":"http://localhost:3000/#skills","viewport":{"width":1440,"height":812},"payload":{"scrollX":0,"scrollY":5152.5,"documentHeight":7532,"viewportHeight":812}}
[2026-08-15T08:08:40.638Z] {"timestamp":1786781318968,"kind":"scroll","url":"http://localhost:3000/#skills","viewport":{"width":1440,"height":812},"payload":{"scrollX":0,"scrollY":4143.5,"documentHeight":7532,"viewportHeight":812}}
[2026-08-15T08:08:42.639Z] {"timestamp":1786781320959,"kind":"click","url":"http://localhost:3000/#skills","viewport":{"width":1440,"height":812},"payload":{"target":{"tag":"p","id":null,"name":null,"type":null,"role":null,"ariaLabel":null,"testId":null,"dataLoc":"client/src/components/Experience.tsx:95","href":null,"text":"Setec Institute","selectorHint":"[data-loc=\"client/src/components/Experience.tsx:95\"]"},"x":831,"y":548}}
[2026-08-15T08:08:42.639Z] {"timestamp":1786781321492,"kind":"click","url":"http://localhost:3000/#skills","viewport":{"width":1440,"height":812},"payload":{"target":{"tag":"p","id":null,"name":null,"type":null,"role":null,"ariaLabel":null,"testId":null,"dataLoc":"client/src/components/Experience.tsx:95","href":null,"text":"Setec Institute","selectorHint":"[data-loc=\"client/src/components/Experience.tsx:95\"]"},"x":830,"y":560}}
[2026-08-15T08:08:42.639Z] {"timestamp":1786781321659,"kind":"click","url":"http://localhost:3000/#skills","viewport":{"width":1440,"height":812},"payload":{"target":{"tag":"p","id":null,"name":null,"type":null,"role":null,"ariaLabel":null,"testId":null,"dataLoc":"client/src/components/Experience.tsx:95","href":null,"text":"Setec Institute","selectorHint":"[data-loc=\"client/src/components/Experience.tsx:95\"]"},"x":830,"y":560}}
[2026-08-15T08:08:42.639Z] {"timestamp":1786781322476,"kind":"click","url":"http://localhost:3000/#skills","viewport":{"width":1440,"height":812},"payload":{"target":{"tag":"p","id":null,"name":null,"type":null,"role":null,"ariaLabel":null,"testId":null,"dataLoc":"client/src/components/Experience.tsx:95","href":null,"text":"Setec Institute","selectorHint":"[data-loc=\"client/src/components/Experience.tsx:95\"]"},"x":917,"y":542}}
[2026-08-15T08:08:44.639Z] {"timestamp":1786781322776,"kind":"click","url":"http://localhost:3000/#skills","viewport":{"width":1440,"height":812},"payload":{"target":{"tag":"p","id":null,"name":null,"type":null,"role":null,"ariaLabel":null,"testId":null,"dataLoc":"client/src/components/Experience.tsx:95","href":null,"text":"Setec Institute","selectorHint":"[data-loc=\"client/src/components/Experience.tsx:95\"]"},"x":844,"y":551}}
[2026-08-15T08:08:44.639Z] {"timestamp":1786781323259,"kind":"click","url":"http://localhost:3000/#skills","viewport":{"width":1440,"height":812},"payload":{"target":{"tag":"p","id":null,"name":null,"type":null,"role":null,"ariaLabel":null,"testId":null,"dataLoc":"client/src/components/Experience.tsx:95","href":null,"text":"Setec Institute","selectorHint":"[data-loc=\"client/src/components/Experience.tsx:95\"]"},"x":844,"y":551}}
[2026-08-15T08:08:44.639Z] {"timestamp":1786781323426,"kind":"click","url":"http://localhost:3000/#skills","viewport":{"width":1440,"height":812},"payload":{"target":{"tag":"p","id":null,"name":null,"type":null,"role":null,"ariaLabel":null,"testId":null,"dataLoc":"client/src/components/Experience.tsx:95","href":null,"text":"Setec Institute","selectorHint":"[data-loc=\"client/src/components/Experience.tsx:95\"]"},"x":844,"y":551}}
[2026-08-15T08:08:44.639Z] {"timestamp":1786781324226,"kind":"click","url":"http://localhost:3000/#skills","viewport":{"width":1440,"height":812},"payload":{"target":{"tag":"p","id":null,"name":null,"type":null,"role":null,"ariaLabel":null,"testId":null,"dataLoc":"client/src/components/Experience.tsx:99","href":null,"text":"Teaching web development and software engineering through practical, project-led…","selectorHint":"[data-loc=\"client/src/components/Experience.tsx:99\"]"},"x":889,"y":624}}
[2026-08-15T08:08:46.639Z] {"timestamp":1786781324708,"kind":"scroll","url":"http://localhost:3000/#skills","viewport":{"width":1440,"height":812},"payload":{"scrollX":0,"scrollY":3104.5,"documentHeight":7532,"viewportHeight":812}}
[2026-08-15T08:08:46.639Z] {"timestamp":1786781325524,"kind":"scroll","url":"http://localhost:3000/#skills","viewport":{"width":1440,"height":812},"payload":{"scrollX":0,"scrollY":3209.5,"documentHeight":7532,"viewportHeight":812}}
[2026-08-15T08:08:46.639Z] {"timestamp":1786781326035,"kind":"scroll","url":"http://localhost:3000/#skills","viewport":{"width":1440,"height":812},"payload":{"scrollX":0,"scrollY":3521.5,"documentHeight":7532,"viewportHeight":812}}
[2026-08-15T08:08:46.639Z] {"timestamp":1786781326535,"kind":"scroll","url":"http://localhost:3000/#skills","viewport":{"width":1440,"height":812},"payload":{"scrollX":0,"scrollY":3827.5,"documentHeight":7532,"viewportHeight":812}}
[2026-08-15T08:08:48.638Z] {"timestamp":1786781327035,"kind":"scroll","url":"http://localhost:3000/#skills","viewport":{"width":1440,"height":812},"payload":{"scrollX":0,"scrollY":4138.5,"documentHeight":7532,"viewportHeight":812}}
[2026-08-15T08:08:48.639Z] {"timestamp":1786781327551,"kind":"scroll","url":"http://localhost:3000/#skills","viewport":{"width":1440,"height":812},"payload":{"scrollX":0,"scrollY":4423.5,"documentHeight":7532,"viewportHeight":812}}
[2026-08-15T08:08:48.639Z] {"timestamp":1786781328051,"kind":"scroll","url":"http://localhost:3000/#skills","viewport":{"width":1440,"height":812},"payload":{"scrollX":0,"scrollY":4694.5,"documentHeight":7532,"viewportHeight":812}}
[2026-08-15T08:08:48.639Z] {"timestamp":1786781328601,"kind":"scroll","url":"http://localhost:3000/#skills","viewport":{"width":1440,"height":812},"payload":{"scrollX":0,"scrollY":4951.5,"documentHeight":7532,"viewportHeight":812}}
[2026-08-15T08:08:50.637Z] {"timestamp":1786781329408,"kind":"scroll","url":"http://localhost:3000/#skills","viewport":{"width":1440,"height":812},"payload":{"scrollX":0,"scrollY":5293.5,"documentHeight":7532,"viewportHeight":812}}
[2026-08-15T08:08:52.638Z] {"timestamp":1786781330885,"kind":"scroll","url":"http://localhost:3000/#skills","viewport":{"width":1440,"height":812},"payload":{"scrollX":0,"scrollY":4757.5,"documentHeight":7532,"viewportHeight":812}}
[2026-08-15T08:08:52.638Z] {"timestamp":1786781331858,"kind":"scroll","url":"http://localhost:3000/#skills","viewport":{"width":1440,"height":812},"payload":{"scrollX":0,"scrollY":4363.5,"documentHeight":7532,"viewportHeight":812}}
[2026-08-15T08:08:54.639Z] {"timestamp":1786781332718,"kind":"scroll","url":"http://localhost:3000/#skills","viewport":{"width":1440,"height":812},"payload":{"scrollX":0,"scrollY":3686.5,"documentHeight":7532,"viewportHeight":812}}
[2026-08-15T08:08:54.639Z] {"timestamp":1786781333218,"kind":"scroll","url":"http://localhost:3000/#skills","viewport":{"width":1440,"height":812},"payload":{"scrollX":0,"scrollY":3327.5,"documentHeight":7532,"viewportHeight":812}}
[2026-08-15T08:08:54.639Z] {"timestamp":1786781334008,"kind":"scroll","url":"http://localhost:3000/#skills","viewport":{"width":1440,"height":812},"payload":{"scrollX":0,"scrollY":3325.5,"documentHeight":7532,"viewportHeight":812}}
[2026-08-15T08:08:56.638Z] {"timestamp":1786781334684,"kind":"scroll","url":"http://localhost:3000/#skills","viewport":{"width":1440,"height":812},"payload":{"scrollX":0,"scrollY":3528.5,"documentHeight":7532,"viewportHeight":812}}
[2026-08-15T08:08:56.638Z] {"timestamp":1786781335275,"kind":"scroll","url":"http://localhost:3000/#skills","viewport":{"width":1440,"height":812},"payload":{"scrollX":0,"scrollY":3064.5,"documentHeight":7532,"viewportHeight":812}}
[2026-08-15T08:08:56.638Z] {"timestamp":1786781335785,"kind":"scroll","url":"http://localhost:3000/#skills","viewport":{"width":1440,"height":812},"payload":{"scrollX":0,"scrollY":4182.5,"documentHeight":7532,"viewportHeight":812}}
[2026-08-15T08:08:56.638Z] {"timestamp":1786781336301,"kind":"scroll","url":"http://localhost:3000/#skills","viewport":{"width":1440,"height":812},"payload":{"scrollX":0,"scrollY":5770.5,"documentHeight":7532,"viewportHeight":812}}
[2026-08-15T08:08:58.637Z] {"timestamp":1786781337058,"kind":"scroll","url":"http://localhost:3000/#skills","viewport":{"width":1440,"height":812},"payload":{"scrollX":0,"scrollY":4595.5,"documentHeight":7532,"viewportHeight":812}}
[2026-08-15T08:08:58.637Z] {"timestamp":1786781337568,"kind":"scroll","url":"http://localhost:3000/#skills","viewport":{"width":1440,"height":812},"payload":{"scrollX":0,"scrollY":4154.5,"documentHeight":7532,"viewportHeight":812}}
[2026-08-15T08:09:00.639Z] {"timestamp":1786781339709,"kind":"click","url":"http://localhost:3000/#skills","viewport":{"width":1440,"height":812},"payload":{"target":{"tag":"span","id":null,"name":null,"type":null,"role":null,"ariaLabel":null,"testId":null,"dataLoc":"client/src/components/Experience.tsx:70","href":null,"text":"2026 — PRESENT","selectorHint":"[data-loc=\"client/src/components/Experience.tsx:70\"]"},"x":164,"y":320}}
[2026-08-15T08:09:00.639Z] {"timestamp":1786781339959,"kind":"click","url":"http://localhost:3000/#skills","viewport":{"width":1440,"height":812},"payload":{"target":{"tag":"span","id":null,"name":null,"type":null,"role":null,"ariaLabel":null,"testId":null,"dataLoc":"client/src/components/Experience.tsx:70","href":null,"text":"2026 — PRESENT","selectorHint":"[data-loc=\"client/src/components/Experience.tsx:70\"]"},"x":164,"y":320}}
[2026-08-15T08:09:00.639Z] {"timestamp":1786781340093,"kind":"click","url":"http://localhost:3000/#skills","viewport":{"width":1440,"height":812},"payload":{"target":{"tag":"span","id":null,"name":null,"type":null,"role":null,"ariaLabel":null,"testId":null,"dataLoc":"client/src/components/Experience.tsx:70","href":null,"text":"2026 — PRESENT","selectorHint":"[data-loc=\"client/src/components/Experience.tsx:70\"]"},"x":164,"y":320}}
[2026-08-15T08:09:02.637Z] {"timestamp":1786781341458,"kind":"scroll","url":"http://localhost:3000/#skills","viewport":{"width":1440,"height":812},"payload":{"scrollX":0,"scrollY":3767.5,"documentHeight":7532,"viewportHeight":812}}
[2026-08-15T08:09:02.637Z] {"timestamp":1786781342309,"kind":"click","url":"http://localhost:3000/#skills","viewport":{"width":1440,"height":812},"payload":{"target":{"tag":"img","id":null,"name":null,"type":null,"role":null,"ariaLabel":null,"testId":null,"dataLoc":"client/src/components/Experience.tsx:80","href":null,"text":"","selectorHint":"[data-loc=\"client/src/components/Experience.tsx:80\"]"},"x":503,"y":418}}
[2026-08-15T08:09:02.637Z] {"timestamp":1786781342476,"kind":"click","url":"http://localhost:3000/#skills","viewport":{"width":1440,"height":812},"payload":{"target":{"tag":"img","id":null,"name":null,"type":null,"role":null,"ariaLabel":null,"testId":null,"dataLoc":"client/src/components/Experience.tsx:80","href":null,"text":"","selectorHint":"[data-loc=\"client/src/components/Experience.tsx:80\"]"},"x":503,"y":418}}
[2026-08-15T08:09:04.639Z] {"timestamp":1786781343109,"kind":"click","url":"http://localhost:3000/#skills","viewport":{"width":1440,"height":812},"payload":{"target":{"tag":"p","id":null,"name":null,"type":null,"role":null,"ariaLabel":null,"testId":null,"dataLoc":"client/src/components/Experience.tsx:95","href":null,"text":"Setec Institute","selectorHint":"[data-loc=\"client/src/components/Experience.tsx:95\"]"},"x":849,"y":278}}
[2026-08-15T08:09:04.639Z] {"timestamp":1786781343476,"kind":"click","url":"http://localhost:3000/#skills","viewport":{"width":1440,"height":812},"payload":{"target":{"tag":"p","id":null,"name":null,"type":null,"role":null,"ariaLabel":null,"testId":null,"dataLoc":"client/src/components/Experience.tsx:95","href":null,"text":"Setec Institute","selectorHint":"[data-loc=\"client/src/components/Experience.tsx:95\"]"},"x":847,"y":274}}
[2026-08-15T08:09:04.639Z] {"timestamp":1786781343609,"kind":"click","url":"http://localhost:3000/#skills","viewport":{"width":1440,"height":812},"payload":{"target":{"tag":"p","id":null,"name":null,"type":null,"role":null,"ariaLabel":null,"testId":null,"dataLoc":"client/src/components/Experience.tsx:95","href":null,"text":"Setec Institute","selectorHint":"[data-loc=\"client/src/components/Experience.tsx:95\"]"},"x":847,"y":274}}
[2026-08-15T08:09:04.639Z] {"timestamp":1786781343792,"kind":"click","url":"http://localhost:3000/#skills","viewport":{"width":1440,"height":812},"payload":{"target":{"tag":"p","id":null,"name":null,"type":null,"role":null,"ariaLabel":null,"testId":null,"dataLoc":"client/src/components/Experience.tsx:95","href":null,"text":"Setec Institute","selectorHint":"[data-loc=\"client/src/components/Experience.tsx:95\"]"},"x":847,"y":274}}
[2026-08-15T08:09:04.639Z] {"timestamp":1786781344124,"kind":"scroll","url":"http://localhost:3000/#skills","viewport":{"width":1440,"height":812},"payload":{"scrollX":0,"scrollY":3386.5,"documentHeight":7532,"viewportHeight":812}}
[2026-08-15T08:09:04.639Z] {"timestamp":1786781344635,"kind":"scroll","url":"http://localhost:3000/#skills","viewport":{"width":1440,"height":812},"payload":{"scrollX":0,"scrollY":2493.5,"documentHeight":7532,"viewportHeight":812}}
[2026-08-15T08:09:06.836Z] {"timestamp":1786781345151,"kind":"scroll","url":"http://localhost:3000/#skills","viewport":{"width":1440,"height":812},"payload":{"scrollX":0,"scrollY":819.5,"documentHeight":7532,"viewportHeight":812}}
[2026-08-15T08:09:28.640Z] {"timestamp":1786781367884,"kind":"scroll","url":"http://localhost:3000/#skills","viewport":{"width":400,"height":725},"payload":{"scrollX":0,"scrollY":820.5,"documentHeight":10206,"viewportHeight":725}}
[2026-08-15T08:09:28.640Z] {"timestamp":1786781368468,"kind":"scroll","url":"http://localhost:3000/#skills","viewport":{"width":400,"height":725},"payload":{"scrollX":0,"scrollY":2273.5,"documentHeight":10206,"viewportHeight":725}}
[2026-08-15T08:09:30.638Z] {"timestamp":1786781369034,"kind":"scroll","url":"http://localhost:3000/#skills","viewport":{"width":400,"height":725},"payload":{"scrollX":0,"scrollY":2885.5,"documentHeight":10206,"viewportHeight":725}}
[2026-08-15T08:09:30.638Z] {"timestamp":1786781369534,"kind":"scroll","url":"http://localhost:3000/#skills","viewport":{"width":400,"height":725},"payload":{"scrollX":0,"scrollY":4319.5,"documentHeight":10206,"viewportHeight":725}}
[2026-08-15T08:09:30.638Z] {"timestamp":1786781370034,"kind":"scroll","url":"http://localhost:3000/#skills","viewport":{"width":400,"height":725},"payload":{"scrollX":0,"scrollY":4308.5,"documentHeight":10206,"viewportHeight":725}}
[2026-08-15T08:09:32.640Z] {"timestamp":1786781370817,"kind":"scroll","url":"http://localhost:3000/#skills","viewport":{"width":400,"height":725},"payload":{"scrollX":0,"scrollY":4247.5,"documentHeight":10206,"viewportHeight":725}}
[2026-08-15T08:09:32.640Z] {"timestamp":1786781371317,"kind":"scroll","url":"http://localhost:3000/#skills","viewport":{"width":400,"height":725},"payload":{"scrollX":0,"scrollY":4887.5,"documentHeight":10206,"viewportHeight":725}}
[2026-08-15T08:09:32.640Z] {"timestamp":1786781371817,"kind":"scroll","url":"http://localhost:3000/#skills","viewport":{"width":400,"height":725},"payload":{"scrollX":0,"scrollY":5863.5,"documentHeight":10206,"viewportHeight":725}}
[2026-08-15T08:09:32.640Z] {"timestamp":1786781372318,"kind":"scroll","url":"http://localhost:3000/#skills","viewport":{"width":400,"height":725},"payload":{"scrollX":0,"scrollY":6638.5,"documentHeight":10206,"viewportHeight":725}}
[2026-08-15T08:09:34.639Z] {"timestamp":1786781374381,"kind":"scroll","url":"http://localhost:3000/#skills","viewport":{"width":1440,"height":812},"payload":{"scrollX":0,"scrollY":6680,"documentHeight":7492,"viewportHeight":812}}
[2026-08-15T08:09:36.638Z] {"timestamp":1786781375400,"kind":"scroll","url":"http://localhost:3000/#skills","viewport":{"width":1440,"height":812},"payload":{"scrollX":0,"scrollY":6686,"documentHeight":7532,"viewportHeight":812}}
[2026-08-15T08:09:36.638Z] {"timestamp":1786781375901,"kind":"scroll","url":"http://localhost:3000/#skills","viewport":{"width":1440,"height":812},"payload":{"scrollX":0,"scrollY":3400,"documentHeight":7532,"viewportHeight":812}}
[2026-08-15T08:09:36.638Z] {"timestamp":1786781376401,"kind":"scroll","url":"http://localhost:3000/#skills","viewport":{"width":1440,"height":812},"payload":{"scrollX":0,"scrollY":1830,"documentHeight":7532,"viewportHeight":812}}
[2026-08-15T08:09:38.639Z] {"timestamp":1786781377158,"kind":"scroll","url":"http://localhost:3000/#skills","viewport":{"width":1440,"height":812},"payload":{"scrollX":0,"scrollY":958,"documentHeight":7532,"viewportHeight":812}}
[2026-08-15T08:09:38.639Z] {"timestamp":1786781377668,"kind":"scroll","url":"http://localhost:3000/#skills","viewport":{"width":1440,"height":812},"payload":{"scrollX":0,"scrollY":1640,"documentHeight":7532,"viewportHeight":812}}
[2026-08-15T08:09:38.639Z] {"timestamp":1786781378184,"kind":"scroll","url":"http://localhost:3000/#skills","viewport":{"width":1440,"height":812},"payload":{"scrollX":0,"scrollY":5171,"documentHeight":7532,"viewportHeight":812}}
[2026-08-15T08:12:32.659Z] {"timestamp":1786781551436,"kind":"scroll","url":"http://localhost:3000/#skills","viewport":{"width":1440,"height":812},"payload":{"scrollX":0,"scrollY":6718,"documentHeight":7532,"viewportHeight":812}}
[2026-08-15T08:12:34.641Z] {"timestamp":1786781552725,"kind":"scroll","url":"http://localhost:3000/#skills","viewport":{"width":1440,"height":812},"payload":{"scrollX":0,"scrollY":4903,"documentHeight":7532,"viewportHeight":812}}
[2026-08-15T08:12:34.641Z] {"timestamp":1786781553536,"kind":"scroll","url":"http://localhost:3000/#skills","viewport":{"width":1440,"height":812},"payload":{"scrollX":0,"scrollY":5089,"documentHeight":7532,"viewportHeight":812}}
[2026-08-15T08:12:34.641Z] {"timestamp":1786781554035,"kind":"scroll","url":"http://localhost:3000/#skills","viewport":{"width":1440,"height":812},"payload":{"scrollX":0,"scrollY":5565,"documentHeight":7532,"viewportHeight":812}}
[2026-08-15T08:12:34.641Z] {"timestamp":1786781554559,"kind":"scroll","url":"http://localhost:3000/#skills","viewport":{"width":1440,"height":812},"payload":{"scrollX":0,"scrollY":5880,"documentHeight":7532,"viewportHeight":812}}
[2026-08-15T08:15:10.662Z] {"timestamp":1786781709252,"kind":"scroll","url":"http://localhost:3000/#skills","viewport":{"width":1440,"height":812},"payload":{"scrollX":0,"scrollY":5962,"documentHeight":8768,"viewportHeight":812}}
[2026-08-15T08:15:10.662Z] {"timestamp":1786781710542,"kind":"scroll","url":"http://localhost:3000/#skills","viewport":{"width":1440,"height":812},"payload":{"scrollX":0,"scrollY":5939,"documentHeight":8768,"viewportHeight":812}}
[2026-08-15T08:15:12.659Z] {"timestamp":1786781711425,"kind":"scroll","url":"http://localhost:3000/#skills","viewport":{"width":1440,"height":812},"payload":{"scrollX":0,"scrollY":5923,"documentHeight":8768,"viewportHeight":812}}
[2026-08-15T08:15:12.659Z] {"timestamp":1786781712486,"kind":"scroll","url":"http://localhost:3000/#skills","viewport":{"width":1440,"height":812},"payload":{"scrollX":0,"scrollY":5968,"documentHeight":8768,"viewportHeight":812}}
[2026-08-15T08:15:14.660Z] {"timestamp":1786781713001,"kind":"scroll","url":"http://localhost:3000/#skills","viewport":{"width":1440,"height":812},"payload":{"scrollX":0,"scrollY":5674,"documentHeight":8768,"viewportHeight":812}}
[2026-08-15T08:15:14.660Z] {"timestamp":1786781714342,"kind":"scroll","url":"http://localhost:3000/#skills","viewport":{"width":1440,"height":812},"payload":{"scrollX":0,"scrollY":5219,"documentHeight":8768,"viewportHeight":812}}
[2026-08-15T08:15:16.661Z] {"timestamp":1786781714852,"kind":"scroll","url":"http://localhost:3000/#skills","viewport":{"width":1440,"height":812},"payload":{"scrollX":0,"scrollY":6349,"documentHeight":8768,"viewportHeight":812}}
[2026-08-15T08:15:16.661Z] {"timestamp":1786781715627,"kind":"scroll","url":"http://localhost:3000/#skills","viewport":{"width":1440,"height":812},"payload":{"scrollX":0,"scrollY":7290,"documentHeight":8768,"viewportHeight":812}}
[2026-08-15T08:15:16.661Z] {"timestamp":1786781716136,"kind":"scroll","url":"http://localhost:3000/#skills","viewport":{"width":1440,"height":812},"payload":{"scrollX":0,"scrollY":6312,"documentHeight":8768,"viewportHeight":812}}
[2026-08-15T08:15:16.661Z] {"timestamp":1786781716636,"kind":"scroll","url":"http://localhost:3000/#skills","viewport":{"width":1440,"height":812},"payload":{"scrollX":0,"scrollY":6145,"documentHeight":8768,"viewportHeight":812}}
[2026-08-15T08:15:18.660Z] {"timestamp":1786781717152,"kind":"scroll","url":"http://localhost:3000/#skills","viewport":{"width":1440,"height":812},"payload":{"scrollX":0,"scrollY":5814,"documentHeight":8768,"viewportHeight":812}}
[2026-08-15T08:15:18.660Z] {"timestamp":1786781717652,"kind":"scroll","url":"http://localhost:3000/#skills","viewport":{"width":1440,"height":812},"payload":{"scrollX":0,"scrollY":5575,"documentHeight":8768,"viewportHeight":812}}
[2026-08-15T08:15:20.660Z] {"timestamp":1786781719552,"kind":"scroll","url":"http://localhost:3000/#skills","viewport":{"width":1440,"height":812},"payload":{"scrollX":0,"scrollY":5590,"documentHeight":8768,"viewportHeight":812}}
[2026-08-15T08:15:20.660Z] {"timestamp":1786781720525,"kind":"scroll","url":"http://localhost:3000/#skills","viewport":{"width":1440,"height":812},"payload":{"scrollX":0,"scrollY":5770,"documentHeight":8768,"viewportHeight":812}}
[2026-08-15T08:15:26.664Z] {"timestamp":1786781726409,"kind":"scroll","url":"http://localhost:3000/#skills","viewport":{"width":1440,"height":812},"payload":{"scrollX":0,"scrollY":6001,"documentHeight":8768,"viewportHeight":812}}
[2026-08-15T08:15:28.660Z] {"timestamp":1786781727302,"kind":"scroll","url":"http://localhost:3000/#skills","viewport":{"width":1440,"height":812},"payload":{"scrollX":0,"scrollY":5960,"documentHeight":8768,"viewportHeight":812}}
[2026-08-15T08:15:28.660Z] {"timestamp":1786781727803,"kind":"scroll","url":"http://localhost:3000/#skills","viewport":{"width":1440,"height":812},"payload":{"scrollX":0,"scrollY":5856,"documentHeight":8768,"viewportHeight":812}}
[2026-08-15T08:15:30.661Z] {"timestamp":1786781729119,"kind":"scroll","url":"http://localhost:3000/#skills","viewport":{"width":1440,"height":812},"payload":{"scrollX":0,"scrollY":5832,"documentHeight":8768,"viewportHeight":812}}
[2026-08-15T08:15:30.661Z] {"timestamp":1786781730110,"kind":"click","url":"http://localhost:3000/#skills","viewport":{"width":1440,"height":812},"payload":{"target":{"tag":"div","id":null,"name":null,"type":null,"role":null,"ariaLabel":null,"testId":null,"dataLoc":"client/src/components/Workplaces.tsx:42","href":null,"text":"WORKPLACE GALLERY Places behind the journey. A visual collection of the environm…","selectorHint":"[data-loc=\"client/src/components/Workplaces.tsx:42\"]"},"x":858,"y":323}}
[2026-08-15T08:15:30.661Z] {"timestamp":1786781730260,"kind":"click","url":"http://localhost:3000/#skills","viewport":{"width":1440,"height":812},"payload":{"target":{"tag":"div","id":null,"name":null,"type":null,"role":null,"ariaLabel":null,"testId":null,"dataLoc":"client/src/components/Workplaces.tsx:42","href":null,"text":"WORKPLACE GALLERY Places behind the journey. A visual collection of the environm…","selectorHint":"[data-loc=\"client/src/components/Workplaces.tsx:42\"]"},"x":858,"y":323}}
[2026-08-15T08:15:30.661Z] {"timestamp":1786781730544,"kind":"click","url":"http://localhost:3000/#skills","viewport":{"width":1440,"height":812},"payload":{"target":{"tag":"div","id":null,"name":null,"type":null,"role":null,"ariaLabel":null,"testId":null,"dataLoc":"client/src/components/Workplaces.tsx:42","href":null,"text":"WORKPLACE GALLERY Places behind the journey. A visual collection of the environm…","selectorHint":"[data-loc=\"client/src/components/Workplaces.tsx:42\"]"},"x":858,"y":323}}
[2026-08-15T08:15:32.661Z] {"timestamp":1786781730903,"kind":"scroll","url":"http://localhost:3000/#skills","viewport":{"width":1440,"height":812},"payload":{"scrollX":0,"scrollY":5653,"documentHeight":8768,"viewportHeight":812}}
[2026-08-15T08:15:32.661Z] {"timestamp":1786781731669,"kind":"scroll","url":"http://localhost:3000/#skills","viewport":{"width":1440,"height":812},"payload":{"scrollX":0,"scrollY":5723,"documentHeight":8768,"viewportHeight":812}}
[2026-08-15T08:15:32.661Z] {"timestamp":1786781732409,"kind":"scroll","url":"http://localhost:3000/#skills","viewport":{"width":1440,"height":812},"payload":{"scrollX":0,"scrollY":6095,"documentHeight":8768,"viewportHeight":812}}
[2026-08-15T08:15:36.660Z] {"timestamp":1786781736452,"kind":"scroll","url":"http://localhost:3000/#skills","viewport":{"width":1440,"height":812},"payload":{"scrollX":0,"scrollY":5828,"documentHeight":8768,"viewportHeight":812}}
[2026-08-15T08:15:38.660Z] {"timestamp":1786781737294,"kind":"click","url":"http://localhost:3000/#skills","viewport":{"width":1440,"height":812},"payload":{"target":{"tag":"div","id":null,"name":null,"type":null,"role":null,"ariaLabel":null,"testId":null,"dataLoc":"client/src/components/Workplaces.tsx:43","href":null,"text":"WORKPLACE GALLERY Places behind the journey. A visual collection of the environm…","selectorHint":"[data-loc=\"client/src/components/Workplaces.tsx:43\"]"},"x":858,"y":323}}
[2026-08-15T08:15:38.660Z] {"timestamp":1786781737444,"kind":"click","url":"http://localhost:3000/#skills","viewport":{"width":1440,"height":812},"payload":{"target":{"tag":"div","id":null,"name":null,"type":null,"role":null,"ariaLabel":null,"testId":null,"dataLoc":"client/src/components/Workplaces.tsx:43","href":null,"text":"WORKPLACE GALLERY Places behind the journey. A visual collection of the environm…","selectorHint":"[data-loc=\"client/src/components/Workplaces.tsx:43\"]"},"x":858,"y":323}}
[2026-08-15T08:15:38.660Z] {"timestamp":1786781737577,"kind":"click","url":"http://localhost:3000/#skills","viewport":{"width":1440,"height":812},"payload":{"target":{"tag":"div","id":null,"name":null,"type":null,"role":null,"ariaLabel":null,"testId":null,"dataLoc":"client/src/components/Workplaces.tsx:43","href":null,"text":"WORKPLACE GALLERY Places behind the journey. A visual collection of the environm…","selectorHint":"[data-loc=\"client/src/components/Workplaces.tsx:43\"]"},"x":858,"y":323}}
[2026-08-15T08:15:38.661Z] {"timestamp":1786781737969,"kind":"scroll","url":"http://localhost:3000/#skills","viewport":{"width":1440,"height":812},"payload":{"scrollX":0,"scrollY":5595,"documentHeight":8768,"viewportHeight":812}}
[2026-08-15T08:15:38.661Z] {"timestamp":1786781738526,"kind":"scroll","url":"http://localhost:3000/#skills","viewport":{"width":1440,"height":812},"payload":{"scrollX":0,"scrollY":5122,"documentHeight":8768,"viewportHeight":812}}
[2026-08-15T08:15:40.661Z] {"timestamp":1786781740143,"kind":"click","url":"http://localhost:3000/#skills","viewport":{"width":1440,"height":812},"payload":{"target":{"tag":"h2","id":null,"name":null,"type":null,"role":null,"ariaLabel":null,"testId":null,"dataLoc":"client/src/components/Workplaces.tsx:54","href":null,"text":"Places behind the journey.","selectorHint":"[data-loc=\"client/src/components/Workplaces.tsx:54\"]"},"x":746,"y":161}}
[2026-08-15T08:15:40.661Z] {"timestamp":1786781740293,"kind":"click","url":"http://localhost:3000/#skills","viewport":{"width":1440,"height":812},"payload":{"target":{"tag":"h2","id":null,"name":null,"type":null,"role":null,"ariaLabel":null,"testId":null,"dataLoc":"client/src/components/Workplaces.tsx:54","href":null,"text":"Places behind the journey.","selectorHint":"[data-loc=\"client/src/components/Workplaces.tsx:54\"]"},"x":746,"y":161}}
[2026-08-15T08:15:40.661Z] {"timestamp":1786781740444,"kind":"click","url":"http://localhost:3000/#skills","viewport":{"width":1440,"height":812},"payload":{"target":{"tag":"h2","id":null,"name":null,"type":null,"role":null,"ariaLabel":null,"testId":null,"dataLoc":"client/src/components/Workplaces.tsx:54","href":null,"text":"Places behind the journey.","selectorHint":"[data-loc=\"client/src/components/Workplaces.tsx:54\"]"},"x":746,"y":161}}
[2026-08-15T08:15:42.662Z] {"timestamp":1786781741044,"kind":"click","url":"http://localhost:3000/#skills","viewport":{"width":1440,"height":812},"payload":{"target":{"tag":"h2","id":null,"name":null,"type":null,"role":null,"ariaLabel":null,"testId":null,"dataLoc":"client/src/components/Workplaces.tsx:54","href":null,"text":"Places behind the journey.","selectorHint":"[data-loc=\"client/src/components/Workplaces.tsx:54\"]"},"x":746,"y":161}}
[2026-08-15T08:15:42.662Z] {"timestamp":1786781741211,"kind":"click","url":"http://localhost:3000/#skills","viewport":{"width":1440,"height":812},"payload":{"target":{"tag":"h2","id":null,"name":null,"type":null,"role":null,"ariaLabel":null,"testId":null,"dataLoc":"client/src/components/Workplaces.tsx:54","href":null,"text":"Places behind the journey.","selectorHint":"[data-loc=\"client/src/components/Workplaces.tsx:54\"]"},"x":746,"y":161}}
[2026-08-15T08:15:42.662Z] {"timestamp":1786781741361,"kind":"click","url":"http://localhost:3000/#skills","viewport":{"width":1440,"height":812},"payload":{"target":{"tag":"h2","id":null,"name":null,"type":null,"role":null,"ariaLabel":null,"testId":null,"dataLoc":"client/src/components/Workplaces.tsx:54","href":null,"text":"Places behind the journey.","selectorHint":"[data-loc=\"client/src/components/Workplaces.tsx:54\"]"},"x":746,"y":161}}
[2026-08-15T08:15:42.662Z] {"timestamp":1786781741528,"kind":"click","url":"http://localhost:3000/#skills","viewport":{"width":1440,"height":812},"payload":{"target":{"tag":"h2","id":null,"name":null,"type":null,"role":null,"ariaLabel":null,"testId":null,"dataLoc":"client/src/components/Workplaces.tsx:54","href":null,"text":"Places behind the journey.","selectorHint":"[data-loc=\"client/src/components/Workplaces.tsx:54\"]"},"x":746,"y":161}}
[2026-08-15T08:15:42.662Z] {"timestamp":1786781741927,"kind":"click","url":"http://localhost:3000/#skills","viewport":{"width":1440,"height":812},"payload":{"target":{"tag":"div","id":null,"name":null,"type":null,"role":null,"ariaLabel":null,"testId":null,"dataLoc":"client/src/components/Workplaces.tsx:42","href":null,"text":"WORKPLACE GALLERY Places behind the journey. A visual collection of the environm…","selectorHint":"[data-loc=\"client/src/components/Workplaces.tsx:42\"]"},"x":760,"y":179}}
[2026-08-15T08:15:42.662Z] {"timestamp":1786781742094,"kind":"click","url":"http://localhost:3000/#skills","viewport":{"width":1440,"height":812},"payload":{"target":{"tag":"div","id":null,"name":null,"type":null,"role":null,"ariaLabel":null,"testId":null,"dataLoc":"client/src/components/Workplaces.tsx:42","href":null,"text":"WORKPLACE GALLERY Places behind the journey. A visual collection of the environm…","selectorHint":"[data-loc=\"client/src/components/Workplaces.tsx:42\"]"},"x":760,"y":179}}
[2026-08-15T08:15:42.662Z] {"timestamp":1786781742344,"kind":"click","url":"http://localhost:3000/#skills","viewport":{"width":1440,"height":812},"payload":{"target":{"tag":"div","id":null,"name":null,"type":null,"role":null,"ariaLabel":null,"testId":null,"dataLoc":"client/src/components/Workplaces.tsx:42","href":null,"text":"WORKPLACE GALLERY Places behind the journey. A visual collection of the environm…","selectorHint":"[data-loc=\"client/src/components/Workplaces.tsx:42\"]"},"x":760,"y":179}}
[2026-08-15T08:15:44.662Z] {"timestamp":1786781742961,"kind":"click","url":"http://localhost:3000/#skills","viewport":{"width":1440,"height":812},"payload":{"target":{"tag":"div","id":null,"name":null,"type":null,"role":null,"ariaLabel":null,"testId":null,"dataLoc":"client/src/components/Workplaces.tsx:42","href":null,"text":"WORKPLACE GALLERY Places behind the journey. A visual collection of the environm…","selectorHint":"[data-loc=\"client/src/components/Workplaces.tsx:42\"]"},"x":760,"y":179}}
[2026-08-15T08:15:44.662Z] {"timestamp":1786781743294,"kind":"click","url":"http://localhost:3000/#skills","viewport":{"width":1440,"height":812},"payload":{"target":{"tag":"div","id":null,"name":null,"type":null,"role":null,"ariaLabel":null,"testId":null,"dataLoc":"client/src/components/Workplaces.tsx:42","href":null,"text":"WORKPLACE GALLERY Places behind the journey. A visual collection of the environm…","selectorHint":"[data-loc=\"client/src/components/Workplaces.tsx:42\"]"},"x":760,"y":179}}
[2026-08-15T08:15:44.662Z] {"timestamp":1786781743444,"kind":"click","url":"http://localhost:3000/#skills","viewport":{"width":1440,"height":812},"payload":{"target":{"tag":"div","id":null,"name":null,"type":null,"role":null,"ariaLabel":null,"testId":null,"dataLoc":"client/src/components/Workplaces.tsx:42","href":null,"text":"WORKPLACE GALLERY Places behind the journey. A visual collection of the environm…","selectorHint":"[data-loc=\"client/src/components/Workplaces.tsx:42\"]"},"x":760,"y":179}}
[2026-08-15T08:15:44.662Z] {"timestamp":1786781743976,"kind":"scroll","url":"http://localhost:3000/#skills","viewport":{"width":1440,"height":812},"payload":{"scrollX":0,"scrollY":5792,"documentHeight":8768,"viewportHeight":812}}
[2026-08-15T08:15:46.660Z] {"timestamp":1786781745126,"kind":"scroll","url":"http://localhost:3000/#skills","viewport":{"width":1440,"height":812},"payload":{"scrollX":0,"scrollY":5736,"documentHeight":8768,"viewportHeight":812}}
[2026-08-15T08:15:46.660Z] {"timestamp":1786781745776,"kind":"scroll","url":"http://localhost:3000/#skills","viewport":{"width":1440,"height":812},"payload":{"scrollX":0,"scrollY":6029,"documentHeight":8768,"viewportHeight":812}}
[2026-08-15T08:15:46.660Z] {"timestamp":1786781746492,"kind":"scroll","url":"http://localhost:3000/#skills","viewport":{"width":1440,"height":812},"payload":{"scrollX":0,"scrollY":4753,"documentHeight":8768,"viewportHeight":812}}
[2026-08-15T08:15:48.660Z] {"timestamp":1786781747043,"kind":"scroll","url":"http://localhost:3000/#skills","viewport":{"width":1440,"height":812},"payload":{"scrollX":0,"scrollY":4181,"documentHeight":8768,"viewportHeight":812}}
[2026-08-15T08:15:48.660Z] {"timestamp":1786781747559,"kind":"scroll","url":"http://localhost:3000/#skills","viewport":{"width":1440,"height":812},"payload":{"scrollX":0,"scrollY":3375,"documentHeight":8768,"viewportHeight":812}}
[2026-08-15T08:15:48.660Z] {"timestamp":1786781748093,"kind":"scroll","url":"http://localhost:3000/#skills","viewport":{"width":1440,"height":812},"payload":{"scrollX":0,"scrollY":2455,"documentHeight":8768,"viewportHeight":812}}
[2026-08-15T08:15:48.660Z] {"timestamp":1786781748603,"kind":"scroll","url":"http://localhost:3000/#skills","viewport":{"width":1440,"height":812},"payload":{"scrollX":0,"scrollY":682,"documentHeight":8768,"viewportHeight":812}}
[2026-08-15T08:15:50.660Z] {"timestamp":1786781749352,"kind":"scroll","url":"http://localhost:3000/#skills","viewport":{"width":1440,"height":812},"payload":{"scrollX":0,"scrollY":6.5,"documentHeight":8768,"viewportHeight":812}}
[2026-08-15T08:15:50.660Z] {"timestamp":1786781749852,"kind":"scroll","url":"http://localhost:3000/#skills","viewport":{"width":1440,"height":812},"payload":{"scrollX":0,"scrollY":3677.5,"documentHeight":8768,"viewportHeight":812}}
[2026-08-15T08:15:50.660Z] {"timestamp":1786781750353,"kind":"scroll","url":"http://localhost:3000/#skills","viewport":{"width":1440,"height":812},"payload":{"scrollX":0,"scrollY":5353.5,"documentHeight":8768,"viewportHeight":812}}
[2026-08-15T08:15:52.661Z] {"timestamp":1786781750893,"kind":"scroll","url":"http://localhost:3000/#skills","viewport":{"width":1440,"height":812},"payload":{"scrollX":0,"scrollY":7710.5,"documentHeight":8768,"viewportHeight":812}}
[2026-08-15T08:15:52.661Z] {"timestamp":1786781751403,"kind":"scroll","url":"http://localhost:3000/#skills","viewport":{"width":1440,"height":812},"payload":{"scrollX":0,"scrollY":6485.5,"documentHeight":8768,"viewportHeight":812}}
[2026-08-15T08:17:40.666Z] {"timestamp":1786781859213,"kind":"click","url":"http://localhost:3000/#skills","viewport":{"width":1440,"height":812},"payload":{"target":{"tag":"h3","id":null,"name":null,"type":null,"role":null,"ariaLabel":null,"testId":null,"dataLoc":"client/src/components/Workplaces.tsx:90","href":null,"text":"Cubetiq Solution","selectorHint":"[data-loc=\"client/src/components/Workplaces.tsx:90\"]"},"x":800,"y":302}}
[2026-08-15T08:17:40.666Z] {"timestamp":1786781859496,"kind":"click","url":"http://localhost:3000/#skills","viewport":{"width":1440,"height":812},"payload":{"target":{"tag":"h3","id":null,"name":null,"type":null,"role":null,"ariaLabel":null,"testId":null,"dataLoc":"client/src/components/Workplaces.tsx:90","href":null,"text":"Cubetiq Solution","selectorHint":"[data-loc=\"client/src/components/Workplaces.tsx:90\"]"},"x":800,"y":302}}
[2026-08-15T08:17:40.666Z] {"timestamp":1786781859679,"kind":"click","url":"http://localhost:3000/#skills","viewport":{"width":1440,"height":812},"payload":{"target":{"tag":"h3","id":null,"name":null,"type":null,"role":null,"ariaLabel":null,"testId":null,"dataLoc":"client/src/components/Workplaces.tsx:90","href":null,"text":"Cubetiq Solution","selectorHint":"[data-loc=\"client/src/components/Workplaces.tsx:90\"]"},"x":800,"y":302}}
[2026-08-15T08:17:40.666Z] {"timestamp":1786781859921,"kind":"scroll","url":"http://localhost:3000/#skills","viewport":{"width":1440,"height":812},"payload":{"scrollX":0,"scrollY":6376.5,"documentHeight":8768,"viewportHeight":812}}
[2026-08-15T08:17:42.662Z] {"timestamp":1786781861244,"kind":"scroll","url":"http://localhost:3000/#skills","viewport":{"width":1440,"height":812},"payload":{"scrollX":0,"scrollY":6219.5,"documentHeight":8768,"viewportHeight":812}}
[2026-08-15T08:17:42.663Z] {"timestamp":1786781862543,"kind":"scroll","url":"http://localhost:3000/#skills","viewport":{"width":1440,"height":812},"payload":{"scrollX":0,"scrollY":5489.5,"documentHeight":8768,"viewportHeight":812}}
[2026-08-15T08:17:44.662Z] {"timestamp":1786781863054,"kind":"scroll","url":"http://localhost:3000/#skills","viewport":{"width":1440,"height":812},"payload":{"scrollX":0,"scrollY":5642.5,"documentHeight":8768,"viewportHeight":812}}
[2026-08-15T08:17:44.662Z] {"timestamp":1786781863661,"kind":"scroll","url":"http://localhost:3000/#skills","viewport":{"width":1440,"height":812},"payload":{"scrollX":0,"scrollY":5744.5,"documentHeight":8768,"viewportHeight":812}}
[2026-08-15T08:17:44.662Z] {"timestamp":1786781864170,"kind":"scroll","url":"http://localhost:3000/#skills","viewport":{"width":1440,"height":812},"payload":{"scrollX":0,"scrollY":5366.5,"documentHeight":8768,"viewportHeight":812}}
[2026-08-15T08:17:46.663Z] {"timestamp":1786781864671,"kind":"scroll","url":"http://localhost:3000/#skills","viewport":{"width":1440,"height":812},"payload":{"scrollX":0,"scrollY":5824.5,"documentHeight":8768,"viewportHeight":812}}
[2026-08-15T08:17:46.663Z] {"timestamp":1786781866515,"kind":"focusin","url":"http://localhost:3000/#skills","viewport":{"width":1440,"height":812},"payload":{"target":{"tag":"a","id":null,"name":null,"type":null,"role":null,"ariaLabel":null,"testId":null,"dataLoc":"client/src/components/Header.tsx:38","href":"#workplaces","text":"Workplaces","selectorHint":"[data-loc=\"client/src/components/Header.tsx:38\"]"}}}
[2026-08-15T08:17:46.663Z] {"timestamp":1786781866613,"kind":"click","url":"http://localhost:3000/#skills","viewport":{"width":1440,"height":812},"payload":{"target":{"tag":"a","id":null,"name":null,"type":null,"role":null,"ariaLabel":null,"testId":null,"dataLoc":"client/src/components/Header.tsx:38","href":"#workplaces","text":"Workplaces","selectorHint":"[data-loc=\"client/src/components/Header.tsx:38\"]"},"x":820,"y":35}}
[2026-08-15T08:17:46.663Z] {"timestamp":1786781866617,"kind":"navigate","url":"http://localhost:3000/#workplaces","viewport":{"width":1440,"height":812},"payload":{"reason":"popstate"}}
[2026-08-15T08:17:46.663Z] {"timestamp":1786781866618,"kind":"focusout","url":"http://localhost:3000/#workplaces","viewport":{"width":1440,"height":812},"payload":{"target":{"tag":"a","id":null,"name":null,"type":null,"role":null,"ariaLabel":null,"testId":null,"dataLoc":"client/src/components/Header.tsx:38","href":"#workplaces","text":"Workplaces","selectorHint":"[data-loc=\"client/src/components/Header.tsx:38\"]"},"value":null}}
[2026-08-15T08:17:46.663Z] {"timestamp":1786781866622,"kind":"navigate","url":"http://localhost:3000/#workplaces","viewport":{"width":1440,"height":812},"payload":{"reason":"hashchange"}}
[2026-08-15T08:17:46.663Z] {"timestamp":1786781866654,"kind":"scroll","url":"http://localhost:3000/#workplaces","viewport":{"width":1440,"height":812},"payload":{"scrollX":0,"scrollY":6078.5,"documentHeight":8768,"viewportHeight":812}}
[2026-08-15T08:17:48.663Z] {"timestamp":1786781867570,"kind":"scroll","url":"http://localhost:3000/#workplaces","viewport":{"width":1440,"height":812},"payload":{"scrollX":0,"scrollY":5609.5,"documentHeight":8768,"viewportHeight":812}}
[2026-08-15T08:17:48.663Z] {"timestamp":1786781868071,"kind":"scroll","url":"http://localhost:3000/#workplaces","viewport":{"width":1440,"height":812},"payload":{"scrollX":0,"scrollY":5780.5,"documentHeight":8768,"viewportHeight":812}}
[2026-08-15T08:17:50.664Z] {"timestamp":1786781868993,"kind":"scroll","url":"http://localhost:3000/#workplaces","viewport":{"width":1440,"height":812},"payload":{"scrollX":0,"scrollY":5912.5,"documentHeight":8768,"viewportHeight":812}}
[2026-08-15T08:17:52.664Z] {"timestamp":1786781871909,"kind":"scroll","url":"http://localhost:3000/#workplaces","viewport":{"width":1440,"height":812},"payload":{"scrollX":0,"scrollY":5959.5,"documentHeight":8768,"viewportHeight":812}}
[2026-08-15T08:17:54.663Z] {"timestamp":1786781872954,"kind":"scroll","url":"http://localhost:3000/#workplaces","viewport":{"width":1440,"height":812},"payload":{"scrollX":0,"scrollY":6155.5,"documentHeight":8768,"viewportHeight":812}}
[2026-08-15T08:17:54.663Z] {"timestamp":1786781873454,"kind":"scroll","url":"http://localhost:3000/#workplaces","viewport":{"width":1440,"height":812},"payload":{"scrollX":0,"scrollY":5645.5,"documentHeight":8768,"viewportHeight":812}}
[2026-08-15T08:17:54.663Z] {"timestamp":1786781873954,"kind":"scroll","url":"http://localhost:3000/#workplaces","viewport":{"width":1440,"height":812},"payload":{"scrollX":0,"scrollY":4619.5,"documentHeight":8768,"viewportHeight":812}}
[2026-08-15T08:17:54.663Z] {"timestamp":1786781874455,"kind":"scroll","url":"http://localhost:3000/#workplaces","viewport":{"width":1440,"height":812},"payload":{"scrollX":0,"scrollY":4257.5,"documentHeight":8768,"viewportHeight":812}}
[2026-08-15T08:17:56.663Z] {"timestamp":1786781874954,"kind":"scroll","url":"http://localhost:3000/#workplaces","viewport":{"width":1440,"height":812},"payload":{"scrollX":0,"scrollY":3643.5,"documentHeight":8768,"viewportHeight":812}}
[2026-08-15T08:17:56.663Z] {"timestamp":1786781875712,"kind":"scroll","url":"http://localhost:3000/#workplaces","viewport":{"width":1440,"height":812},"payload":{"scrollX":0,"scrollY":3031.5,"documentHeight":8768,"viewportHeight":812}}
[2026-08-15T08:17:56.663Z] {"timestamp":1786781876311,"kind":"scroll","url":"http://localhost:3000/#workplaces","viewport":{"width":1440,"height":812},"payload":{"scrollX":0,"scrollY":4589.5,"documentHeight":8768,"viewportHeight":812}}
[2026-08-15T08:17:58.661Z] {"timestamp":1786781876956,"kind":"scroll","url":"http://localhost:3000/#workplaces","viewport":{"width":1440,"height":812},"payload":{"scrollX":0,"scrollY":5270.5,"documentHeight":8768,"viewportHeight":812}}
[2026-08-15T08:17:58.661Z] {"timestamp":1786781877471,"kind":"scroll","url":"http://localhost:3000/#workplaces","viewport":{"width":1440,"height":812},"payload":{"scrollX":0,"scrollY":4547.5,"documentHeight":8768,"viewportHeight":812}}
[2026-08-15T08:17:58.662Z] {"timestamp":1786781878171,"kind":"scroll","url":"http://localhost:3000/#workplaces","viewport":{"width":1440,"height":812},"payload":{"scrollX":0,"scrollY":4382.5,"documentHeight":8768,"viewportHeight":812}}
[2026-08-15T08:18:00.663Z] {"timestamp":1786781879212,"kind":"click","url":"http://localhost:3000/#workplaces","viewport":{"width":1440,"height":812},"payload":{"target":{"tag":"span","id":null,"name":null,"type":null,"role":null,"ariaLabel":null,"testId":null,"dataLoc":"client/src/components/Experience.tsx:70","href":null,"text":"2022 — 2024","selectorHint":"[data-loc=\"client/src/components/Experience.tsx:70\"]"},"x":184,"y":614}}
[2026-08-15T08:18:00.663Z] {"timestamp":1786781879379,"kind":"click","url":"http://localhost:3000/#workplaces","viewport":{"width":1440,"height":812},"payload":{"target":{"tag":"span","id":null,"name":null,"type":null,"role":null,"ariaLabel":null,"testId":null,"dataLoc":"client/src/components/Experience.tsx:70","href":null,"text":"2022 — 2024","selectorHint":"[data-loc=\"client/src/components/Experience.tsx:70\"]"},"x":184,"y":614}}
[2026-08-15T08:18:00.663Z] {"timestamp":1786781879495,"kind":"click","url":"http://localhost:3000/#workplaces","viewport":{"width":1440,"height":812},"payload":{"target":{"tag":"span","id":null,"name":null,"type":null,"role":null,"ariaLabel":null,"testId":null,"dataLoc":"client/src/components/Experience.tsx:70","href":null,"text":"2022 — 2024","selectorHint":"[data-loc=\"client/src/components/Experience.tsx:70\"]"},"x":184,"y":614}}
[2026-08-15T08:18:00.663Z] {"timestamp":1786781880029,"kind":"click","url":"http://localhost:3000/#workplaces","viewport":{"width":1440,"height":812},"payload":{"target":{"tag":"span","id":null,"name":null,"type":null,"role":null,"ariaLabel":null,"testId":null,"dataLoc":"client/src/components/Experience.tsx:70","href":null,"text":"2022 — 2024","selectorHint":"[data-loc=\"client/src/components/Experience.tsx:70\"]"},"x":194,"y":614}}
[2026-08-15T08:18:00.663Z] {"timestamp":1786781880295,"kind":"click","url":"http://localhost:3000/#workplaces","viewport":{"width":1440,"height":812},"payload":{"target":{"tag":"span","id":null,"name":null,"type":null,"role":null,"ariaLabel":null,"testId":null,"dataLoc":"client/src/components/Experience.tsx:70","href":null,"text":"2022 — 2024","selectorHint":"[data-loc=\"client/src/components/Experience.tsx:70\"]"},"x":194,"y":614}}
[2026-08-15T08:18:00.663Z] {"timestamp":1786781880445,"kind":"click","url":"http://localhost:3000/#workplaces","viewport":{"width":1440,"height":812},"payload":{"target":{"tag":"span","id":null,"name":null,"type":null,"role":null,"ariaLabel":null,"testId":null,"dataLoc":"client/src/components/Experience.tsx:70","href":null,"text":"2022 — 2024","selectorHint":"[data-loc=\"client/src/components/Experience.tsx:70\"]"},"x":194,"y":614}}
[2026-08-15T08:18:02.663Z] {"timestamp":1786781881296,"kind":"click","url":"http://localhost:3000/#workplaces","viewport":{"width":1440,"height":812},"payload":{"target":{"tag":"span","id":null,"name":null,"type":null,"role":null,"ariaLabel":null,"testId":null,"dataLoc":"client/src/components/Experience.tsx:70","href":null,"text":"2022 — 2024","selectorHint":"[data-loc=\"client/src/components/Experience.tsx:70\"]"},"x":127,"y":610}}
[2026-08-15T08:18:02.663Z] {"timestamp":1786781881445,"kind":"click","url":"http://localhost:3000/#workplaces","viewport":{"width":1440,"height":812},"payload":{"target":{"tag":"span","id":null,"name":null,"type":null,"role":null,"ariaLabel":null,"testId":null,"dataLoc":"client/src/components/Experience.tsx:70","href":null,"text":"2022 — 2024","selectorHint":"[data-loc=\"client/src/components/Experience.tsx:70\"]"},"x":127,"y":610}}
[2026-08-15T08:18:02.663Z] {"timestamp":1786781881962,"kind":"click","url":"http://localhost:3000/#workplaces","viewport":{"width":1440,"height":812},"payload":{"target":{"tag":"span","id":null,"name":null,"type":null,"role":null,"ariaLabel":null,"testId":null,"dataLoc":"client/src/components/Experience.tsx:70","href":null,"text":"2022 — 2024","selectorHint":"[data-loc=\"client/src/components/Experience.tsx:70\"]"},"x":136,"y":610}}
[2026-08-15T08:18:02.663Z] {"timestamp":1786781882112,"kind":"click","url":"http://localhost:3000/#workplaces","viewport":{"width":1440,"height":812},"payload":{"target":{"tag":"span","id":null,"name":null,"type":null,"role":null,"ariaLabel":null,"testId":null,"dataLoc":"client/src/components/Experience.tsx:70","href":null,"text":"2022 — 2024","selectorHint":"[data-loc=\"client/src/components/Experience.tsx:70\"]"},"x":136,"y":610}}
[2026-08-15T08:18:02.663Z] {"timestamp":1786781882229,"kind":"click","url":"http://localhost:3000/#workplaces","viewport":{"width":1440,"height":812},"payload":{"target":{"tag":"span","id":null,"name":null,"type":null,"role":null,"ariaLabel":null,"testId":null,"dataLoc":"client/src/components/Experience.tsx:70","href":null,"text":"2022 — 2024","selectorHint":"[data-loc=\"client/src/components/Experience.tsx:70\"]"},"x":136,"y":610}}
[2026-08-15T08:18:02.663Z] {"timestamp":1786781882438,"kind":"scroll","url":"http://localhost:3000/#workplaces","viewport":{"width":1440,"height":812},"payload":{"scrollX":0,"scrollY":4530.5,"documentHeight":8768,"viewportHeight":812}}
[2026-08-15T08:18:04.664Z] {"timestamp":1786781883205,"kind":"scroll","url":"http://localhost:3000/#workplaces","viewport":{"width":1440,"height":812},"payload":{"scrollX":0,"scrollY":5433.5,"documentHeight":8768,"viewportHeight":812}}
[2026-08-15T08:18:22.667Z] {"timestamp":1786781901713,"kind":"click","url":"http://localhost:3000/#workplaces","viewport":{"width":1440,"height":812},"payload":{"target":{"tag":"h2","id":null,"name":null,"type":null,"role":null,"ariaLabel":null,"testId":null,"dataLoc":"client/src/components/Workplaces.tsx:54","href":null,"text":"Places behind the journey.","selectorHint":"[data-loc=\"client/src/components/Workplaces.tsx:54\"]"},"x":407,"y":461}}
[2026-08-15T08:18:22.667Z] {"timestamp":1786781901862,"kind":"click","url":"http://localhost:3000/#workplaces","viewport":{"width":1440,"height":812},"payload":{"target":{"tag":"h2","id":null,"name":null,"type":null,"role":null,"ariaLabel":null,"testId":null,"dataLoc":"client/src/components/Workplaces.tsx:54","href":null,"text":"Places behind the journey.","selectorHint":"[data-loc=\"client/src/components/Workplaces.tsx:54\"]"},"x":407,"y":461}}
[2026-08-15T08:18:22.667Z] {"timestamp":1786781901978,"kind":"click","url":"http://localhost:3000/#workplaces","viewport":{"width":1440,"height":812},"payload":{"target":{"tag":"h2","id":null,"name":null,"type":null,"role":null,"ariaLabel":null,"testId":null,"dataLoc":"client/src/components/Workplaces.tsx:54","href":null,"text":"Places behind the journey.","selectorHint":"[data-loc=\"client/src/components/Workplaces.tsx:54\"]"},"x":407,"y":461}}
[2026-08-15T08:55:05.867Z] {"timestamp":1786784103936,"kind":"scroll","url":"http://localhost:3000/","viewport":{"width":1440,"height":812},"payload":{"scrollX":0,"scrollY":6204.5,"documentHeight":7532,"viewportHeight":812}}
[2026-08-16T07:12:49.097Z] {"timestamp":1786864367574,"kind":"scroll","url":"http://localhost:3000/#workplaces","viewport":{"width":1440,"height":812},"payload":{"scrollX":0,"scrollY":5453.5,"documentHeight":7532,"viewportHeight":812}}
[2026-08-16T07:12:49.097Z] {"timestamp":1786864368710,"kind":"scroll","url":"http://localhost:3000/#workplaces","viewport":{"width":1440,"height":812},"payload":{"scrollX":0,"scrollY":5454.5,"documentHeight":7532,"viewportHeight":812}}
[2026-08-16T07:12:51.094Z] {"timestamp":1786864369436,"kind":"scroll","url":"http://localhost:3000/#workplaces","viewport":{"width":1440,"height":812},"payload":{"scrollX":0,"scrollY":6106.5,"documentHeight":7532,"viewportHeight":812}}
[2026-08-16T07:12:51.094Z] {"timestamp":1786864369936,"kind":"scroll","url":"http://localhost:3000/#workplaces","viewport":{"width":1440,"height":812},"payload":{"scrollX":0,"scrollY":5022.5,"documentHeight":7532,"viewportHeight":812}}
[2026-08-16T07:12:51.094Z] {"timestamp":1786864370969,"kind":"scroll","url":"http://localhost:3000/#workplaces","viewport":{"width":1440,"height":812},"payload":{"scrollX":0,"scrollY":4435.5,"documentHeight":7532,"viewportHeight":812}}
[2026-08-16T07:12:53.093Z] {"timestamp":1786864371576,"kind":"scroll","url":"http://localhost:3000/#workplaces","viewport":{"width":1440,"height":812},"payload":{"scrollX":0,"scrollY":3634.5,"documentHeight":7532,"viewportHeight":812}}
[2026-08-16T07:12:53.093Z] {"timestamp":1786864372692,"kind":"scroll","url":"http://localhost:3000/#workplaces","viewport":{"width":1440,"height":812},"payload":{"scrollX":0,"scrollY":2779.5,"documentHeight":7532,"viewportHeight":812}}
[2026-08-16T07:12:55.094Z] {"timestamp":1786864373209,"kind":"scroll","url":"http://localhost:3000/#workplaces","viewport":{"width":1440,"height":812},"payload":{"scrollX":0,"scrollY":2344.5,"documentHeight":7532,"viewportHeight":812}}
[2026-08-16T07:12:55.094Z] {"timestamp":1786864374103,"kind":"scroll","url":"http://localhost:3000/#workplaces","viewport":{"width":1440,"height":812},"payload":{"scrollX":0,"scrollY":1264.5,"documentHeight":7532,"viewportHeight":812}}
[2026-08-16T07:12:55.094Z] {"timestamp":1786864374709,"kind":"scroll","url":"http://localhost:3000/#workplaces","viewport":{"width":1440,"height":812},"payload":{"scrollX":0,"scrollY":2503.5,"documentHeight":7532,"viewportHeight":812}}
[2026-08-16T07:12:57.094Z] {"timestamp":1786864375469,"kind":"scroll","url":"http://localhost:3000/#workplaces","viewport":{"width":1440,"height":812},"payload":{"scrollX":0,"scrollY":1936.5,"documentHeight":7532,"viewportHeight":812}}
[2026-08-16T07:12:57.094Z] {"timestamp":1786864375969,"kind":"scroll","url":"http://localhost:3000/#workplaces","viewport":{"width":1440,"height":812},"payload":{"scrollX":0,"scrollY":1018.5,"documentHeight":7532,"viewportHeight":812}}
[2026-08-16T07:12:57.094Z] {"timestamp":1786864376592,"kind":"scroll","url":"http://localhost:3000/#workplaces","viewport":{"width":1440,"height":812},"payload":{"scrollX":0,"scrollY":272.5,"documentHeight":7532,"viewportHeight":812}}
[2026-08-16T07:12:59.095Z] {"timestamp":1786864377102,"kind":"scroll","url":"http://localhost:3000/#workplaces","viewport":{"width":1440,"height":812},"payload":{"scrollX":0,"scrollY":1590.5,"documentHeight":7532,"viewportHeight":812}}
[2026-08-16T07:12:59.095Z] {"timestamp":1786864377602,"kind":"scroll","url":"http://localhost:3000/#workplaces","viewport":{"width":1440,"height":812},"payload":{"scrollX":0,"scrollY":3428.5,"documentHeight":7532,"viewportHeight":812}}
[2026-08-16T07:12:59.095Z] {"timestamp":1786864378102,"kind":"scroll","url":"http://localhost:3000/#workplaces","viewport":{"width":1440,"height":812},"payload":{"scrollX":0,"scrollY":5026.5,"documentHeight":7532,"viewportHeight":812}}
[2026-08-16T07:12:59.095Z] {"timestamp":1786864378608,"kind":"scroll","url":"http://localhost:3000/#workplaces","viewport":{"width":1440,"height":812},"payload":{"scrollX":0,"scrollY":6124.5,"documentHeight":7532,"viewportHeight":812}}
[2026-08-16T07:13:01.095Z] {"timestamp":1786864379419,"kind":"scroll","url":"http://localhost:3000/#workplaces","viewport":{"width":1440,"height":812},"payload":{"scrollX":0,"scrollY":5528.5,"documentHeight":7532,"viewportHeight":812}}
[2026-08-16T07:13:01.095Z] {"timestamp":1786864379992,"kind":"scroll","url":"http://localhost:3000/#workplaces","viewport":{"width":1440,"height":812},"payload":{"scrollX":0,"scrollY":5202.5,"documentHeight":7532,"viewportHeight":812}}
[2026-08-16T07:13:01.095Z] {"timestamp":1786864380502,"kind":"scroll","url":"http://localhost:3000/#workplaces","viewport":{"width":1440,"height":812},"payload":{"scrollX":0,"scrollY":5101.5,"documentHeight":7532,"viewportHeight":812}}
[2026-08-16T07:13:01.095Z] {"timestamp":1786864381002,"kind":"scroll","url":"http://localhost:3000/#workplaces","viewport":{"width":1440,"height":812},"payload":{"scrollX":0,"scrollY":4233.5,"documentHeight":7532,"viewportHeight":812}}
[2026-08-16T07:13:03.093Z] {"timestamp":1786864381502,"kind":"scroll","url":"http://localhost:3000/#workplaces","viewport":{"width":1440,"height":812},"payload":{"scrollX":0,"scrollY":4223.5,"documentHeight":7532,"viewportHeight":812}}
[2026-08-16T07:13:03.093Z] {"timestamp":1786864382002,"kind":"scroll","url":"http://localhost:3000/#workplaces","viewport":{"width":1440,"height":812},"payload":{"scrollX":0,"scrollY":3719.5,"documentHeight":7532,"viewportHeight":812}}
[2026-08-16T07:13:03.093Z] {"timestamp":1786864382502,"kind":"scroll","url":"http://localhost:3000/#workplaces","viewport":{"width":1440,"height":812},"payload":{"scrollX":0,"scrollY":3817.5,"documentHeight":7532,"viewportHeight":812}}
[2026-08-16T07:13:03.093Z] {"timestamp":1786864383003,"kind":"scroll","url":"http://localhost:3000/#workplaces","viewport":{"width":1440,"height":812},"payload":{"scrollX":0,"scrollY":5713.5,"documentHeight":7532,"viewportHeight":812}}
[2026-08-16T07:13:07.094Z] {"timestamp":1786864385486,"kind":"scroll","url":"http://localhost:3000/#workplaces","viewport":{"width":1440,"height":812},"payload":{"scrollX":0,"scrollY":6695.5,"documentHeight":7532,"viewportHeight":812}}
[2026-08-16T07:13:07.094Z] {"timestamp":1786864385986,"kind":"scroll","url":"http://localhost:3000/#workplaces","viewport":{"width":1440,"height":812},"payload":{"scrollX":0,"scrollY":3815.5,"documentHeight":7532,"viewportHeight":812}}
[2026-08-16T07:13:07.094Z] {"timestamp":1786864386486,"kind":"scroll","url":"http://localhost:3000/#workplaces","viewport":{"width":1440,"height":812},"payload":{"scrollX":0,"scrollY":96.5,"documentHeight":7532,"viewportHeight":812}}
[2026-08-16T07:13:07.094Z] {"timestamp":1786864387002,"kind":"scroll","url":"http://localhost:3000/#workplaces","viewport":{"width":1440,"height":812},"payload":{"scrollX":0,"scrollY":178.5,"documentHeight":7532,"viewportHeight":812}}
[2026-08-16T07:13:11.096Z] {"timestamp":1786864389663,"kind":"focusin","url":"http://localhost:3000/#workplaces","viewport":{"width":1440,"height":812},"payload":{"target":{"tag":"button","id":null,"name":null,"type":null,"role":null,"ariaLabel":"Toggle theme","testId":null,"dataLoc":"client/src/components/Header.tsx:51","href":null,"text":"","selectorHint":"[data-loc=\"client/src/components/Header.tsx:51\"]"}}}
[2026-08-16T07:13:11.096Z] {"timestamp":1786864389761,"kind":"click","url":"http://localhost:3000/#workplaces","viewport":{"width":1440,"height":812},"payload":{"target":{"tag":"button","id":null,"name":null,"type":null,"role":null,"ariaLabel":"Toggle theme","testId":null,"dataLoc":"client/src/components/Header.tsx:51","href":null,"text":"","selectorHint":"[data-loc=\"client/src/components/Header.tsx:51\"]"},"x":1291,"y":38}}
[2026-08-16T07:13:11.096Z] {"timestamp":1786864390109,"kind":"scroll","url":"http://localhost:3000/#workplaces","viewport":{"width":1440,"height":812},"payload":{"scrollX":0,"scrollY":794.5,"documentHeight":7532,"viewportHeight":812}}
[2026-08-16T07:13:11.096Z] {"timestamp":1786864390619,"kind":"scroll","url":"http://localhost:3000/#workplaces","viewport":{"width":1440,"height":812},"payload":{"scrollX":0,"scrollY":2364.5,"documentHeight":7532,"viewportHeight":812}}
[2026-08-16T07:13:13.093Z] {"timestamp":1786864391119,"kind":"scroll","url":"http://localhost:3000/#workplaces","viewport":{"width":1440,"height":812},"payload":{"scrollX":0,"scrollY":2619.5,"documentHeight":7532,"viewportHeight":812}}
[2026-08-16T07:13:13.093Z] {"timestamp":1786864391974,"kind":"scroll","url":"http://localhost:3000/#workplaces","viewport":{"width":1440,"height":812},"payload":{"scrollX":0,"scrollY":2099.5,"documentHeight":7532,"viewportHeight":812}}
[2026-08-16T07:13:13.093Z] {"timestamp":1786864392486,"kind":"scroll","url":"http://localhost:3000/#workplaces","viewport":{"width":1440,"height":812},"payload":{"scrollX":0,"scrollY":2918.5,"documentHeight":7532,"viewportHeight":812}}
[2026-08-16T07:13:13.093Z] {"timestamp":1786864392986,"kind":"scroll","url":"http://localhost:3000/#workplaces","viewport":{"width":1440,"height":812},"payload":{"scrollX":0,"scrollY":4974.5,"documentHeight":7532,"viewportHeight":812}}
[2026-08-16T07:13:15.093Z] {"timestamp":1786864393502,"kind":"scroll","url":"http://localhost:3000/#workplaces","viewport":{"width":1440,"height":812},"payload":{"scrollX":0,"scrollY":6436.5,"documentHeight":7532,"viewportHeight":812}}
[2026-08-16T07:13:15.093Z] {"timestamp":1786864394508,"kind":"scroll","url":"http://localhost:3000/#workplaces","viewport":{"width":1440,"height":812},"payload":{"scrollX":0,"scrollY":6719.5,"documentHeight":7532,"viewportHeight":812}}
[2026-08-16T07:13:15.093Z] {"timestamp":1786864395019,"kind":"scroll","url":"http://localhost:3000/#workplaces","viewport":{"width":1440,"height":812},"payload":{"scrollX":0,"scrollY":4221.5,"documentHeight":7532,"viewportHeight":812}}
[2026-08-16T07:13:17.094Z] {"timestamp":1786864395519,"kind":"scroll","url":"http://localhost:3000/#workplaces","viewport":{"width":1440,"height":812},"payload":{"scrollX":0,"scrollY":3304.5,"documentHeight":7532,"viewportHeight":812}}
[2026-08-16T07:13:17.094Z] {"timestamp":1786864396019,"kind":"scroll","url":"http://localhost:3000/#workplaces","viewport":{"width":1440,"height":812},"payload":{"scrollX":0,"scrollY":2803.5,"documentHeight":7532,"viewportHeight":812}}
[2026-08-16T07:13:17.094Z] {"timestamp":1786864396536,"kind":"scroll","url":"http://localhost:3000/#workplaces","viewport":{"width":1440,"height":812},"payload":{"scrollX":0,"scrollY":1749.5,"documentHeight":7532,"viewportHeight":812}}
[2026-08-16T07:13:19.093Z] {"timestamp":1786864398909,"kind":"scroll","url":"http://localhost:3000/#workplaces","viewport":{"width":1440,"height":812},"payload":{"scrollX":0,"scrollY":1712.5,"documentHeight":7532,"viewportHeight":812}}
[2026-08-16T07:13:21.094Z] {"timestamp":1786864399419,"kind":"scroll","url":"http://localhost:3000/#workplaces","viewport":{"width":1440,"height":812},"payload":{"scrollX":0,"scrollY":2602.5,"documentHeight":7532,"viewportHeight":812}}
[2026-08-16T07:13:21.094Z] {"timestamp":1786864399919,"kind":"scroll","url":"http://localhost:3000/#workplaces","viewport":{"width":1440,"height":812},"payload":{"scrollX":0,"scrollY":4511.5,"documentHeight":7532,"viewportHeight":812}}
[2026-08-16T07:13:21.094Z] {"timestamp":1786864400569,"kind":"scroll","url":"http://localhost:3000/#workplaces","viewport":{"width":1440,"height":812},"payload":{"scrollX":0,"scrollY":6706,"documentHeight":7532,"viewportHeight":812}}
[2026-08-16T07:13:21.094Z] {"timestamp":1786864401069,"kind":"scroll","url":"http://localhost:3000/#workplaces","viewport":{"width":1440,"height":812},"payload":{"scrollX":0,"scrollY":3134,"documentHeight":7532,"viewportHeight":812}}
[2026-08-16T07:13:23.093Z] {"timestamp":1786864402545,"kind":"click","url":"http://localhost:3000/#workplaces","viewport":{"width":1440,"height":812},"payload":{"target":{"tag":"button","id":null,"name":null,"type":null,"role":null,"ariaLabel":"Toggle theme","testId":null,"dataLoc":"client/src/components/Header.tsx:51","href":null,"text":"","selectorHint":"[data-loc=\"client/src/components/Header.tsx:51\"]"},"x":1317,"y":28}}
[2026-08-16T07:13:23.093Z] {"timestamp":1786864402872,"kind":"scroll","url":"http://localhost:3000/#workplaces","viewport":{"width":1440,"height":812},"payload":{"scrollX":0,"scrollY":1812,"documentHeight":7532,"viewportHeight":812}}
[2026-08-16T07:13:25.099Z] {"timestamp":1786864403695,"kind":"focusout","url":"http://localhost:3000/#workplaces","viewport":{"width":1440,"height":812},"payload":{"target":{"tag":"button","id":null,"name":null,"type":null,"role":null,"ariaLabel":"Toggle theme","testId":null,"dataLoc":"client/src/components/Header.tsx:51","href":null,"text":"","selectorHint":"[data-loc=\"client/src/components/Header.tsx:51\"]"},"value":null}}
[2026-08-16T07:13:25.099Z] {"timestamp":1786864403695,"kind":"focusin","url":"http://localhost:3000/#workplaces","viewport":{"width":1440,"height":812},"payload":{"target":{"tag":"a","id":null,"name":null,"type":null,"role":null,"ariaLabel":null,"testId":null,"dataLoc":"client/src/components/Header.tsx:38","href":"#contact","text":"Contact","selectorHint":"[data-loc=\"client/src/components/Header.tsx:38\"]"}}}
[2026-08-16T07:13:25.099Z] {"timestamp":1786864403777,"kind":"click","url":"http://localhost:3000/#workplaces","viewport":{"width":1440,"height":812},"payload":{"target":{"tag":"a","id":null,"name":null,"type":null,"role":null,"ariaLabel":null,"testId":null,"dataLoc":"client/src/components/Header.tsx:38","href":"#contact","text":"Contact","selectorHint":"[data-loc=\"client/src/components/Header.tsx:38\"]"},"x":877,"y":49}}
[2026-08-16T07:13:25.099Z] {"timestamp":1786864403779,"kind":"navigate","url":"http://localhost:3000/#contact","viewport":{"width":1440,"height":812},"payload":{"reason":"popstate"}}
[2026-08-16T07:13:25.099Z] {"timestamp":1786864403780,"kind":"focusout","url":"http://localhost:3000/#contact","viewport":{"width":1440,"height":812},"payload":{"target":{"tag":"a","id":null,"name":null,"type":null,"role":null,"ariaLabel":null,"testId":null,"dataLoc":"client/src/components/Header.tsx:38","href":"#contact","text":"Contact","selectorHint":"[data-loc=\"client/src/components/Header.tsx:38\"]"},"value":null}}
[2026-08-16T07:13:25.099Z] {"timestamp":1786864403787,"kind":"navigate","url":"http://localhost:3000/#contact","viewport":{"width":1440,"height":812},"payload":{"reason":"hashchange"}}
[2026-08-16T07:13:25.099Z] {"timestamp":1786864403818,"kind":"scroll","url":"http://localhost:3000/#contact","viewport":{"width":1440,"height":812},"payload":{"scrollX":0,"scrollY":456.5,"documentHeight":7532,"viewportHeight":812}}
[2026-08-16T07:13:25.099Z] {"timestamp":1786864404227,"kind":"focusin","url":"http://localhost:3000/#contact","viewport":{"width":1440,"height":812},"payload":{"target":{"tag":"a","id":null,"name":null,"type":null,"role":null,"ariaLabel":null,"testId":null,"dataLoc":"client/src/components/Header.tsx:38","href":"#experience","text":"Experience","selectorHint":"[data-loc=\"client/src/components/Header.tsx:38\"]"}}}
[2026-08-16T07:13:25.099Z] {"timestamp":1786864404310,"kind":"click","url":"http://localhost:3000/#contact","viewport":{"width":1440,"height":812},"payload":{"target":{"tag":"a","id":null,"name":null,"type":null,"role":null,"ariaLabel":null,"testId":null,"dataLoc":"client/src/components/Header.tsx:38","href":"#experience","text":"Experience","selectorHint":"[data-loc=\"client/src/components/Header.tsx:38\"]"},"x":812,"y":38}}
[2026-08-16T07:13:25.099Z] {"timestamp":1786864404310,"kind":"navigate","url":"http://localhost:3000/#experience","viewport":{"width":1440,"height":812},"payload":{"reason":"popstate"}}
[2026-08-16T07:13:25.099Z] {"timestamp":1786864404310,"kind":"focusout","url":"http://localhost:3000/#experience","viewport":{"width":1440,"height":812},"payload":{"target":{"tag":"a","id":null,"name":null,"type":null,"role":null,"ariaLabel":null,"testId":null,"dataLoc":"client/src/components/Header.tsx:38","href":"#experience","text":"Experience","selectorHint":"[data-loc=\"client/src/components/Header.tsx:38\"]"},"value":null}}
[2026-08-16T07:13:25.099Z] {"timestamp":1786864404318,"kind":"scroll","url":"http://localhost:3000/#experience","viewport":{"width":1440,"height":812},"payload":{"scrollX":0,"scrollY":3928,"documentHeight":7532,"viewportHeight":812}}
[2026-08-16T07:13:25.099Z] {"timestamp":1786864404319,"kind":"navigate","url":"http://localhost:3000/#experience","viewport":{"width":1440,"height":812},"payload":{"reason":"hashchange"}}
[2026-08-16T07:13:25.099Z] {"timestamp":1786864404811,"kind":"focusin","url":"http://localhost:3000/#experience","viewport":{"width":1440,"height":812},"payload":{"target":{"tag":"a","id":null,"name":null,"type":null,"role":null,"ariaLabel":null,"testId":null,"dataLoc":"client/src/components/Header.tsx:38","href":"#skills","text":"Skills","selectorHint":"[data-loc=\"client/src/components/Header.tsx:38\"]"}}}
[2026-08-16T07:13:25.099Z] {"timestamp":1786864404818,"kind":"scroll","url":"http://localhost:3000/#experience","viewport":{"width":1440,"height":812},"payload":{"scrollX":0,"scrollY":3074.5,"documentHeight":7532,"viewportHeight":812}}
[2026-08-16T07:13:25.099Z] {"timestamp":1786864404927,"kind":"click","url":"http://localhost:3000/#experience","viewport":{"width":1440,"height":812},"payload":{"target":{"tag":"a","id":null,"name":null,"type":null,"role":null,"ariaLabel":null,"testId":null,"dataLoc":"client/src/components/Header.tsx:38","href":"#skills","text":"Skills","selectorHint":"[data-loc=\"client/src/components/Header.tsx:38\"]"},"x":721,"y":38}}
[2026-08-16T07:13:25.099Z] {"timestamp":1786864404927,"kind":"navigate","url":"http://localhost:3000/#skills","viewport":{"width":1440,"height":812},"payload":{"reason":"popstate"}}
[2026-08-16T07:13:25.099Z] {"timestamp":1786864404928,"kind":"focusout","url":"http://localhost:3000/#skills","viewport":{"width":1440,"height":812},"payload":{"target":{"tag":"a","id":null,"name":null,"type":null,"role":null,"ariaLabel":null,"testId":null,"dataLoc":"client/src/components/Header.tsx:38","href":"#skills","text":"Skills","selectorHint":"[data-loc=\"client/src/components/Header.tsx:38\"]"},"value":null}}
[2026-08-16T07:13:25.099Z] {"timestamp":1786864404937,"kind":"navigate","url":"http://localhost:3000/#skills","viewport":{"width":1440,"height":812},"payload":{"reason":"hashchange"}}
[2026-08-16T07:13:27.095Z] {"timestamp":1786864405319,"kind":"scroll","url":"http://localhost:3000/#skills","viewport":{"width":1440,"height":812},"payload":{"scrollX":0,"scrollY":1997,"documentHeight":7532,"viewportHeight":812}}
[2026-08-16T07:13:27.096Z] {"timestamp":1786864405377,"kind":"focusin","url":"http://localhost:3000/#skills","viewport":{"width":1440,"height":812},"payload":{"target":{"tag":"a","id":null,"name":null,"type":null,"role":null,"ariaLabel":null,"testId":null,"dataLoc":"client/src/components/Header.tsx:38","href":"#about","text":"About","selectorHint":"[data-loc=\"client/src/components/Header.tsx:38\"]"}}}
[2026-08-16T07:13:27.096Z] {"timestamp":1786864405477,"kind":"click","url":"http://localhost:3000/#skills","viewport":{"width":1440,"height":812},"payload":{"target":{"tag":"a","id":null,"name":null,"type":null,"role":null,"ariaLabel":null,"testId":null,"dataLoc":"client/src/components/Header.tsx:38","href":"#about","text":"About","selectorHint":"[data-loc=\"client/src/components/Header.tsx:38\"]"},"x":651,"y":45}}
[2026-08-16T07:13:27.096Z] {"timestamp":1786864405478,"kind":"navigate","url":"http://localhost:3000/#about","viewport":{"width":1440,"height":812},"payload":{"reason":"popstate"}}
[2026-08-16T07:13:27.096Z] {"timestamp":1786864405478,"kind":"focusout","url":"http://localhost:3000/#about","viewport":{"width":1440,"height":812},"payload":{"target":{"tag":"a","id":null,"name":null,"type":null,"role":null,"ariaLabel":null,"testId":null,"dataLoc":"client/src/components/Header.tsx:38","href":"#about","text":"About","selectorHint":"[data-loc=\"client/src/components/Header.tsx:38\"]"},"value":null}}
[2026-08-16T07:13:27.096Z] {"timestamp":1786864405487,"kind":"navigate","url":"http://localhost:3000/#about","viewport":{"width":1440,"height":812},"payload":{"reason":"hashchange"}}
[2026-08-16T07:13:27.096Z] {"timestamp":1786864405826,"kind":"scroll","url":"http://localhost:3000/#about","viewport":{"width":1440,"height":812},"payload":{"scrollX":0,"scrollY":1023,"documentHeight":7532,"viewportHeight":812}}
[2026-08-16T07:13:27.096Z] {"timestamp":1786864406469,"kind":"scroll","url":"http://localhost:3000/#about","viewport":{"width":1440,"height":812},"payload":{"scrollX":0,"scrollY":1093,"documentHeight":7532,"viewportHeight":812}}
[2026-08-16T07:13:27.096Z] {"timestamp":1786864406969,"kind":"scroll","url":"http://localhost:3000/#about","viewport":{"width":1440,"height":812},"payload":{"scrollX":0,"scrollY":4064,"documentHeight":7532,"viewportHeight":812}}
[2026-08-16T07:15:22.752Z] {"timestamp":1786864521173,"kind":"scroll","url":"http://localhost:3000/#about","viewport":{"width":1440,"height":812},"payload":{"scrollX":0,"scrollY":6719,"documentHeight":7532,"viewportHeight":812}}
[2026-08-16T07:15:22.754Z] {"timestamp":1786864522642,"kind":"focusin","url":"http://localhost:3000/#about","viewport":{"width":1440,"height":812},"payload":{"target":{"tag":"a","id":null,"name":null,"type":null,"role":null,"ariaLabel":"Pisey Suon home","testId":null,"dataLoc":"client/src/components/Header.tsx:22","href":"/","text":"PS Pisey Suon","selectorHint":"[data-loc=\"client/src/components/Header.tsx:22\"]"}}}
[2026-08-16T07:15:22.754Z] {"timestamp":1786864522741,"kind":"click","url":"http://localhost:3000/#about","viewport":{"width":1440,"height":812},"payload":{"target":{"tag":"span","id":null,"name":null,"type":null,"role":null,"ariaLabel":null,"testId":null,"dataLoc":"client/src/components/Header.tsx:30","href":null,"text":"Pisey Suon","selectorHint":"[data-loc=\"client/src/components/Header.tsx:30\"]"},"x":172,"y":48}}
[2026-08-16T07:15:38.843Z] {"timestamp":1786864538655,"kind":"scroll","url":"http://localhost:3000/","viewport":{"width":1440,"height":812},"payload":{"scrollX":0,"scrollY":1,"documentHeight":7532,"viewportHeight":812}}
[2026-08-16T07:15:40.850Z] {"timestamp":1786864539155,"kind":"scroll","url":"http://localhost:3000/","viewport":{"width":1440,"height":812},"payload":{"scrollX":0,"scrollY":481,"documentHeight":7532,"viewportHeight":812}}
[2026-08-16T07:15:40.850Z] {"timestamp":1786864539818,"kind":"scroll","url":"http://localhost:3000/","viewport":{"width":1440,"height":812},"payload":{"scrollX":0,"scrollY":226,"documentHeight":7532,"viewportHeight":812}}
[2026-08-16T07:15:42.849Z] {"timestamp":1786864540852,"kind":"scroll","url":"http://localhost:3000/","viewport":{"width":1440,"height":812},"payload":{"scrollX":0,"scrollY":545,"documentHeight":7532,"viewportHeight":812}}
[2026-08-16T07:15:42.849Z] {"timestamp":1786864541827,"kind":"scroll","url":"http://localhost:3000/","viewport":{"width":1440,"height":812},"payload":{"scrollX":0,"scrollY":649,"documentHeight":7532,"viewportHeight":812}}
[2026-08-16T07:15:42.849Z] {"timestamp":1786864542338,"kind":"scroll","url":"http://localhost:3000/","viewport":{"width":1440,"height":812},"payload":{"scrollX":0,"scrollY":1439,"documentHeight":7532,"viewportHeight":812}}
[2026-08-16T07:15:44.854Z] {"timestamp":1786864543262,"kind":"scroll","url":"http://localhost:3000/","viewport":{"width":1440,"height":812},"payload":{"scrollX":0,"scrollY":1786,"documentHeight":7532,"viewportHeight":812}}
[2026-08-16T07:15:44.854Z] {"timestamp":1786864543773,"kind":"scroll","url":"http://localhost:3000/","viewport":{"width":1440,"height":812},"payload":{"scrollX":0,"scrollY":2726,"documentHeight":7532,"viewportHeight":812}}
[2026-08-16T07:15:46.857Z] {"timestamp":1786864544948,"kind":"scroll","url":"http://localhost:3000/","viewport":{"width":1440,"height":812},"payload":{"scrollX":0,"scrollY":3106,"documentHeight":7532,"viewportHeight":812}}
[2026-08-16T07:15:46.857Z] {"timestamp":1786864545459,"kind":"scroll","url":"http://localhost:3000/","viewport":{"width":1440,"height":812},"payload":{"scrollX":0,"scrollY":3137,"documentHeight":7532,"viewportHeight":812}}
[2026-08-16T07:15:48.857Z] {"timestamp":1786864548112,"kind":"scroll","url":"http://localhost:3000/","viewport":{"width":1440,"height":812},"payload":{"scrollX":0,"scrollY":2872,"documentHeight":7532,"viewportHeight":812}}
[2026-08-16T07:15:48.857Z] {"timestamp":1786864548612,"kind":"scroll","url":"http://localhost:3000/","viewport":{"width":1440,"height":812},"payload":{"scrollX":0,"scrollY":3221,"documentHeight":7532,"viewportHeight":812}}
[2026-08-16T07:15:50.858Z] {"timestamp":1786864549113,"kind":"scroll","url":"http://localhost:3000/","viewport":{"width":1440,"height":812},"payload":{"scrollX":0,"scrollY":3720,"documentHeight":7532,"viewportHeight":812}}
[2026-08-16T07:15:50.858Z] {"timestamp":1786864549613,"kind":"scroll","url":"http://localhost:3000/","viewport":{"width":1440,"height":812},"payload":{"scrollX":0,"scrollY":5023,"documentHeight":7532,"viewportHeight":812}}
[2026-08-16T07:15:50.858Z] {"timestamp":1786864550113,"kind":"scroll","url":"http://localhost:3000/","viewport":{"width":1440,"height":812},"payload":{"scrollX":0,"scrollY":6003,"documentHeight":7532,"viewportHeight":812}}
[2026-08-16T07:15:52.862Z] {"timestamp":1786864551014,"kind":"scroll","url":"http://localhost:3000/","viewport":{"width":1440,"height":812},"payload":{"scrollX":0,"scrollY":6706,"documentHeight":7532,"viewportHeight":812}}
[2026-08-16T07:15:52.862Z] {"timestamp":1786864551554,"kind":"scroll","url":"http://localhost:3000/","viewport":{"width":1440,"height":812},"payload":{"scrollX":0,"scrollY":6139,"documentHeight":7532,"viewportHeight":812}}
[2026-08-16T07:15:52.862Z] {"timestamp":1786864552339,"kind":"scroll","url":"http://localhost:3000/","viewport":{"width":1440,"height":812},"payload":{"scrollX":0,"scrollY":6467,"documentHeight":7532,"viewportHeight":812}}
[2026-08-16T07:15:54.863Z] {"timestamp":1786864553089,"kind":"scroll","url":"http://localhost:3000/","viewport":{"width":1440,"height":812},"payload":{"scrollX":0,"scrollY":6134,"documentHeight":7532,"viewportHeight":812}}
[2026-08-16T07:15:54.863Z] {"timestamp":1786864553600,"kind":"scroll","url":"http://localhost:3000/","viewport":{"width":1440,"height":812},"payload":{"scrollX":0,"scrollY":5568,"documentHeight":7532,"viewportHeight":812}}
[2026-08-16T07:15:56.864Z] {"timestamp":1786864555276,"kind":"click","url":"http://localhost:3000/","viewport":{"width":1440,"height":812},"payload":{"target":{"tag":"h2","id":null,"name":null,"type":null,"role":null,"ariaLabel":null,"testId":null,"dataLoc":"client/src/components/Contact.tsx:95","href":null,"text":"Get In Touch","selectorHint":"[data-loc=\"client/src/components/Contact.tsx:95\"]"},"x":196,"y":372}}
[2026-08-16T07:15:56.864Z] {"timestamp":1786864555426,"kind":"click","url":"http://localhost:3000/","viewport":{"width":1440,"height":812},"payload":{"target":{"tag":"h2","id":null,"name":null,"type":null,"role":null,"ariaLabel":null,"testId":null,"dataLoc":"client/src/components/Contact.tsx:95","href":null,"text":"Get In Touch","selectorHint":"[data-loc=\"client/src/components/Contact.tsx:95\"]"},"x":196,"y":372}}
[2026-08-16T07:15:56.864Z] {"timestamp":1786864555559,"kind":"click","url":"http://localhost:3000/","viewport":{"width":1440,"height":812},"payload":{"target":{"tag":"h2","id":null,"name":null,"type":null,"role":null,"ariaLabel":null,"testId":null,"dataLoc":"client/src/components/Contact.tsx:95","href":null,"text":"Get In Touch","selectorHint":"[data-loc=\"client/src/components/Contact.tsx:95\"]"},"x":196,"y":372}}
[2026-08-16T07:16:58.878Z] {"timestamp":1786864617544,"kind":"scroll","url":"http://localhost:3000/","viewport":{"width":1440,"height":812},"payload":{"scrollX":0,"scrollY":5482,"documentHeight":6867,"viewportHeight":812}}
[2026-08-16T07:16:58.878Z] {"timestamp":1786864618133,"kind":"scroll","url":"http://localhost:3000/","viewport":{"width":1440,"height":812},"payload":{"scrollX":0,"scrollY":5722,"documentHeight":6867,"viewportHeight":812}}
[2026-08-16T07:16:58.878Z] {"timestamp":1786864618643,"kind":"scroll","url":"http://localhost:3000/","viewport":{"width":1440,"height":812},"payload":{"scrollX":0,"scrollY":5748,"documentHeight":6867,"viewportHeight":812}}
[2026-08-16T07:17:01.999Z] {"timestamp":1786864620074,"kind":"scroll","url":"http://localhost:3000/","viewport":{"width":1440,"height":812},"payload":{"scrollX":0,"scrollY":5542,"documentHeight":6867,"viewportHeight":812}}
[2026-08-16T07:17:01.999Z] {"timestamp":1786864620650,"kind":"scroll","url":"http://localhost:3000/","viewport":{"width":1440,"height":812},"payload":{"scrollX":0,"scrollY":5543,"documentHeight":6867,"viewportHeight":812}}
[2026-08-16T07:17:01.999Z] {"timestamp":1786864621160,"kind":"scroll","url":"http://localhost:3000/","viewport":{"width":1440,"height":812},"payload":{"scrollX":0,"scrollY":5766,"documentHeight":6867,"viewportHeight":812}}
[2026-08-16T07:17:01.999Z] {"timestamp":1786864621777,"kind":"scroll","url":"http://localhost:3000/","viewport":{"width":1440,"height":812},"payload":{"scrollX":0,"scrollY":5395,"documentHeight":6867,"viewportHeight":812}}
[2026-08-16T07:17:03.999Z] {"timestamp":1786864622293,"kind":"scroll","url":"http://localhost:3000/","viewport":{"width":1440,"height":812},"payload":{"scrollX":0,"scrollY":5137,"documentHeight":6867,"viewportHeight":812}}
[2026-08-16T07:17:03.999Z] {"timestamp":1786864622797,"kind":"scroll","url":"http://localhost:3000/","viewport":{"width":1440,"height":812},"payload":{"scrollX":0,"scrollY":4379,"documentHeight":6867,"viewportHeight":812}}
[2026-08-16T07:17:03.999Z] {"timestamp":1786864623310,"kind":"scroll","url":"http://localhost:3000/","viewport":{"width":1440,"height":812},"payload":{"scrollX":0,"scrollY":3879,"documentHeight":6867,"viewportHeight":812}}
[2026-08-16T07:17:03.999Z] {"timestamp":1786864623810,"kind":"scroll","url":"http://localhost:3000/","viewport":{"width":1440,"height":812},"payload":{"scrollX":0,"scrollY":3481,"documentHeight":6867,"viewportHeight":812}}
[2026-08-16T07:17:05.998Z] {"timestamp":1786864624583,"kind":"scroll","url":"http://localhost:3000/","viewport":{"width":1440,"height":812},"payload":{"scrollX":0,"scrollY":2798,"documentHeight":6867,"viewportHeight":812}}
[2026-08-16T07:17:05.998Z] {"timestamp":1786864625194,"kind":"scroll","url":"http://localhost:3000/","viewport":{"width":1440,"height":812},"payload":{"scrollX":0,"scrollY":3213,"documentHeight":6867,"viewportHeight":812}}
[2026-08-16T07:17:05.998Z] {"timestamp":1786864625694,"kind":"scroll","url":"http://localhost:3000/","viewport":{"width":1440,"height":812},"payload":{"scrollX":0,"scrollY":3279,"documentHeight":6867,"viewportHeight":812}}
[2026-08-16T07:17:26.000Z] {"timestamp":1786864645043,"kind":"scroll","url":"http://localhost:3000/","viewport":{"width":1440,"height":812},"payload":{"scrollX":0,"scrollY":3407,"documentHeight":5954,"viewportHeight":812}}
[2026-08-16T07:17:26.000Z] {"timestamp":1786864645594,"kind":"scroll","url":"http://localhost:3000/","viewport":{"width":1440,"height":812},"payload":{"scrollX":0,"scrollY":2878,"documentHeight":5954,"viewportHeight":812}}
[2026-08-16T07:17:27.998Z] {"timestamp":1786864646110,"kind":"scroll","url":"http://localhost:3000/","viewport":{"width":1440,"height":812},"payload":{"scrollX":0,"scrollY":4510,"documentHeight":5954,"viewportHeight":812}}
[2026-08-16T07:17:27.998Z] {"timestamp":1786864646627,"kind":"scroll","url":"http://localhost:3000/","viewport":{"width":1440,"height":812},"payload":{"scrollX":0,"scrollY":5116,"documentHeight":5954,"viewportHeight":812}}
[2026-08-16T07:17:27.998Z] {"timestamp":1786864647282,"kind":"scroll","url":"http://localhost:3000/","viewport":{"width":1440,"height":812},"payload":{"scrollX":0,"scrollY":4729,"documentHeight":5954,"viewportHeight":812}}
[2026-08-16T07:17:27.998Z] {"timestamp":1786864647917,"kind":"scroll","url":"http://localhost:3000/","viewport":{"width":1440,"height":812},"payload":{"scrollX":0,"scrollY":4216,"documentHeight":5954,"viewportHeight":812}}
[2026-08-16T07:17:29.998Z] {"timestamp":1786864648427,"kind":"scroll","url":"http://localhost:3000/","viewport":{"width":1440,"height":812},"payload":{"scrollX":0,"scrollY":3806,"documentHeight":5954,"viewportHeight":812}}
[2026-08-16T07:17:29.998Z] {"timestamp":1786864648927,"kind":"scroll","url":"http://localhost:3000/","viewport":{"width":1440,"height":812},"payload":{"scrollX":0,"scrollY":3160,"documentHeight":5954,"viewportHeight":812}}
[2026-08-16T07:17:29.998Z] {"timestamp":1786864649428,"kind":"scroll","url":"http://localhost:3000/","viewport":{"width":1440,"height":812},"payload":{"scrollX":0,"scrollY":2808,"documentHeight":5954,"viewportHeight":812}}
[2026-08-16T07:17:29.998Z] {"timestamp":1786864649943,"kind":"scroll","url":"http://localhost:3000/","viewport":{"width":1440,"height":812},"payload":{"scrollX":0,"scrollY":2621,"documentHeight":5954,"viewportHeight":812}}
[2026-08-16T07:17:31.999Z] {"timestamp":1786864650527,"kind":"scroll","url":"http://localhost:3000/","viewport":{"width":1440,"height":812},"payload":{"scrollX":0,"scrollY":2157,"documentHeight":5954,"viewportHeight":812}}
[2026-08-16T07:17:31.999Z] {"timestamp":1786864651819,"kind":"click","url":"http://localhost:3000/","viewport":{"width":1440,"height":812},"payload":{"target":{"tag":"h2","id":null,"name":null,"type":null,"role":null,"ariaLabel":null,"testId":null,"dataLoc":"client/src/components/Skills.tsx:53","href":null,"text":"Skills & Expertise","selectorHint":"[data-loc=\"client/src/components/Skills.tsx:53\"]"},"x":255,"y":132}}
[2026-08-16T07:17:31.999Z] {"timestamp":1786864651985,"kind":"click","url":"http://localhost:3000/","viewport":{"width":1440,"height":812},"payload":{"target":{"tag":"h2","id":null,"name":null,"type":null,"role":null,"ariaLabel":null,"testId":null,"dataLoc":"client/src/components/Skills.tsx:53","href":null,"text":"Skills & Expertise","selectorHint":"[data-loc=\"client/src/components/Skills.tsx:53\"]"},"x":255,"y":132}}
[2026-08-16T07:17:33.998Z] {"timestamp":1786864652102,"kind":"click","url":"http://localhost:3000/","viewport":{"width":1440,"height":812},"payload":{"target":{"tag":"h2","id":null,"name":null,"type":null,"role":null,"ariaLabel":null,"testId":null,"dataLoc":"client/src/components/Skills.tsx:53","href":null,"text":"Skills & Expertise","selectorHint":"[data-loc=\"client/src/components/Skills.tsx:53\"]"},"x":255,"y":132}}
[2026-08-16T07:17:54.002Z] {"timestamp":1786864672443,"kind":"scroll","url":"http://localhost:3000/","viewport":{"width":1440,"height":812},"payload":{"scrollX":0,"scrollY":1839,"documentHeight":5954,"viewportHeight":812}}
[2026-08-16T07:17:54.002Z] {"timestamp":1786864673384,"kind":"scroll","url":"http://localhost:3000/","viewport":{"width":1440,"height":812},"payload":{"scrollX":0,"scrollY":2029,"documentHeight":5954,"viewportHeight":812}}
[2026-08-16T07:17:54.002Z] {"timestamp":1786864673893,"kind":"scroll","url":"http://localhost:3000/","viewport":{"width":1440,"height":812},"payload":{"scrollX":0,"scrollY":1601,"documentHeight":5954,"viewportHeight":812}}
[2026-08-16T07:17:55.999Z] {"timestamp":1786864674683,"kind":"scroll","url":"http://localhost:3000/","viewport":{"width":1440,"height":812},"payload":{"scrollX":0,"scrollY":1341,"documentHeight":5954,"viewportHeight":812}}
[2026-08-16T07:17:55.999Z] {"timestamp":1786864675210,"kind":"scroll","url":"http://localhost:3000/","viewport":{"width":1440,"height":812},"payload":{"scrollX":0,"scrollY":1003,"documentHeight":5954,"viewportHeight":812}}
[2026-08-16T07:17:55.999Z] {"timestamp":1786864675727,"kind":"scroll","url":"http://localhost:3000/","viewport":{"width":1440,"height":812},"payload":{"scrollX":0,"scrollY":821,"documentHeight":5954,"viewportHeight":812}}
[2026-08-16T07:17:57.998Z] {"timestamp":1786864676427,"kind":"scroll","url":"http://localhost:3000/","viewport":{"width":1440,"height":812},"payload":{"scrollX":0,"scrollY":764,"documentHeight":5954,"viewportHeight":812}}
[2026-08-16T07:17:57.998Z] {"timestamp":1786864677133,"kind":"scroll","url":"http://localhost:3000/","viewport":{"width":1440,"height":812},"payload":{"scrollX":0,"scrollY":709,"documentHeight":5954,"viewportHeight":812}}
[2026-08-16T07:17:57.998Z] {"timestamp":1786864677644,"kind":"scroll","url":"http://localhost:3000/","viewport":{"width":1440,"height":812},"payload":{"scrollX":0,"scrollY":933,"documentHeight":5954,"viewportHeight":812}}
[2026-08-16T07:17:59.998Z] {"timestamp":1786864678693,"kind":"scroll","url":"http://localhost:3000/","viewport":{"width":1440,"height":812},"payload":{"scrollX":0,"scrollY":1064,"documentHeight":5954,"viewportHeight":812}}
[2026-08-16T07:17:59.998Z] {"timestamp":1786864679199,"kind":"scroll","url":"http://localhost:3000/","viewport":{"width":1440,"height":812},"payload":{"scrollX":0,"scrollY":1235,"documentHeight":5954,"viewportHeight":812}}
[2026-08-16T07:17:59.998Z] {"timestamp":1786864679710,"kind":"scroll","url":"http://localhost:3000/","viewport":{"width":1440,"height":812},"payload":{"scrollX":0,"scrollY":1606,"documentHeight":5954,"viewportHeight":812}}
[2026-08-16T07:18:01.999Z] {"timestamp":1786864680210,"kind":"scroll","url":"http://localhost:3000/","viewport":{"width":1440,"height":812},"payload":{"scrollX":0,"scrollY":2201,"documentHeight":5954,"viewportHeight":812}}
[2026-08-16T07:18:01.999Z] {"timestamp":1786864680710,"kind":"scroll","url":"http://localhost:3000/","viewport":{"width":1440,"height":812},"payload":{"scrollX":0,"scrollY":2368,"documentHeight":5954,"viewportHeight":812}}
[2026-08-16T07:18:01.999Z] {"timestamp":1786864681210,"kind":"scroll","url":"http://localhost:3000/","viewport":{"width":1440,"height":812},"payload":{"scrollX":0,"scrollY":2957,"documentHeight":5954,"viewportHeight":812}}
[2026-08-16T07:18:01.999Z] {"timestamp":1786864681826,"kind":"scroll","url":"http://localhost:3000/","viewport":{"width":1440,"height":812},"payload":{"scrollX":0,"scrollY":3135,"documentHeight":5954,"viewportHeight":812}}
[2026-08-16T07:18:03.999Z] {"timestamp":1786864682383,"kind":"scroll","url":"http://localhost:3000/","viewport":{"width":1440,"height":812},"payload":{"scrollX":0,"scrollY":3524,"documentHeight":5954,"viewportHeight":812}}
[2026-08-16T07:18:03.999Z] {"timestamp":1786864682942,"kind":"scroll","url":"http://localhost:3000/","viewport":{"width":1440,"height":812},"payload":{"scrollX":0,"scrollY":4123,"documentHeight":5954,"viewportHeight":812}}
[2026-08-16T07:18:03.999Z] {"timestamp":1786864683444,"kind":"scroll","url":"http://localhost:3000/","viewport":{"width":1440,"height":812},"payload":{"scrollX":0,"scrollY":4165,"documentHeight":5954,"viewportHeight":812}}
[2026-08-16T07:18:03.999Z] {"timestamp":1786864683960,"kind":"scroll","url":"http://localhost:3000/","viewport":{"width":1440,"height":812},"payload":{"scrollX":0,"scrollY":4505,"documentHeight":5954,"viewportHeight":812}}
[2026-08-16T07:18:08.001Z] {"timestamp":1786864686810,"kind":"scroll","url":"http://localhost:3000/","viewport":{"width":1440,"height":812},"payload":{"scrollX":0,"scrollY":5133.5,"documentHeight":5954,"viewportHeight":812}}
[2026-08-16T07:18:08.001Z] {"timestamp":1786864687750,"kind":"scroll","url":"http://localhost:3000/","viewport":{"width":1440,"height":812},"payload":{"scrollX":0,"scrollY":5070.5,"documentHeight":5954,"viewportHeight":812}}
[2026-08-16T07:18:09.998Z] {"timestamp":1786864688883,"kind":"scroll","url":"http://localhost:3000/","viewport":{"width":1440,"height":812},"payload":{"scrollX":0,"scrollY":5141.5,"documentHeight":5954,"viewportHeight":812}}
[2026-08-16T07:18:13.998Z] {"timestamp":1786864692722,"kind":"click","url":"http://localhost:3000/","viewport":{"width":1440,"height":812},"payload":{"target":{"tag":"h3","id":null,"name":null,"type":null,"role":null,"ariaLabel":null,"testId":null,"dataLoc":"client/src/components/Footer.tsx:94","href":null,"text":"NAVIGATION","selectorHint":"[data-loc=\"client/src/components/Footer.tsx:94\"]"},"x":731,"y":450}}
[2026-08-16T07:18:13.998Z] {"timestamp":1786864693251,"kind":"click","url":"http://localhost:3000/","viewport":{"width":1440,"height":812},"payload":{"target":{"tag":"li","id":null,"name":null,"type":null,"role":null,"ariaLabel":null,"testId":null,"dataLoc":"client/src/components/Footer.tsx:107","href":null,"text":"Projects","selectorHint":"[data-loc=\"client/src/components/Footer.tsx:107\"]"},"x":751,"y":571}}
[2026-08-16T07:18:16.000Z] {"timestamp":1786864695294,"kind":"scroll","url":"http://localhost:3000/","viewport":{"width":1440,"height":812},"payload":{"scrollX":0,"scrollY":5123.5,"documentHeight":5954,"viewportHeight":812}}
[2026-08-16T07:18:17.999Z] {"timestamp":1786864697522,"kind":"click","url":"http://localhost:3000/","viewport":{"width":1440,"height":812},"payload":{"target":{"tag":"p","id":null,"name":null,"type":null,"role":null,"ariaLabel":null,"testId":null,"dataLoc":"client/src/components/Footer.tsx:176","href":null,"text":"© 2026 Pisey Suon. Designed and built with care.","selectorHint":"[data-loc=\"client/src/components/Footer.tsx:176\"]"},"x":343,"y":728}}
[2026-08-16T07:18:17.999Z] {"timestamp":1786864697934,"kind":"click","url":"http://localhost:3000/","viewport":{"width":1440,"height":812},"payload":{"target":{"tag":"p","id":null,"name":null,"type":null,"role":null,"ariaLabel":null,"testId":null,"dataLoc":"client/src/components/Footer.tsx:176","href":null,"text":"© 2026 Pisey Suon. Designed and built with care.","selectorHint":"[data-loc=\"client/src/components/Footer.tsx:176\"]"},"x":379,"y":729}}
[2026-08-16T07:18:19.999Z] {"timestamp":1786864698101,"kind":"click","url":"http://localhost:3000/","viewport":{"width":1440,"height":812},"payload":{"target":{"tag":"p","id":null,"name":null,"type":null,"role":null,"ariaLabel":null,"testId":null,"dataLoc":"client/src/components/Footer.tsx:176","href":null,"text":"© 2026 Pisey Suon. Designed and built with care.","selectorHint":"[data-loc=\"client/src/components/Footer.tsx:176\"]"},"x":379,"y":729}}
[2026-08-16T07:18:19.999Z] {"timestamp":1786864698234,"kind":"click","url":"http://localhost:3000/","viewport":{"width":1440,"height":812},"payload":{"target":{"tag":"p","id":null,"name":null,"type":null,"role":null,"ariaLabel":null,"testId":null,"dataLoc":"client/src/components/Footer.tsx:176","href":null,"text":"© 2026 Pisey Suon. Designed and built with care.","selectorHint":"[data-loc=\"client/src/components/Footer.tsx:176\"]"},"x":379,"y":729}}
[2026-08-16T07:18:19.999Z] {"timestamp":1786864699318,"kind":"click","url":"http://localhost:3000/","viewport":{"width":1440,"height":812},"payload":{"target":{"tag":"p","id":null,"name":null,"type":null,"role":null,"ariaLabel":null,"testId":null,"dataLoc":"client/src/components/Footer.tsx:176","href":null,"text":"© 2026 Pisey Suon. Designed and built with care.","selectorHint":"[data-loc=\"client/src/components/Footer.tsx:176\"]"},"x":426,"y":733}}
[2026-08-16T07:18:19.999Z] {"timestamp":1786864699584,"kind":"click","url":"http://localhost:3000/","viewport":{"width":1440,"height":812},"payload":{"target":{"tag":"p","id":null,"name":null,"type":null,"role":null,"ariaLabel":null,"testId":null,"dataLoc":"client/src/components/Footer.tsx:176","href":null,"text":"© 2026 Pisey Suon. Designed and built with care.","selectorHint":"[data-loc=\"client/src/components/Footer.tsx:176\"]"},"x":426,"y":733}}
[2026-08-16T07:18:19.999Z] {"timestamp":1786864699751,"kind":"click","url":"http://localhost:3000/","viewport":{"width":1440,"height":812},"payload":{"target":{"tag":"p","id":null,"name":null,"type":null,"role":null,"ariaLabel":null,"testId":null,"dataLoc":"client/src/components/Footer.tsx:176","href":null,"text":"© 2026 Pisey Suon. Designed and built with care.","selectorHint":"[data-loc=\"client/src/components/Footer.tsx:176\"]"},"x":426,"y":733}}
[2026-08-16T07:18:19.999Z] {"timestamp":1786864699901,"kind":"click","url":"http://localhost:3000/","viewport":{"width":1440,"height":812},"payload":{"target":{"tag":"p","id":null,"name":null,"type":null,"role":null,"ariaLabel":null,"testId":null,"dataLoc":"client/src/components/Footer.tsx:176","href":null,"text":"© 2026 Pisey Suon. Designed and built with care.","selectorHint":"[data-loc=\"client/src/components/Footer.tsx:176\"]"},"x":426,"y":733}}
[2026-08-16T07:18:21.999Z] {"timestamp":1786864700418,"kind":"click","url":"http://localhost:3000/","viewport":{"width":1440,"height":812},"payload":{"target":{"tag":"div","id":null,"name":null,"type":null,"role":null,"ariaLabel":null,"testId":null,"dataLoc":"client/src/components/Footer.tsx:170","href":null,"text":"© 2026 Pisey Suon. Designed and built with care. Back to top","selectorHint":"[data-loc=\"client/src/components/Footer.tsx:170\"]"},"x":434,"y":746}}
[2026-08-16T07:18:21.999Z] {"timestamp":1786864700568,"kind":"click","url":"http://localhost:3000/","viewport":{"width":1440,"height":812},"payload":{"target":{"tag":"div","id":null,"name":null,"type":null,"role":null,"ariaLabel":null,"testId":null,"dataLoc":"client/src/components/Footer.tsx:170","href":null,"text":"© 2026 Pisey Suon. Designed and built with care. Back to top","selectorHint":"[data-loc=\"client/src/components/Footer.tsx:170\"]"},"x":434,"y":746}}
[2026-08-16T07:18:21.999Z] {"timestamp":1786864700734,"kind":"click","url":"http://localhost:3000/","viewport":{"width":1440,"height":812},"payload":{"target":{"tag":"div","id":null,"name":null,"type":null,"role":null,"ariaLabel":null,"testId":null,"dataLoc":"client/src/components/Footer.tsx:170","href":null,"text":"© 2026 Pisey Suon. Designed and built with care. Back to top","selectorHint":"[data-loc=\"client/src/components/Footer.tsx:170\"]"},"x":434,"y":746}}
[2026-08-16T07:18:21.999Z] {"timestamp":1786864701434,"kind":"click","url":"http://localhost:3000/","viewport":{"width":1440,"height":812},"payload":{"target":{"tag":"div","id":null,"name":null,"type":null,"role":null,"ariaLabel":null,"testId":null,"dataLoc":"client/src/components/Footer.tsx:170","href":null,"text":"© 2026 Pisey Suon. Designed and built with care. Back to top","selectorHint":"[data-loc=\"client/src/components/Footer.tsx:170\"]"},"x":446,"y":719}}
[2026-08-16T07:18:23.998Z] {"timestamp":1786864702166,"kind":"scroll","url":"http://localhost:3000/","viewport":{"width":1440,"height":812},"payload":{"scrollX":0,"scrollY":5141.5,"documentHeight":5954,"viewportHeight":812}}
[2026-08-16T07:18:23.998Z] {"timestamp":1786864702676,"kind":"scroll","url":"http://localhost:3000/","viewport":{"width":1440,"height":812},"payload":{"scrollX":0,"scrollY":4624.5,"documentHeight":5954,"viewportHeight":812}}
[2026-08-16T07:18:23.998Z] {"timestamp":1786864703176,"kind":"scroll","url":"http://localhost:3000/","viewport":{"width":1440,"height":812},"payload":{"scrollX":0,"scrollY":3999.5,"documentHeight":5954,"viewportHeight":812}}
[2026-08-16T07:18:23.998Z] {"timestamp":1786864703776,"kind":"scroll","url":"http://localhost:3000/","viewport":{"width":1440,"height":812},"payload":{"scrollX":0,"scrollY":3498.5,"documentHeight":5954,"viewportHeight":812}}
[2026-08-16T07:18:26.000Z] {"timestamp":1786864704277,"kind":"scroll","url":"http://localhost:3000/","viewport":{"width":1440,"height":812},"payload":{"scrollX":0,"scrollY":2271.5,"documentHeight":5954,"viewportHeight":812}}
[2026-08-16T07:18:26.000Z] {"timestamp":1786864704883,"kind":"scroll","url":"http://localhost:3000/","viewport":{"width":1440,"height":812},"payload":{"scrollX":0,"scrollY":708.5,"documentHeight":5954,"viewportHeight":812}}
[2026-08-16T07:18:26.000Z] {"timestamp":1786864705393,"kind":"scroll","url":"http://localhost:3000/","viewport":{"width":1440,"height":812},"payload":{"scrollX":0,"scrollY":3190.5,"documentHeight":5954,"viewportHeight":812}}
[2026-08-16T07:18:29.999Z] {"timestamp":1786864708466,"kind":"scroll","url":"http://localhost:3000/","viewport":{"width":1440,"height":812},"payload":{"scrollX":0,"scrollY":5141.5,"documentHeight":5954,"viewportHeight":812}}
[2026-08-16T07:18:29.999Z] {"timestamp":1786864709310,"kind":"scroll","url":"http://localhost:3000/","viewport":{"width":1440,"height":812},"payload":{"scrollX":0,"scrollY":5120.5,"documentHeight":5954,"viewportHeight":812}}
[2026-08-16T07:18:29.999Z] {"timestamp":1786864709810,"kind":"scroll","url":"http://localhost:3000/","viewport":{"width":1440,"height":812},"payload":{"scrollX":0,"scrollY":2812.5,"documentHeight":5954,"viewportHeight":812}}
[2026-08-16T07:18:31.998Z] {"timestamp":1786864710383,"kind":"scroll","url":"http://localhost:3000/","viewport":{"width":1440,"height":812},"payload":{"scrollX":0,"scrollY":1421.5,"documentHeight":5954,"viewportHeight":812}}
[2026-08-16T07:18:31.998Z] {"timestamp":1786864711467,"kind":"scroll","url":"http://localhost:3000/","viewport":{"width":1440,"height":812},"payload":{"scrollX":0,"scrollY":750.5,"documentHeight":5954,"viewportHeight":812}}
[2026-08-16T07:18:33.999Z] {"timestamp":1786864713070,"kind":"focusin","url":"http://localhost:3000/","viewport":{"width":1440,"height":812},"payload":{"target":{"tag":"button","id":null,"name":null,"type":null,"role":null,"ariaLabel":"Toggle theme","testId":null,"dataLoc":"client/src/components/Header.tsx:51","href":null,"text":"","selectorHint":"[data-loc=\"client/src/components/Header.tsx:51\"]"}}}
[2026-08-16T07:18:33.999Z] {"timestamp":1786864713234,"kind":"click","url":"http://localhost:3000/","viewport":{"width":1440,"height":812},"payload":{"target":{"tag":"svg","id":null,"name":null,"type":null,"role":null,"ariaLabel":null,"testId":null,"dataLoc":"client/src/components/Header.tsx:57","href":null,"text":"","selectorHint":"[data-loc=\"client/src/components/Header.tsx:57\"]"},"x":1307,"y":44}}
[2026-08-16T07:18:33.999Z] {"timestamp":1786864713949,"kind":"scroll","url":"http://localhost:3000/","viewport":{"width":1440,"height":812},"payload":{"scrollX":0,"scrollY":732.5,"documentHeight":5954,"viewportHeight":812}}
[2026-08-16T07:18:35.998Z] {"timestamp":1786864714460,"kind":"scroll","url":"http://localhost:3000/","viewport":{"width":1440,"height":812},"payload":{"scrollX":0,"scrollY":11.5,"documentHeight":5954,"viewportHeight":812}}
[2026-08-16T07:18:35.998Z] {"timestamp":1786864714960,"kind":"scroll","url":"http://localhost:3000/","viewport":{"width":1440,"height":812},"payload":{"scrollX":0,"scrollY":3148.5,"documentHeight":5954,"viewportHeight":812}}
[2026-08-16T07:18:35.998Z] {"timestamp":1786864715892,"kind":"focusout","url":"http://localhost:3000/","viewport":{"width":1440,"height":812},"payload":{"target":{"tag":"button","id":null,"name":null,"type":null,"role":null,"ariaLabel":"Toggle theme","testId":null,"dataLoc":"client/src/components/Header.tsx:51","href":null,"text":"","selectorHint":"[data-loc=\"client/src/components/Header.tsx:51\"]"},"value":null}}
